mp_id,formula,bg_eV,gap_type,ehull,stable
mp-4937,,3.4515,Indirect,0.2563,Unstable
mp-10930,TbSF,1.2587,Direct,0.0,Stable
mp-10932,ErSF,1.3244,Direct,0.0,Stable
mp-3992,PrSF,1.2541,Direct,0.0,Stable
mp-5760,NdSF,1.2363,Direct,0.0,Stable
mp-554025,,4.0441,Indirect,0.2373,Unstable
mp-555850,LuSF,2.6141,Indirect,0.0,Stable
mp-504830,,2.4961,Indirect,0.4317,Unstable
mp-6560,KSO2F,3.9815,Indirect,0.0188,Stable
mp-7744,LiSO3F,5.7916,Direct,0.0,Stable
mp-1086652,BaAgSF,1.4324,Direct,0.0,Stable
mp-12444,SrCuSF,1.5126,Direct,0.0,Stable
mp-21354,EuCuSF,0.0733,Indirect,0.0077,Stable
mp-1219531,,0.9485,Indirect,0.1773,Unstable
mp-561392,TcSO6F,2.721,Indirect,0.0,Stable
mp-557035,K3SO4F,5.2302,Indirect,0.002,Stable
mp-1103970,FeSO4F,2.0446,Direct,0.0007,Stable
mp-1219612,,1.0603,Direct,0.2376,Unstable
mp-1214204,Ca5S3O12F,0.2906,Direct,0.3201,Unstable
mp-23598,,1.9334,Indirect,0.0,Stable
mp-650178,,1.4592,Indirect,0.0,Stable
mp-557001,RbSO4F,2.4788,Indirect,0.163,Unstable
mp-1223822,K3SO4F,4.9511,Indirect,0.0102,Stable
mp-1186075,Na3SO4F,5.1202,Indirect,0.02,Stable
mp-554012,,4.6493,Indirect,0.0,Stable
mp-1223363,KSO2F,4.1568,Direct,0.0241,Stable
mp-1229086,AgSO3F,2.4337,Indirect,0.0,Stable
mp-1220058,Re3S4O8F,0.0153,Indirect,1.3512,Unstable
mp-1190566,TlSO3F,4.4542,Indirect,0.0,Stable
mp-1209092,,0.2695,Indirect,0.9926,Unstable
mp-1223405,KSO3F,5.1172,Direct,0.0,Stable
mp-16801,GdSO4F,0.2226,Indirect,0.0,Stable
mp-24463,,5.4991,Indirect,0.0,Stable
mp-6368,CsSO2F,4.4107,Indirect,0.0144,Stable
mp-1222350,LiMgSO4F,5.9657,Indirect,0.0112,Stable
mp-1222389,LiFeSO4F,3.4481,Indirect,0.0092,Stable
mp-1105952,NaFeSO4F,4.1937,Indirect,0.0,Stable
mp-1189612,NaCuSO4F,0.4494,Indirect,0.0,Stable
mp-1194644,KFeSO4F,3.925,Indirect,0.0,Stable
mp-864766,NaMgSO4F,5.6118,Direct,0.0,Stable
mp-557399,KSnSO4F,3.8899,Indirect,0.0073,Stable
mp-677510,LiMgSO4F,0.8786,Indirect,0.605,Unstable
mp-942700,LiNiSO4F,4.2066,Indirect,0.0015,Stable
mp-942702,LiMnSO4F,4.1107,Indirect,0.0124,Stable
mp-23657,Na6S2ClO8F,4.7742,Indirect,0.0,Stable
mp-729140,USNO6F,0.5436,Direct,0.3688,Unstable
mp-730446,,5.7307,Direct,0.0,Stable
mp-1203440,LiZnSO4F,4.2073,Indirect,0.0,Stable
mp-556146,,2.8283,Indirect,0.1286,Unstable
mp-693393,Na13Ca7S12Cl2O48F,4.6104,Direct,0.0232,Stable
mp-695559,Na13Ca7S12Cl2O48F,4.7708,Indirect,0.0225,Stable
mp-1194067,,4.6315,Indirect,0.0,Stable
mp-1307582,,3.6397,Direct,0.0086,Stable
mp-1193859,,2.1312,Indirect,0.0066,Stable
mp-1198138,,4.0695,Indirect,0.0034,Stable
mp-746580,,0.2696,Indirect,0.1619,Unstable
mp-557227,KCa12Si4S2O26F,4.2813,Indirect,0.0008,Stable
mp-1181947,,4.2701,Direct,0.0901,Stable
mp-707774,,0.7024,Direct,0.372,Unstable
mp-1199984,,2.2123,Indirect,0.0515,Stable
mp-1222063,,1.0961,Indirect,0.037,Stable
mp-707264,,0.4797,Indirect,0.0383,Stable
mp-7580,Hg3(SF)2,1.8372,Indirect,0.0,Stable
mp-1228621,Ba2S2O3F2,2.367,Direct,0.2526,Unstable
mp-1194972,,1.9408,Indirect,0.009,Stable
mp-1202574,AgS2(O3F)2,0.1878,Direct,0.0,Stable
mp-554599,SnS2(O3F)2,4.3518,Indirect,0.0047,Stable
mp-642795,,4.5687,Indirect,0.0,Stable
mp-1191332,CsS2(O3F)2,0.3033,Indirect,0.0,Stable
mp-557531,Pb2S(O2F)2,3.7964,Direct,0.0,Stable
mp-559593,,2.5324,Indirect,0.3755,Unstable
mp-1179999,Pb10SO13F2,1.2446,Indirect,0.0365,Stable
mp-1188569,,0.8715,Indirect,0.2753,Unstable
mp-17676,Sr2SnS3F2,2.0801,Direct,0.0,Stable
mp-1235086,K2LiS2(O2F)2,0.2739,Indirect,0.1839,Unstable
mp-1236214,K2LiS2(O2F)2,0.6569,Indirect,0.2376,Unstable
mp-2232163,MgFe2S2(O4F)2,3.7741,Indirect,0.1237,Unstable
mp-2232217,MgFe2S2(O4F)2,3.6246,Indirect,0.0919,Stable
mp-2232231,MgFe2S2(O4F)2,3.6659,Indirect,0.084,Stable
mp-549237,Sr2Fe2S2OF2,1.4677,Indirect,0.0415,Stable
mp-1196656,,3.4899,Indirect,0.1158,Unstable
mp-1196465,K2ZrS2(O5F)2,0.1913,Direct,0.2101,Unstable
mp-1199269,KS2N(O2F)2,5.4444,Indirect,0.0904,Stable
mp-541750,CsS2N(O2F)2,5.5362,Indirect,0.0773,Stable
mp-559393,,5.8248,Indirect,0.1713,Unstable
mp-561001,,2.2391,Indirect,0.365,Unstable
mp-696993,,3.8681,Indirect,0.024,Stable
mp-863004,K2USO7F2,0.153,Indirect,0.1431,Unstable
mp-1227873,Ca10Si3S3(O12F)2,4.4312,Direct,0.0203,Stable
mp-559971,LiS2N(O2F)2,5.9008,Indirect,0.0956,Stable
mp-1222075,,1.3063,Indirect,1.3686,Unstable
mp-1227460,,1.6242,Indirect,1.3354,Unstable
mp-1213195,CsSbS(O2F)2,4.6564,Indirect,0.0,Stable
mp-1105944,,5.8161,Indirect,0.0769,Stable
mp-698122,,0.8905,Indirect,0.6139,Unstable
mp-1235827,K2LiS2(O2F)2,0.8359,Indirect,0.2449,Unstable
mp-1194885,Na3VS2(O4F)2,2.4277,Indirect,0.0,Stable
mp-1194982,Na3FeS2(O4F)2,2.5691,Direct,0.0,Stable
mp-1195590,Na3MnS2(O4F)2,1.418,Direct,0.0,Stable
mp-720360,Na13Ca7S12Cl(O24F)2,5.1477,Indirect,0.006,Stable
mp-558888,,4.8031,Indirect,0.2883,Unstable
mp-1203356,,3.6948,Indirect,0.1686,Unstable
mp-1105350,,4.8046,Indirect,0.4461,Unstable
mp-555146,,4.5234,Direct,0.3548,Unstable
mp-554187,,4.7744,Indirect,0.3255,Unstable
mp-643446,,5.364,Indirect,0.001,Stable
mp-16813,,1.9675,Indirect,0.1912,Unstable
mp-560021,AuS3(O3F)3,1.4998,Indirect,0.0,Stable
mp-695305,,5.9224,Indirect,0.1466,Unstable
mp-769603,LiVSO4F3,1.2039,Indirect,0.0479,Stable
mp-1190551,Na2FeSO4F3,2.0527,Direct,0.0049,Stable
mp-1181304,,1.4496,Indirect,0.3582,Unstable
mp-1200256,,3.306,Indirect,0.1579,Unstable
mp-1201933,,6.9361,Direct,0.1814,Unstable
mp-1212181,MnSN2O4F3,0.3744,Indirect,0.6857,Unstable
mp-19488,Rb2MnSO4F3,1.747,Indirect,0.0,Stable
mp-18838,K2MnSO4F3,1.5234,Indirect,0.0,Stable
mp-555625,,5.0565,Indirect,0.2092,Unstable
mp-555503,,3.634,Indirect,0.1446,Unstable
mp-636952,,6.6079,Indirect,0.1643,Unstable
mp-720860,,6.0024,Indirect,0.1167,Unstable
mp-769602,Li2VSO4F3,2.2545,Indirect,0.0907,Stable
mp-555016,,3.2494,Indirect,0.3163,Unstable
mp-557969,LiLa2S2O8F3,6.6249,Indirect,0.01,Stable
mp-560673,NaPr2S2O8F3,6.1633,Indirect,0.0,Stable
mp-554294,Na7SnS3(O4F)3,5.0262,Indirect,0.025,Stable
mp-554643,K2SbSO4F3,4.9328,Indirect,0.0,Stable
mp-1181494,,2.0947,Indirect,0.2686,Unstable
mp-560125,,3.3625,Indirect,0.1594,Unstable
mp-768092,LiVSO4F3,1.5414,Indirect,0.0589,Stable
mp-554592,,5.6075,Indirect,0.1269,Unstable
mp-559646,,5.3392,Direct,0.1335,Unstable
mp-6858,,5.7327,Indirect,0.1322,Unstable
mp-1203080,K2AlSO4F3,5.7847,Direct,0.0,Stable
mp-19304,K2MnSO4F3,1.3684,Direct,0.0009,Stable
mp-555002,LiEr2S2O8F3,6.176,Indirect,0.0142,Stable
mp-770642,Li2MnSO4F3,1.7329,Direct,0.0843,Stable
mp-1199815,SbSN2O4F3,1.1105,Indirect,0.9569,Unstable
mp-557006,Na2SbSO4F3,4.4339,Indirect,0.0,Stable
mp-672209,,5.564,Direct,0.141,Unstable
mp-1203692,,1.58,Indirect,0.0234,Stable
mp-23777,,5.8094,Indirect,0.2716,Unstable
mp-555329,,1.5162,Direct,0.2588,Unstable
mp-601228,,3.1436,Indirect,0.7248,Unstable
mp-696485,,3.4852,Indirect,0.0165,Stable
mp-605808,,3.4853,Indirect,0.3335,Unstable
mp-559423,,3.3148,Direct,0.241,Unstable
mp-1202925,,2.6963,Indirect,0.2882,Unstable
mp-1204104,,3.2777,Indirect,0.3264,Unstable
mp-28113,WSF4,3.3183,Direct,0.1419,Unstable
mp-560960,ReSF4,0.3651,Indirect,0.0063,Stable
mp-1182437,,3.6381,Indirect,0.1476,Unstable
mp-1201734,,0.4207,Indirect,0.1937,Unstable
mp-555436,,4.3527,Direct,0.1284,Unstable
mp-555888,,6.1791,Indirect,0.2112,Unstable
mp-1105132,,2.348,Indirect,0.1497,Unstable
mp-1179346,,0.2935,Direct,0.9829,Unstable
mp-1201750,,5.3274,Indirect,0.0356,Stable
mp-1214776,,2.1892,Indirect,0.1244,Unstable
mp-1199018,Ba4CrGa2(S3F2)2,2.1491,Indirect,0.0499,Stable
mp-1204819,Ba4MnIn2(S3F2)2,2.0034,Indirect,0.1535,Unstable
mp-1197784,Ba4MnGa2(S3F2)2,2.9405,Indirect,0.0,Stable
mp-849783,,2.2385,Indirect,0.0978,Stable
mp-555250,,3.1765,Indirect,0.2529,Unstable
mp-1215373,,4.5471,Indirect,0.0994,Stable
mp-1195164,,3.1191,Indirect,0.0,Stable
mp-1046702,MgCrSF5,1.2534,Indirect,0.2363,Unstable
mp-1046709,ZnCrSF5,1.2455,Indirect,0.1985,Unstable
mp-1323771,MgCrSF5,0.0512,Indirect,3.0918,Unstable
mp-559296,AsS4N4F5,1.7123,Indirect,0.2687,Unstable
mp-555255,SbSNF5,2.2156,Indirect,0.1002,Unstable
mp-555513,,2.9355,Indirect,0.3873,Unstable
mp-1216106,Y3SOF5,3.5401,Direct,0.0092,Stable
mp-1217635,Tb3SOF5,3.588,Direct,0.0054,Stable
mp-1220289,Nd3SOF5,3.4275,Direct,0.0318,Stable
mp-1224058,Ho3SOF5,3.6385,Direct,0.0102,Stable
mp-1224717,Gd3SOF5,1.9623,Indirect,0.0,Stable
mp-1225346,Dy3SOF5,3.6131,Direct,0.0063,Stable
mp-560409,,2.1438,Direct,0.1498,Unstable
mp-562018,,4.3341,Indirect,0.5163,Unstable
mp-1212674,,2.8104,Indirect,0.2302,Unstable
mp-1182745,,2.4838,Indirect,0.4684,Unstable
mp-1214114,,4.0393,Indirect,0.1989,Unstable
mp-672266,,4.0702,Indirect,0.2631,Unstable
mp-554876,,2.8314,Indirect,0.1899,Unstable
mp-707845,,0.9258,Direct,0.0621,Stable
mp-555067,,1.5258,Indirect,0.2651,Unstable
mp-975,,5.9124,Indirect,0.0,Stable
mp-8652,,5.9243,Direct,0.0003,Stable
mp-642824,,5.9606,Indirect,0.0019,Stable
mp-8560,,5.8139,Direct,0.0089,Stable
mp-1013726,Cd4SF6,2.1914,Direct,0.0266,Stable
mp-1214118,,4.0187,Indirect,0.3145,Unstable
mp-27578,As(S2F3)2,1.2407,Indirect,0.0,Stable
mp-1207067,,3.2434,Indirect,1.1791,Unstable
mp-1021492,Cd4SF6,0.7836,Direct,0.0277,Stable
mp-1214177,,4.3393,Indirect,0.5616,Unstable
mp-8500,AsS2NF6,2.608,Indirect,0.1084,Unstable
mp-560180,AsS4N5F6,2.5059,Indirect,0.3528,Unstable
mp-555288,SbS(BrF2)3,2.532,Indirect,0.0,Stable
mp-556050,,2.2575,Indirect,0.0769,Stable
mp-558466,AsS(BrF2)3,2.5087,Indirect,0.0,Stable
mp-560042,AsS3(NF3)2,1.5036,Indirect,0.1717,Unstable
mp-556837,AgAs(S8F3)2,2.765,Indirect,0.0,Stable
mp-557628,AsS(IF3)2,1.1714,Indirect,0.0,Stable
mp-559602,AgSb(S8F3)2,2.7813,Indirect,0.0,Stable
mp-555194,SiHg3(SF3)2,2.7984,Indirect,0.0,Stable
mp-555457,,4.0479,Indirect,0.0,Stable
mp-556705,AsS(ClF2)3,3.7948,Indirect,0.0,Stable
mp-2932665,Cu2Hg2SF6,0.4967,Indirect,0.0,Stable
mp-554289,AsS3(NF3)2,0.5875,Indirect,0.1838,Unstable
mp-637112,AsS7IF6,1.8307,Indirect,0.1855,Unstable
mp-1246700,Ca2Ni2SF6,3.2989,Direct,0.4363,Unstable
mp-541145,,3.0337,Direct,0.3055,Unstable
mp-683956,SbSNF6,3.3498,Indirect,0.1398,Unstable
mp-769588,Li3V2S2(O4F3)2,1.0429,Indirect,0.0725,Stable
mp-1214996,AsSeS2(NF3)2,1.5211,Indirect,0.1652,Unstable
mp-557877,,7.103,Indirect,0.2326,Unstable
mp-39536,,6.0209,Direct,0.1759,Unstable
mp-40886,,5.526,Indirect,0.179,Unstable
mp-505281,CsSbS6(O3F)6,2.6292,Indirect,0.0,Stable
mp-622197,Cs2PtS6(O3F)6,2.1952,Indirect,0.0,Stable
mp-1179614,,4.3864,Indirect,0.0,Stable
mp-555656,,0.2434,Indirect,0.1775,Unstable
mp-684804,,2.2023,Direct,0.5421,Unstable
mp-759958,,2.852,Indirect,0.124,Unstable
mp-1194943,,1.9664,Indirect,0.3104,Unstable
mp-2217781,MgSbS2NF6,2.1246,Indirect,0.3052,Unstable
mp-556154,AsSeS3N5F6,2.5393,Indirect,0.36,Unstable
mp-1200466,Rb2Sb2SO5F6,0.0423,Indirect,0.2567,Unstable
mp-1213742,Cs2Sb2SO5F6,0.3019,Direct,0.2672,Unstable
mp-695699,Te2AsS4N4(ClF2)3,0.7743,Indirect,0.3921,Unstable
mp-1200671,,3.2553,Indirect,0.1654,Unstable
mp-699429,,2.4226,Indirect,0.1608,Unstable
mp-743577,,4.3131,Indirect,0.1302,Unstable
mp-1194856,,3.9067,Indirect,0.2824,Unstable
mp-1195079,,6.1847,Indirect,0.228,Unstable
mp-1194781,,4.3372,Direct,0.4507,Unstable
mp-561321,AsSeS2N2ClF6,2.2285,Indirect,0.1462,Unstable
mp-699253,,5.5289,Indirect,0.2532,Unstable
mp-708184,,5.8948,Indirect,0.3468,Unstable
mp-1196633,,2.7103,Indirect,0.3155,Unstable
mp-573066,,5.9374,Direct,0.2162,Unstable
mp-723065,,5.8985,Indirect,0.2456,Unstable
mp-1196643,,0.0016,Indirect,0.5019,Unstable
mp-1200245,,3.3164,Direct,0.1559,Unstable
mp-1209137,,3.2855,Indirect,0.0359,Stable
mp-1238618,,3.1991,Indirect,0.04,Stable
mp-557395,,5.9655,Indirect,0.2422,Unstable
mp-6902,,6.2589,Direct,0.2241,Unstable
mp-554710,,2.6314,Indirect,0.1681,Unstable
mp-1202301,,3.2089,Direct,0.0035,Stable
mp-1204443,,3.0185,Direct,0.0,Stable
mp-556762,,4.9587,Indirect,0.2352,Unstable
mp-1197346,,5.0502,Indirect,0.0057,Stable
mp-1234900,MgS8(O5F2)4,3.0932,Indirect,0.0846,Stable
mp-1233665,MgS8(O5F2)4,2.7551,Indirect,0.1461,Unstable
mp-1219884,Pr6S3(OF4)2,2.6461,Direct,0.0,Stable
mp-1220263,Nd6S3(OF4)2,2.669,Direct,0.0266,Stable
mp-1224731,Gd6S3(OF4)2,1.5214,Indirect,0.1,Stable
mp-1234712,MgS8(O5F2)4,0.3839,Indirect,0.1783,Unstable
mp-41092,AsSClOF8,4.0322,Indirect,0.0305,Stable
mp-1198254,Ca3Al2S(OF)8,0.691,Direct,0.3398,Unstable
mp-1194939,Na12Mn3S6(O3F)8,0.5619,Indirect,0.0,Stable
mp-1214666,,0.2631,Direct,0.2373,Unstable
mp-1229176,AsSClOF8,3.8372,Indirect,0.0282,Stable
mp-1247811,,0.4187,Indirect,0.5051,Unstable
mp-695900,,4.5393,Indirect,0.1248,Unstable
mp-23872,,5.8611,Indirect,0.0011,Stable
mp-695196,AsS2N2OF9,0.3272,Indirect,0.5509,Unstable
mp-1211985,K3Zr2S(O2F3)3,0.3535,Indirect,0.1794,Unstable
mp-557900,,3.8215,Indirect,0.0508,Stable
mp-561244,,3.8312,Indirect,0.0858,Stable
mp-1212475,,0.0269,Indirect,0.8982,Unstable
mp-696994,,4.0787,Indirect,0.0024,Stable
mp-1198517,,3.0538,Indirect,0.2225,Unstable
mp-555189,,5.9665,Direct,0.1516,Unstable
mp-699914,,3.1326,Direct,0.6059,Unstable
mp-1198235,,2.7202,Direct,0.1933,Unstable
mp-540953,,5.3632,Indirect,0.1445,Unstable
mp-540955,,5.7748,Indirect,0.1463,Unstable
mp-543032,,6.0577,Indirect,0.1483,Unstable
mp-1196706,,4.9442,Indirect,0.0991,Stable
mp-1203926,,1.9685,Indirect,0.1656,Unstable
mp-1204134,Ba9In4(SF)10,2.2503,Direct,0.0284,Stable
mp-1214763,,0.6846,Direct,0.2056,Unstable
mp-727093,,0.7425,Indirect,0.6746,Unstable
mp-1193289,,4.6288,Indirect,0.0847,Stable
mp-541094,Ta2Hg3S(O2F5)2,2.4645,Indirect,0.0,Stable
mp-541093,Nb2Hg3S(O2F5)2,2.3509,Indirect,0.0,Stable
mp-554788,AsSXeNF10,2.9961,Direct,0.3,Unstable
mp-560450,Sb2SNF11,3.5694,Direct,0.0853,Stable
mp-561235,,4.6609,Indirect,0.0968,Stable
mp-558893,,4.478,Indirect,0.0855,Stable
mp-1204430,,0.544,Indirect,0.1966,Unstable
mp-1196293,,0.1027,Indirect,0.3547,Unstable
mp-723419,Sb2S19F12,1.9679,Indirect,0.0,Stable
mp-28291,Ge(SF6)2,4.9705,Indirect,0.0,Stable
mp-1200138,,1.047,Indirect,0.1362,Unstable
mp-1195784,,0.8569,Indirect,0.2106,Unstable
mp-1201031,ZnAs2S4(O2F3)4,3.2295,Indirect,0.0317,Stable
mp-1204738,FeAs2S4(O2F3)4,3.2335,Indirect,0.0967,Stable
mp-1229221,As2Se3S3(NF3)4,1.5494,Indirect,0.1476,Unstable
mp-556926,CuAs2S4(O2F3)4,0.7933,Indirect,0.0311,Stable
mp-559097,NiAs2S6(OF)12,1.627,Indirect,0.02,Stable
mp-561487,Te4As2S(OF6)2,1.2366,Indirect,0.1278,Unstable
mp-560703,Te3As2S(OF6)2,2.0331,Indirect,0.1324,Unstable
mp-562774,CoSb2S2(OF3)4,3.1386,Indirect,0.0012,Stable
mp-542064,MnAs2S2(OF3)4,1.8017,Indirect,0.0404,Stable
mp-558288,CdAs2S2(OF3)4,3.4985,Direct,0.0379,Stable
mp-706456,Te2As2SI6(OF6)2,0.08,Indirect,0.3835,Unstable
mp-557236,Te2As2Se8S(OF6)2,1.4407,Indirect,0.0,Stable
mp-709432,,6.2926,Indirect,0.1733,Unstable
mp-1197884,,2.8513,Direct,0.1387,Unstable
mp-1201845,,1.5318,Indirect,0.2204,Unstable
mp-1201380,,2.8314,Direct,0.1478,Unstable
mp-557010,CdAs2S18N12(OF2)6,2.195,Indirect,0.3012,Unstable
mp-558968,,3.0306,Indirect,0.6184,Unstable
mp-1181934,,1.5647,Direct,0.5328,Unstable
mp-554761,,6.1503,Direct,0.2505,Unstable
mp-606304,,0.3619,Indirect,0.6082,Unstable
mp-651073,,3.5406,Direct,0.2285,Unstable
mp-1201063,AsS2XeN2F13,2.793,Indirect,0.3361,Unstable
mp-560424,,3.0921,Indirect,0.2635,Unstable
mp-1228916,,5.5254,Indirect,0.0211,Stable
mp-1204693,Ba18In8(S7F6)3,2.2909,Direct,0.0074,Stable
mp-1203902,CoAs2S6(NF3)6,1.9483,Direct,0.2059,Unstable
mp-558770,NiAs2S6(NF3)6,2.435,Indirect,0.2095,Unstable
mp-1197776,FeTe3S3Cl3(OF2)9,3.0463,Indirect,0.0538,Stable
mp-650524,Sb3S2XeN(O2F9)2,1.6989,Indirect,0.1406,Unstable
mp-1195359,,5.6331,Direct,0.259,Unstable
mp-1195523,,5.6823,Direct,0.2581,Unstable
mp-1198212,,2.2331,Indirect,0.2586,Unstable
mp-1205251,,3.5495,Direct,0.508,Unstable
mp-573010,MnAs2S4(NF6)4,3.5362,Direct,0.1882,Unstable
mp-554195,Sb3As2S14(IF8)3,1.8401,Direct,0.1409,Unstable
mp-705014,,2.5717,Indirect,0.5973,Unstable
mp-559978,CuAs2S8N8(OF7)4,1.1666,Indirect,0.2436,Unstable
mp-560359,SbTe7SXeCl(OF4)9,1.5664,Indirect,0.0432,Stable
mp-581488,SbTe7SXeCl(OF4)9,1.4924,Indirect,0.0432,Stable
mp-14673,Sb9S4F39,1.7301,Direct,0.0,Stable
mp-556278,Bi6As9Se4S10(O4F13)5,2.0161,Indirect,0.0369,Stable
mp-28096,,2.8804,Indirect,0.0,Stable
mp-31263,In5S5Cl,1.2286,Indirect,0.0,Stable
mp-560901,PdSCl,0.9647,Indirect,0.0,Stable
mp-561307,DySCl,2.7618,Indirect,0.0,Stable
mp-28374,,1.4232,Indirect,0.3308,Unstable
mp-1210046,PrSCl,2.6929,Indirect,0.0262,Stable
mp-772534,LaSCl,2.5588,Indirect,0.0196,Stable
mp-1213844,CeSCl,0.1365,Direct,0.0,Stable
mp-606912,,1.9565,Indirect,0.4375,Unstable
mp-1208155,TlIn4S5Cl,1.5302,Indirect,0.0,Stable
mp-1197810,Cs6Dy21S34Cl,1.9469,Indirect,0.0,Stable
mp-1212237,Hg3S2BrCl,1.639,Indirect,0.0032,Stable
mp-23586,Hg6S4Br3Cl,1.5348,Indirect,0.0014,Stable
mp-542474,Hg3S2ICl,1.4043,Indirect,0.0139,Stable
mp-556541,InSb2S4Cl,1.5525,Indirect,0.0,Stable
mp-1213106,CuTeSCl,1.22,Indirect,0.0803,Stable
mp-555237,PrSClO4,4.7054,Direct,0.0,Stable
mp-558122,GdSClO4,1.9163,Indirect,0.0,Stable
mp-558295,,2.2843,Indirect,0.4944,Unstable
mp-559889,,2.7545,Indirect,0.3712,Unstable
mp-559820,LaSClO4,4.0939,Indirect,0.0,Stable
mp-667281,,3.4976,Direct,0.303,Unstable
mp-542133,Ce3Si2S8Cl,0.1024,Indirect,0.0,Stable
mp-556246,La3Si2S8Cl,2.6154,Direct,0.0,Stable
mp-556179,Pr3Si2S8Cl,2.7409,Indirect,0.0,Stable
mp-558667,,2.3178,Indirect,0.268,Unstable
mp-557510,Cu3TeS3Cl,0.7673,Indirect,0.0661,Stable
mp-559355,Hg3AsS4Cl,1.5138,Indirect,0.0042,Stable
mp-1226127,Cu3Bi2S4Cl,0.8113,Indirect,0.0046,Stable
mp-1193300,ReS2ClO9,2.396,Indirect,0.0,Stable
mp-985592,Li6PS5Cl,2.2955,Direct,0.0829,Stable
mp-672253,CuHgSCl,0.5616,Indirect,0.0238,Stable
mp-23567,CuHgSCl,0.57,Indirect,0.0132,Stable
mp-729158,,0.0398,Indirect,1.3927,Unstable
mp-1181082,HgSNCl,0.6272,Indirect,0.6619,Unstable
mp-1198976,Ba3GaS4Cl,3.1691,Direct,0.0,Stable
mp-555012,La6S4N3Cl,1.295,Indirect,0.0512,Stable
mp-556087,Pr6S4N3Cl,1.2595,Indirect,0.0445,Stable
mp-557049,CdSbS2Cl,1.6373,Indirect,0.0075,Stable
mp-556910,Sm3SiS6Cl,2.6328,Indirect,0.0,Stable
mp-558130,MnBiS2Cl,0.854,Indirect,0.0,Stable
mp-558844,,4.0556,Direct,0.2845,Unstable
mp-558849,CdBiS2Cl,1.916,Indirect,0.012,Stable
mp-559779,Nd3SiS6Cl,2.6289,Indirect,0.0,Stable
mp-556856,,4.1666,Indirect,0.0139,Stable
mp-1202298,K4Mo2S4ClO20,0.0626,Direct,0.6025,Unstable
mp-558745,Rb4NpS2ClO10,0.1333,Indirect,0.0,Stable
mp-553977,K4NpS2ClO10,0.1226,Indirect,0.0,Stable
mp-1194731,CsBa2SnS4Cl,2.5537,Direct,0.0,Stable
mp-1203697,CuAs7PS7Cl,1.8362,Direct,0.0018,Stable
mp-1202430,,5.3509,Direct,0.0022,Stable
mp-1197298,CuAs12P4S12Cl,2.2937,Indirect,0.0,Stable
mp-1220698,NaZr2SN2Cl,1.1212,Indirect,0.0918,Stable
mp-2240378,MgCu3TeS3Cl,0.3029,Indirect,0.2359,Unstable
mp-1201802,Ba4NaGe3S10Cl,1.8421,Indirect,0.0058,Stable
mp-726331,,0.5571,Direct,0.5777,Unstable
mp-555092,K3WS3ClO,2.7764,Direct,0.1616,Unstable
mp-1224128,K3Sn2S3ClO3,0.8936,Indirect,0.5463,Unstable
mp-1223492,Na3Pb2S3ClO12,4.2515,Indirect,0.0,Stable
mp-554279,Tl3Hg2S3ClO12,2.7629,Indirect,0.0,Stable
mp-560324,Rb3Hg2S3ClO12,2.4564,Indirect,0.0,Stable
mp-1097034,Li20Si3P3S23Cl,2.3724,Indirect,0.0355,Stable
mp-1040451,Li20Si3P3S23Cl,2.3936,Indirect,0.0353,Stable
mp-23652,Hg6S4IBr2Cl,1.8506,Direct,0.0142,Stable
mp-559882,,2.4401,Direct,0.1754,Unstable
mp-672333,,3.1395,Indirect,0.1194,Unstable
mp-1196734,,2.7072,Indirect,0.033,Stable
mp-1204384,,0.3084,Indirect,0.5528,Unstable
mp-735513,,2.6821,Indirect,0.0453,Stable
mp-849796,,3.2835,Indirect,0.0131,Stable
mp-1196696,,1.872,Indirect,0.0077,Stable
mp-680067,,2.5318,Direct,0.8971,Unstable
mp-1229293,,0.0052,Indirect,0.1169,Unstable
mp-23660,,4.3533,Direct,0.0,Stable
mp-1201712,,3.6582,Direct,0.2181,Unstable
mp-1202744,,4.0958,Indirect,0.3569,Unstable
mp-1204531,,0.0229,Indirect,0.1275,Unstable
mp-1205047,,3.46,Direct,0.1123,Unstable
mp-1205165,,0.0114,Indirect,0.0773,Stable
mp-558541,,3.4454,Indirect,0.4082,Unstable
mp-706670,,0.8977,Indirect,0.0069,Stable
mp-707816,,2.4905,Indirect,0.6177,Unstable
mp-1198652,,2.8664,Direct,0.1402,Unstable
mp-1200704,,2.8692,Direct,0.19,Unstable
mp-1201812,,2.6044,Direct,0.0431,Stable
mp-603254,,3.0168,Direct,0.0546,Stable
mp-720855,,0.4714,Indirect,0.0731,Stable
mp-1196726,,2.7848,Indirect,0.0339,Stable
mp-1199124,,5.0711,Indirect,0.0,Stable
mp-1200476,,3.0284,Indirect,0.0298,Stable
mp-1223113,,0.383,Indirect,0.6617,Unstable
mp-721059,,3.3226,Direct,0.3975,Unstable
mp-728472,,3.1831,Indirect,0.136,Unstable
mp-28128,,2.093,Indirect,0.0534,Stable
mp-27362,Nb(SCl)2,1.5102,Direct,0.0,Stable
mp-1206395,Tl2SCl2,2.134,Indirect,0.6175,Unstable
mp-554711,,2.957,Indirect,0.1606,Unstable
mp-23418,Hg3(SCl)2,1.9398,Indirect,0.0,Stable
mp-1198863,Hg3(SCl)2,1.8038,Direct,0.0055,Stable
mp-1224250,Hg3(SCl)2,0.5971,Direct,0.0763,Stable
mp-1014204,Sn5(S2Cl)2,0.8334,Direct,0.0387,Stable
mp-1215990,Zn6S5Cl2,1.5051,Indirect,0.2743,Unstable
mp-1179246,,0.9757,Direct,0.2108,Unstable
mp-29573,Sb4S5Cl2,1.943,Indirect,0.006,Stable
mp-672186,,2.3049,Direct,0.0,Stable
mp-1021494,Cd5(S2Cl)2,1.391,Indirect,0.0469,Stable
mp-560845,Cu2As4S3Cl2,1.4078,Indirect,0.0286,Stable
mp-1219905,Pr5S2N3Cl2,0.704,Indirect,0.0661,Stable
mp-555435,,1.6486,Indirect,0.2603,Unstable
mp-561329,,1.7657,Direct,0.3363,Unstable
mp-722472,,0.508,Indirect,0.583,Unstable
mp-556430,,1.9841,Direct,0.3179,Unstable
mp-559071,Ag2Bi2S3Cl2,1.6368,Indirect,0.005,Stable
mp-558979,VS2N3Cl2,0.863,Indirect,0.2712,Unstable
mp-560005,TlRe3(S2Cl)2,1.8577,Indirect,0.0,Stable
mp-1223145,La4S4Cl2O,2.7466,Direct,0.014,Stable
mp-1220227,Nd4S4Cl2O,2.8926,Indirect,0.0206,Stable
mp-1040450,Li5P(S2Cl)2,2.7793,Indirect,0.0163,Stable
mp-559847,Ag5P(S2Cl)2,1.2689,Indirect,0.0,Stable
mp-556040,CaS2(ClO3)2,4.7193,Direct,0.0,Stable
mp-559231,,1.6977,Direct,0.286,Unstable
mp-653096,,1.7076,Indirect,0.2959,Unstable
mp-1214971,Ag6Ge(S2Cl)2,0.6229,Indirect,0.011,Stable
mp-554238,CuBiSCl2,0.6432,Direct,0.037,Stable
mp-1224553,K8Cu9S8(ClO18)2,0.0467,Indirect,0.0095,Stable
mp-1201798,,4.0761,Indirect,0.0917,Stable
mp-1204852,CsMoS(ClO)2,0.3979,Indirect,0.4519,Unstable
mp-732271,,0.6355,Indirect,0.5566,Unstable
mp-1179294,,0.4776,Indirect,0.6128,Unstable
mp-1179382,,0.034,Indirect,0.4997,Unstable
mp-1227702,Ca10Si3S3(ClO12)2,4.2895,Indirect,0.0301,Stable
mp-23645,KBiS(ClO2)2,4.2054,Indirect,0.0,Stable
mp-1189153,K2HgS(ClO2)2,0.2035,Indirect,0.4578,Unstable
mp-42163,Ca10Si3S3(ClO12)2,4.4998,Indirect,0.0283,Stable
mp-23650,,2.0902,Indirect,0.338,Unstable
mp-605665,,2.2877,Indirect,0.0564,Stable
mp-1204699,,0.9189,Indirect,0.2639,Unstable
mp-1179389,,0.6685,Indirect,0.7314,Unstable
mp-1200189,,4.015,Indirect,0.1752,Unstable
mp-707208,,2.8942,Indirect,0.0554,Stable
mp-773893,,3.1101,Indirect,0.1269,Unstable
mp-1197935,,1.3071,Indirect,0.4824,Unstable
mp-766411,,2.0104,Indirect,0.0352,Stable
mp-722401,,4.1704,Indirect,0.1189,Unstable
mp-680331,,2.0705,Direct,0.1883,Unstable
mp-1202335,,4.3852,Indirect,0.1293,Unstable
mp-1204310,,2.4561,Indirect,0.1892,Unstable
mp-1200842,,3.8023,Indirect,0.0409,Stable
mp-706983,,3.0173,Indirect,0.0491,Stable
mp-1199791,,3.684,Indirect,0.1865,Unstable
mp-558736,,2.6715,Indirect,0.506,Unstable
mp-773113,,1.8784,Indirect,0.0562,Stable
mp-699261,,3.3443,Direct,0.0336,Stable
mp-1199490,,1.6434,Direct,0.0476,Stable
mp-555563,,3.8268,Direct,0.4016,Unstable
mp-698381,,2.0271,Indirect,0.4693,Unstable
mp-1227599,,3.7859,Direct,0.1302,Unstable
mp-27866,MoS2Cl3,1.4385,Indirect,0.0,Stable
mp-28064,SbS8Cl3,2.8648,Indirect,0.0,Stable
mp-676611,Bi7(S3Cl)3,0.9447,Indirect,0.17,Unstable
mp-1181100,IrS2Cl3O7,0.4761,Indirect,0.4272,Unstable
mp-1194026,IrS2Cl3O7,0.2995,Indirect,0.0541,Stable
mp-1199227,,3.5585,Direct,0.2786,Unstable
mp-555688,WS2(NCl)3,0.8792,Indirect,0.2335,Unstable
mp-557085,FeS4N4Cl3,0.8885,Direct,0.2537,Unstable
mp-557331,FeS4N4Cl3,0.9611,Indirect,0.253,Unstable
mp-669471,HgS4(NCl)3,1.9589,Indirect,0.1649,Unstable
mp-556112,,1.9912,Indirect,0.0285,Stable
mp-559256,La4S3NCl3,2.9165,Indirect,0.0,Stable
mp-558143,Pr4S3NCl3,3.0308,Indirect,0.0,Stable
mp-559514,Nd4S3NCl3,3.0831,Indirect,0.0,Stable
mp-556418,AlSCl3O2,3.9643,Indirect,0.0,Stable
mp-560328,Ag15P4S16Cl3,1.2888,Indirect,0.0,Stable
mp-559558,Cu3P8(S2Cl)3,1.8726,Indirect,0.0,Stable
mp-721012,Na13Ca7S12(ClO16)3,5.0397,Indirect,0.0153,Stable
mp-1223572,La5Ti6S3(ClO5)3,1.7769,Indirect,0.027,Stable
mp-1204034,,0.7111,Direct,0.9092,Unstable
mp-1210318,,0.6567,Indirect,0.5839,Unstable
mp-727099,,1.3077,Indirect,0.6595,Unstable
mp-759409,,0.3388,Direct,0.0572,Stable
mp-1189737,Hg2SN(ClO)3,0.0294,Indirect,0.6772,Unstable
mp-1227756,Ca2LaGeS4Cl3,2.441,Indirect,0.0117,Stable
mp-559765,KHg2S(ClO)3,2.6937,Indirect,0.0515,Stable
mp-1191992,,1.486,Indirect,0.854,Unstable
mp-722022,,0.537,Indirect,1.1798,Unstable
mp-1195210,,2.6683,Direct,0.2388,Unstable
mp-23830,,2.6565,Indirect,0.1818,Unstable
mp-1179444,,0.6019,Indirect,0.7165,Unstable
mp-1204316,,1.8301,Indirect,0.3613,Unstable
mp-738597,,2.9,Indirect,0.2423,Unstable
mp-1195191,,2.2261,Indirect,0.2486,Unstable
mp-1204771,,1.8271,Indirect,0.2867,Unstable
mp-706528,,1.4119,Indirect,0.4637,Unstable
mp-728315,,0.3419,Indirect,1.0548,Unstable
mp-572601,,3.3623,Indirect,0.1172,Unstable
mp-1209817,,0.7563,Indirect,0.5849,Unstable
mp-711343,,0.6185,Indirect,1.3192,Unstable
mp-1210452,,2.7585,Direct,0.0,Stable
mp-29051,WS9Cl4,1.2552,Direct,0.0,Stable
mp-572970,WSCl4,1.9445,Direct,0.0013,Stable
mp-640341,Mo3S7Cl4,1.6862,Indirect,0.0,Stable
mp-29880,Sm2SCl4,3.5037,Indirect,0.0,Stable
mp-865182,Gd2SCl4,1.7563,Indirect,0.0,Stable
mp-1205307,WSCl4,1.8865,Indirect,0.0059,Stable
mp-2422943,WSCl4,2.0094,Indirect,0.0009,Stable
mp-756473,WSCl4,1.9497,Indirect,0.0038,Stable
mp-979414,WSCl4,1.983,Indirect,0.0044,Stable
mp-561470,AuS5N5Cl4,1.7334,Indirect,0.3248,Unstable
mp-652180,,0.0706,Indirect,0.7804,Unstable
mp-557272,AlS2(NCl2)2,1.0462,Indirect,0.1192,Unstable
mp-1200983,Re2S(ClO2)4,2.0921,Direct,0.0,Stable
mp-1180071,Pb10S(ClO3)4,0.044,Indirect,0.0678,Stable
mp-566296,SnS8(N2Cl)4,1.6015,Direct,0.2596,Unstable
mp-1105779,ZnHg3(SCl2)2,0.0392,Indirect,0.3302,Unstable
mp-1198672,OsSeS3Cl4,1.4276,Indirect,0.0,Stable
mp-2241078,MgNb2(SCl)4,0.8791,Indirect,0.2526,Unstable
mp-558270,AlS5N5Cl4,2.3109,Indirect,0.171,Unstable
mp-559963,AlS2NCl4,2.1196,Direct,0.0401,Stable
mp-866713,ReTeSCl4,2.3274,Indirect,0.0,Stable
mp-554646,,1.9097,Indirect,0.3182,Unstable
mp-2229416,MgV2S4(N3Cl2)2,0.4755,Indirect,0.3675,Unstable
mp-677337,,0.0948,Indirect,0.2873,Unstable
mp-559061,K2Hg2SCl4O3,2.2126,Indirect,0.0325,Stable
mp-1179746,,0.4274,Indirect,1.3602,Unstable
mp-1200341,,3.9804,Direct,0.1356,Unstable
mp-1201166,,1.7119,Indirect,0.0791,Stable
mp-1203285,,2.657,Direct,0.0064,Stable
mp-1225472,GaHg3AsSCl4,2.9482,Indirect,0.0,Stable
mp-1238685,GaHg3AsSCl4,2.6601,Indirect,0.0002,Stable
mp-2229780,MgV2S4(N3Cl2)2,0.6457,Indirect,0.4018,Unstable
mp-556310,LiAlS3(Cl2O3)2,1.9832,Indirect,0.031,Stable
mp-1197904,,3.5551,Indirect,0.1219,Unstable
mp-1204634,,0.2273,Direct,0.1877,Unstable
mp-1204695,,1.0245,Indirect,0.2008,Unstable
mp-1205052,,0.2581,Indirect,1.4461,Unstable
mp-1202327,AlCu4SbPb6S2(Cl2O13)2,0.1848,Indirect,0.2309,Unstable
mp-1202543,,0.069,Indirect,0.2201,Unstable
mp-1194676,,1.6528,Indirect,0.1836,Unstable
mp-1337931,RhSCl5,1.3047,Indirect,0.0064,Stable
mp-556023,Nd3S2Cl5,3.2203,Indirect,0.0,Stable
mp-1179727,RhSCl5,1.5419,Direct,0.0,Stable
mp-30157,Dy3S2Cl5,3.4108,Indirect,0.0201,Stable
mp-657300,RhSCl5,1.5402,Indirect,0.0045,Stable
mp-1203263,SbS8N6Cl5,1.3868,Indirect,0.355,Unstable
mp-554153,SbS4N4Cl5,1.5929,Direct,0.299,Unstable
mp-554353,TiS4(NCl)5,1.4847,Indirect,0.2978,Unstable
mp-556728,TaP2S2Cl5,2.3564,Indirect,0.0,Stable
mp-558716,WSNCl5,1.0193,Indirect,0.1061,Unstable
mp-572763,TaP4(SCl)5,2.1596,Indirect,0.0072,Stable
mp-669462,,0.4743,Indirect,0.3034,Unstable
mp-679987,NbP2S2Cl5,1.705,Indirect,0.0,Stable
mp-560907,MoSeS2Cl5,2.016,Indirect,0.0,Stable
mp-573078,WSeS2Cl5,2.2845,Indirect,0.0275,Stable
mp-572707,,2.3395,Indirect,0.2086,Unstable
mp-555967,TaP4S4Cl5,1.8505,Indirect,0.0079,Stable
mp-558183,MoS2N2Cl5,0.5402,Indirect,0.1388,Unstable
mp-560192,TaP4(SCl)5,2.1827,Indirect,0.0064,Stable
mp-559716,FeS4N4Cl5,0.4905,Indirect,0.1911,Unstable
mp-1190557,Hg4BiS2Cl5,2.3713,Direct,0.0,Stable
mp-572131,SbS8Cl5O,1.5149,Indirect,0.2777,Unstable
mp-638705,FeTeS2N2Cl5,1.3164,Indirect,0.2374,Unstable
mp-556186,,4.0553,Indirect,0.1659,Unstable
mp-662720,,3.7997,Direct,0.1679,Unstable
mp-729342,Rb3Bi2S2(ClO2)5,1.1148,Indirect,0.1986,Unstable
mp-560777,K3Hg3S2Cl5O6,2.3443,Indirect,0.0457,Stable
mp-624218,,2.6243,Indirect,0.1134,Unstable
mp-722501,,1.8465,Indirect,0.1746,Unstable
mp-720928,,0.5965,Direct,0.1031,Unstable
mp-28575,W(S4Cl3)2,0.6399,Indirect,0.0,Stable
mp-28722,Pt(SCl3)2,1.8217,Indirect,0.0559,Stable
mp-559940,AlS2NCl6,1.7401,Indirect,0.0127,Stable
mp-1205421,ZrSCl6O,3.3005,Direct,0.0,Stable
mp-1213776,Cs3Re6(S4Cl3)2,0.1448,Direct,0.0138,Stable
mp-554183,ZrHg3(SCl3)2,2.5687,Direct,0.0,Stable
mp-554265,ZrSCl6O,3.2869,Indirect,0.0001,Stable
mp-560517,TiSCl6O,2.6561,Indirect,0.0208,Stable
mp-561355,TiSCl6O,2.6504,Indirect,0.022,Stable
mp-554370,TiSCl6O,2.6537,Indirect,0.0222,Stable
mp-559350,ZrS4(N2Cl3)2,1.5597,Direct,0.1689,Unstable
mp-608398,NbSNCl6,1.8326,Indirect,0.0937,Stable
mp-1208924,Ti4S24Cl6O,1.0792,Direct,0.0,Stable
mp-555056,SbS2NCl6,1.6653,Direct,0.1244,Unstable
mp-1197977,,3.6248,Direct,0.1789,Unstable
mp-1204112,,2.1793,Indirect,0.1757,Unstable
mp-866812,UTa2S6Cl6O,0.183,Indirect,0.0,Stable
mp-2239851,MgSbS2NCl6,0.764,Indirect,0.2111,Unstable
mp-2217785,MgSbS2NCl6,0.1388,Indirect,0.306,Unstable
mp-2223676,MgSbS2NCl6,0.7927,Indirect,0.2111,Unstable
mp-1200711,,2.5541,Indirect,0.2437,Unstable
mp-561214,,2.046,Direct,0.1568,Unstable
mp-1204218,,2.6062,Direct,0.1677,Unstable
mp-1198926,,1.04,Indirect,0.0568,Stable
mp-1220771,,0.09,Indirect,0.6288,Unstable
mp-29264,,1.6685,Indirect,0.0,Stable
mp-866711,FeSCl7,0.6859,Direct,0.0544,Stable
mp-555805,AlSCl7,2.4961,Direct,0.0,Stable
mp-555282,Ga2S5N5Cl7,2.519,Indirect,0.1301,Unstable
mp-585964,SbS3N2Cl7,1.8447,Indirect,0.1512,Unstable
mp-699535,MoSCl7O,1.8759,Indirect,0.164,Unstable
mp-1217392,Tl5Re6S8Cl7,2.349,Indirect,0.0015,Stable
mp-1228296,Cs5Re6S8Cl7,2.6061,Direct,0.0,Stable
mp-1227999,Cs3Re6(SCl)7,2.3721,Indirect,0.0,Stable
mp-28721,Pt(SCl4)2,1.9198,Direct,0.0,Stable
mp-2218333,MgW2(SCl4)2,0.1396,Indirect,0.2043,Unstable
mp-2218459,MgW2(SCl4)2,0.3822,Indirect,0.1743,Unstable
mp-2218594,MgW2(SCl4)2,0.5906,Indirect,0.1822,Unstable
mp-2218742,MgW2(SCl4)2,0.4474,Indirect,0.1872,Unstable
mp-1104411,Hg3Bi2(SCl4)2,2.7814,Indirect,0.0,Stable
mp-554625,SbS2NCl8,1.8257,Indirect,0.0573,Stable
mp-648140,Na2Al2S3(Cl4O3)2,2.5981,Indirect,0.0201,Stable
mp-720895,,1.3492,Direct,0.0854,Stable
mp-1209710,Pr7(S2Cl3)3,2.1879,Direct,0.015,Stable
mp-559337,Nd7(S2Cl3)3,1.2212,Indirect,0.0174,Stable
mp-28772,SbSCl9,1.6343,Direct,0.0124,Stable
mp-28103,USCl9,0.4958,Indirect,0.0137,Stable
mp-1205281,,0.1064,Indirect,1.4834,Unstable
mp-704608,,2.0977,Direct,0.2023,Unstable
mp-648469,SbP2SN3Cl10,1.8468,Indirect,0.072,Stable
mp-28211,IrS3Cl11,1.8369,Indirect,0.0,Stable
mp-555493,Re2S2NCl11,0.3737,Indirect,0.0728,Stable
mp-556726,Re2SCl12,0.7012,Indirect,0.0384,Stable
mp-624474,Ru(SCl3)4,0.0961,Direct,0.0442,Stable
mp-649080,Ti2SCl12,1.9423,Indirect,0.0161,Stable
mp-28865,Os(SCl6)2,0.0327,Indirect,0.0202,Stable
mp-1214681,,3.3273,Indirect,0.1833,Unstable
mp-653758,Ru2S4Cl13,0.0005,Indirect,0.0668,Stable
mp-706455,As4S11(N6Cl7)2,1.2323,Direct,0.2546,Unstable
mp-1196451,Ga3Sb7(S4Cl7)2,2.0643,Direct,0.0,Stable
mp-28099,,2.2489,Indirect,0.0,Stable
mp-1208299,TbSBr,2.9277,Indirect,0.0,Stable
mp-1212521,GdSBr,1.6455,Indirect,0.0846,Stable
mp-27180,NdSBr,2.6382,Indirect,0.0,Stable
mp-652046,Re3S4Br,1.6485,Indirect,0.0,Stable
mp-554769,MoSBr,0.795,Indirect,0.0172,Stable
mp-1215080,Ag12SBr,0.3945,Direct,1.7073,Unstable
mp-510347,In5S5Br,1.1149,Indirect,0.0,Stable
mp-36600,Ag3SBr,0.3977,Indirect,0.0683,Stable
mp-1207325,YbSBr,1.6791,Indirect,1.9467,Unstable
mp-1207375,ErSBr,0.0295,Indirect,1.9483,Unstable
mp-27246,LuSBr,2.9943,Direct,0.0,Stable
mp-560054,LuSBr,2.7179,Indirect,0.4012,Unstable
mp-1209341,PrSBr,2.7479,Indirect,0.0022,Stable
mp-22971,SbSBr,1.7767,Indirect,0.0,Stable
mp-23324,BiSBr,2.032,Indirect,0.0,Stable
mp-1105645,Ag3SBr,0.2964,Indirect,0.0983,Stable
mp-703875,Pr3Si2S8Br,2.6796,Indirect,0.011,Stable
mp-1078379,FeBiS2Br,0.2637,Indirect,0.2748,Unstable
mp-1206068,InBi2S4Br,1.627,Indirect,0.0027,Stable
mp-559864,InSb2S4Br,1.5308,Indirect,0.0,Stable
mp-559588,CdSbS2Br,1.5285,Indirect,0.0136,Stable
mp-561079,CdBiS2Br,1.7295,Indirect,0.0177,Stable
mp-1213133,CuTeSBr,1.2396,Indirect,0.0945,Stable
mp-557980,CuS4BrN4,0.9281,Indirect,0.357,Unstable
mp-555527,Sm3Si2S8Br,2.6145,Direct,0.0,Stable
mp-559237,Nd3Si2S8Br,2.664,Direct,0.0,Stable
mp-560523,La3Si2S8Br,2.552,Indirect,0.0,Stable
mp-1224043,In2AgS3Br,0.9666,Direct,0.0085,Stable
mp-1196166,CuP4S3Br,1.9335,Indirect,0.0005,Stable
mp-985591,Li6PS5Br,2.1394,Indirect,0.0505,Stable
mp-555267,CuHgSBr,0.51,Indirect,0.0309,Stable
mp-555645,CuHgSBr,0.5368,Direct,0.0328,Stable
mp-1195713,Ba3FeS4Br,0.4962,Indirect,0.0119,Stable
mp-1202647,La2SbS5Br,1.8641,Indirect,0.0,Stable
mp-1204726,Ba3GaS4Br,3.0328,Direct,0.0,Stable
mp-554459,Pr6S4BrN3,1.3802,Indirect,0.0,Stable
mp-559019,Nd6S4BrN3,1.399,Indirect,0.0,Stable
mp-1197719,CuAs12P4S12Br,2.2876,Indirect,0.0,Stable
mp-1238949,,3.1361,Indirect,0.0382,Stable
mp-703380,,3.5399,Indirect,0.1852,Unstable
mp-1199516,,4.4523,Indirect,0.0361,Stable
mp-1202066,,2.9647,Direct,0.0238,Stable
mp-1212907,,3.042,Indirect,0.2526,Unstable
mp-740707,,3.1406,Indirect,0.0286,Stable
mp-1200682,,3.103,Indirect,0.0236,Stable
mp-1079487,Nb(SBr)2,1.5,Indirect,0.0,Stable
mp-540792,Ge2S3Br2,2.4518,Indirect,0.0,Stable
mp-28407,,2.7573,Direct,0.0,Stable
mp-1201162,,2.0926,Indirect,0.0,Stable
mp-683875,,2.2651,Direct,0.0035,Stable
mp-28037,Mo2SBr2,0.9875,Direct,0.0,Stable
mp-1194529,SnHg2(SBr)2,2.1758,Indirect,0.1329,Unstable
mp-554096,SnHg2(SBr)2,2.3372,Direct,0.052,Stable
mp-622273,SnHg2(SBr)2,2.3956,Indirect,0.0719,Stable
mp-643460,SnHg2(SBr)2,1.929,Indirect,0.0057,Stable
mp-680334,LaSb(SBr)2,2.1637,Indirect,0.0,Stable
mp-1214970,Ag6Ge(S2Br)2,0.5586,Indirect,0.0143,Stable
mp-1179209,,0.1191,Indirect,0.7679,Unstable
mp-1328634,,0.0006,Indirect,1.9461,Unstable
mp-1228968,Ba4Ge2Pb(S4Br)2,2.0767,Indirect,0.0021,Stable
mp-1228355,Ba4SnGe2(S4Br)2,1.9955,Indirect,0.0025,Stable
mp-1104819,,0.375,Indirect,0.5042,Unstable
mp-1204117,,4.4445,Direct,0.0151,Stable
mp-1205035,,0.0292,Direct,0.2529,Unstable
mp-1201772,,2.5453,Indirect,0.3124,Unstable
mp-1205248,,2.8523,Indirect,0.1138,Unstable
mp-556327,,2.4046,Indirect,0.123,Unstable
mp-27378,,1.7302,Indirect,0.1775,Unstable
mp-1228012,Bi19(S9Br)3,1.3293,Indirect,0.0107,Stable
mp-1079481,AlSBr3,0.1479,Indirect,0.3612,Unstable
mp-863030,,2.6424,Indirect,0.0077,Stable
mp-558847,AlSBr3N,1.8744,Indirect,0.069,Stable
mp-669564,CsRe6S8Br3,1.6143,Indirect,0.0057,Stable
mp-1202203,Cu3P4(SBr)3,1.4823,Direct,0.0061,Stable
mp-1199298,,0.349,Direct,0.2163,Unstable
mp-1182632,,1.5168,Indirect,0.1927,Unstable
mp-1196552,,0.1294,Indirect,0.1706,Unstable
mp-28518,Tl6SBr4,1.8121,Direct,0.0044,Stable
mp-559911,V4S9Br4,0.6915,Indirect,0.0,Stable
mp-561582,WSBr4,1.2761,Indirect,0.0,Stable
mp-1214257,,2.6761,Direct,0.1336,Unstable
mp-1214179,,2.7805,Indirect,0.1297,Unstable
mp-2217831,MgNb2(SBr)4,1.1908,Indirect,0.1606,Unstable
mp-559900,,1.2881,Direct,0.1139,Unstable
mp-2241507,MgNb2(SBr)4,0.8101,Indirect,0.2864,Unstable
mp-731744,FeS4Br4N5,0.8111,Indirect,0.5037,Unstable
mp-2229216,MgV2S4(Br2N3)2,0.7182,Indirect,0.3708,Unstable
mp-1191291,Hg2SBr4N2O3,2.4712,Direct,0.9014,Unstable
mp-1223434,LaCeSb2(SBr)4,0.4332,Indirect,0.0107,Stable
mp-1204377,TlHg6S4Br5,2.1407,Direct,0.0097,Stable
mp-561414,K3Hg3S2Br5O6,2.0351,Indirect,0.0611,Stable
mp-555088,Nd4(SBr2)3,2.8096,Indirect,0.0189,Stable
mp-1245640,Pb4SBr6,2.2614,Indirect,0.043,Stable
mp-1207395,ZrHg3(SBr3)2,1.8586,Direct,0.0,Stable
mp-555833,Hg3As8(S4Br3)2,1.7802,Indirect,0.0,Stable
mp-1196084,NaB6S4(Br3O4)2,1.7688,Direct,0.6149,Unstable
mp-29599,Re3(SBr)7,1.3351,Direct,0.0,Stable
mp-573274,CsNb3SBr7,0.038,Indirect,0.0,Stable
mp-1182756,Cs5Tc6S8Br7,1.7601,Indirect,0.0,Stable
mp-559724,Ta4S9Br8,1.2971,Indirect,0.1319,Unstable
mp-1197449,,0.1156,Indirect,0.4824,Unstable
mp-556239,Cs5Nb2S4Br9,1.775,Indirect,0.0,Stable
mp-558099,Nb2Tl5S4Br9,1.6588,Indirect,0.0141,Stable
mp-674324,Sn7(SBr5)2,2.0136,Indirect,0.111,Unstable
mp-1211937,K3Nb6SBr17,0.5802,Indirect,0.0051,Stable
mp-1213734,Cs3Nb6SBr17,0.578,Indirect,0.0,Stable
mp-559037,Rb3Nb6SBr17,0.5826,Indirect,0.0,Stable
mp-632480,Ag3SI,0.1676,Indirect,0.0737,Stable
mp-673825,Ag3SI,0.257,Indirect,0.0848,Stable
mp-676121,Ag3SI,0.3739,Indirect,0.0739,Stable
mp-1214225,,1.6642,Indirect,0.1104,Unstable
mp-2762805,NbSI,0.5914,Indirect,0.0,Stable
mp-1211900,K3SI,1.0356,Direct,0.1631,Unstable
mp-2912506,K3SI,1.3709,Direct,0.1484,Unstable
mp-1207611,YSI,1.0647,Indirect,0.3283,Unstable
mp-1208330,TbSI,1.1186,Indirect,0.2979,Unstable
mp-1207695,TmSI,1.1277,Indirect,0.3465,Unstable
mp-1212974,ErSI,1.1142,Indirect,0.3235,Unstable
mp-1215073,Ag12SI,0.4024,Direct,1.699,Unstable
mp-675879,Ag3SI,0.3216,Direct,0.0755,Stable
mp-1018731,HoSI,2.7206,Direct,0.0,Stable
mp-28929,DySI,2.7811,Direct,0.0,Stable
mp-556135,GdSI,1.4872,Indirect,0.0,Stable
mp-674981,Ag3SI,0.2624,Indirect,0.0772,Stable
mp-1211464,LaSI,2.1752,Direct,0.0,Stable
mp-1209894,NdSI,2.0315,Direct,0.0,Stable
mp-1209328,PrSI,2.0481,Direct,0.0,Stable
mp-23041,SbSI,1.6276,Indirect,0.0,Stable
mp-23007,SbSI,0.7998,Indirect,0.2679,Unstable
mp-23514,BiSI,1.8669,Indirect,0.0028,Stable
mp-765597,,2.8262,Indirect,0.0,Stable
mp-23090,La3Si2S8I,2.507,Indirect,0.0,Stable
mp-555409,Ce3Si2S8I,0.1101,Indirect,0.0,Stable
mp-558259,Pr3Si2S8I,2.5715,Indirect,0.0,Stable
mp-560356,Sm3Si2S8I,2.5736,Direct,0.0,Stable
mp-560853,Tb3Si2S8I,2.4577,Direct,0.0156,Stable
mp-561126,Nd3Si2S8I,2.548,Direct,0.0,Stable
mp-23140,AgHgSI,1.3584,Direct,0.0,Stable
mp-766881,,2.3634,Indirect,0.0223,Stable
mp-985582,Li6PS5I,2.1923,Indirect,0.0189,Stable
mp-1214805,AsPb2S3I,1.8295,Indirect,0.0066,Stable
mp-554724,CuP4S3I,1.7314,Indirect,0.0,Stable
mp-1211176,Li6AsS5I,1.5998,Direct,0.0054,Stable
mp-849805,,4.2823,Indirect,0.0368,Stable
mp-1181731,,0.2897,Direct,0.6921,Unstable
mp-1204670,,2.2301,Indirect,0.064,Stable
mp-1238470,,2.232,Indirect,0.0577,Stable
mp-1194969,,2.9546,Indirect,0.1188,Unstable
mp-1226404,,3.0379,Indirect,0.1067,Unstable
mp-1194627,,3.0963,Indirect,0.1099,Unstable
mp-1191944,,2.3744,Indirect,0.0,Stable
mp-29492,,2.6242,Indirect,0.005,Stable
mp-27928,Ge2S3I2,2.2543,Indirect,0.0,Stable
mp-1179634,,1.6295,Indirect,0.6335,Unstable
mp-541352,,2.2588,Indirect,0.0,Stable
mp-616514,,1.4357,Indirect,0.6433,Unstable
mp-23386,Sn2SI2,1.6389,Direct,0.0,Stable
mp-608106,,1.8299,Direct,0.0184,Stable
mp-2646936,CsSbSI2,0.136,Direct,0.1201,Unstable
mp-2646986,CsSbSI2,0.1128,Indirect,0.1712,Unstable
mp-557605,Hg2Pb(SI)2,1.6317,Indirect,0.0201,Stable
mp-1200918,HgS2(IN2)2,0.0796,Direct,1.3834,Unstable
mp-554735,HgAs4(S2I)2,2.0573,Indirect,0.0044,Stable
mp-2646919,CsSbSI2,0.1339,Direct,0.1101,Unstable
mp-556866,Ag2HgSI2,1.2212,Direct,0.0,Stable
mp-2647049,CsSbSI2,0.072,Direct,0.1185,Unstable
mp-559814,Li5SbS3I2,2.7011,Direct,0.0,Stable
mp-2646928,CsSbSI2,0.1231,Indirect,0.1344,Unstable
mp-2646926,CsSbSI2,0.1458,Indirect,0.1216,Unstable
mp-1179989,,0.208,Indirect,0.8459,Unstable
mp-1202068,,0.1354,Indirect,0.7052,Unstable
mp-1196199,,3.1576,Direct,0.0631,Stable
mp-1197502,,2.6872,Direct,0.0693,Stable
mp-1204018,,3.6644,Indirect,0.0359,Stable
mp-1215087,Ag3SI3,0.28,Direct,1.1209,Unstable
mp-1227984,Bi19(S9I)3,1.2929,Direct,0.0113,Stable
mp-30934,As(S8I)3,2.0753,Indirect,0.0,Stable
mp-540656,Sb(S8I)3,2.5185,Indirect,0.0,Stable
mp-1215096,Ag3SI3,0.366,Indirect,1.1158,Unstable
mp-578882,SbPb2S2I3,1.9425,Direct,0.0273,Stable
mp-1197482,,2.1989,Indirect,0.0467,Stable
mp-559307,Cu3P4(SI)3,1.6135,Indirect,0.0059,Stable
mp-561134,Sn2SbS2I3,0.6252,Indirect,0.0889,Stable
mp-1195374,,2.3803,Indirect,0.0068,Stable
mp-24281,,2.5131,Indirect,0.1836,Unstable
mp-24279,,3.384,Indirect,0.1541,Unstable
mp-1202038,,1.8029,Direct,0.1695,Unstable
mp-1179755,Sn(S4I)4,0.3027,Direct,0.1588,Unstable
mp-557101,Sn(S4I)4,1.7979,Direct,0.0,Stable
mp-649878,Sn(S4I)4,1.0174,Direct,0.0554,Stable
mp-1219479,Sb4Se3SI4,1.3967,Indirect,0.0043,Stable
mp-1198506,,2.6151,Direct,0.0122,Stable
mp-1182270,,1.3411,Indirect,0.5072,Unstable
mp-730258,,0.626,Indirect,0.5937,Unstable
mp-1208893,Sn7(SI3)2,0.2026,Indirect,0.0783,Stable
mp-540644,Sn4SI6,1.2495,Indirect,0.0006,Stable
mp-541158,Nb3SI7,0.5787,Indirect,0.0,Stable
mp-1208574,Ta4Se8SI8,1.0721,Direct,0.0,Stable
mp-1210167,,0.0305,Indirect,0.0,Stable
mp-29172,,4.1424,Indirect,0.0,Stable
mp-696195,YSeF,2.1589,Direct,0.0124,Stable
mp-1209033,,3.1929,Direct,0.021,Stable
mp-1207668,TmSeF,1.8704,Indirect,0.0,Stable
mp-1210620,LuSeF,1.9077,Indirect,0.0418,Stable
mp-7738,LaSeF,1.7261,Direct,0.0,Stable
mp-555582,,2.862,Direct,0.295,Unstable
mp-1095263,HoSeF,2.8304,Indirect,0.0,Stable
mp-1195065,HoSeF,2.1005,Direct,0.0221,Stable
mp-27123,ErSeF,2.1822,Direct,0.0218,Stable
mp-556111,YSeF,1.5788,Indirect,0.1034,Unstable
mp-1208982,,3.2282,Indirect,0.0192,Stable
mp-1095437,LuSeO3F,3.8707,Indirect,0.0,Stable
mp-1079647,BaAgSeF,1.2693,Direct,0.0,Stable
mp-9195,BaCuSeF,1.4265,Direct,0.0,Stable
mp-555022,LuSeO3F,4.2951,Indirect,0.0389,Stable
mp-555955,LaSeO3F,3.806,Indirect,0.0,Stable
mp-557457,TmSeO3F,4.3012,Indirect,0.0,Stable
mp-558538,HoSeO3F,4.2961,Indirect,0.0009,Stable
mp-559575,AsSe(IF2)3,1.4197,Indirect,0.0,Stable
mp-9405,K3SeO4F,3.6512,Indirect,0.0069,Stable
mp-1195159,Tb2SeOF2,2.8113,Direct,0.0,Stable
mp-1195358,Ho2SeOF2,2.8658,Indirect,0.0046,Stable
mp-1194579,Dy2SeOF2,2.8498,Direct,0.0,Stable
mp-1209762,SbTe2SeF6,1.4719,Direct,0.0606,Stable
mp-558073,Sb2SeI2F11,1.4139,Indirect,0.0105,Stable
mp-557635,Sb2TeSeF10,1.5474,Direct,0.0553,Stable
mp-647549,,2.9299,Direct,0.114,Unstable
mp-1196236,K2Sb2SeO5F6,0.1897,Indirect,0.2853,Unstable
mp-1203046,,3.5314,Indirect,0.3138,Unstable
mp-1195199,VPbSeO5F,2.8394,Direct,0.0,Stable
mp-1212164,Hg3(SeF)2,1.9752,Indirect,0.0,Stable
mp-556194,SrSbSe2F,0.1201,Direct,0.0106,Stable
mp-662919,SbTe(SeF3)2,1.4471,Direct,0.197,Unstable
mp-558946,BaSbSe2F,1.3343,Indirect,0.0039,Stable
mp-651161,TeAs(SeF3)2,1.7121,Direct,0.0647,Stable
mp-555942,Er3SiSe2O10F,4.122,Indirect,0.0,Stable
mp-1193369,TiPb2Se2ClO7F,2.4534,Indirect,0.0,Stable
mp-651106,,2.2834,Direct,0.3603,Unstable
mp-710062,Pr4Se3(O5F3)2,3.6908,Indirect,0.0212,Stable
mp-23575,AsSe3(ClF2)3,1.9559,Indirect,0.0,Stable
mp-560263,Pr4Se3(O5F3)2,4.0058,Indirect,0.0,Stable
mp-1209641,Sb2Te3(SeF4)3,1.38,Direct,0.0604,Stable
mp-541146,,2.424,Direct,0.2674,Unstable
mp-541401,As2Se3(NF6)2,2.3512,Indirect,0.108,Unstable
mp-17057,Sr2SnSe3F2,1.4479,Direct,0.0113,Stable
mp-17805,Ba2SnSe3F2,2.0002,Direct,0.0,Stable
mp-1194712,Pr5Si2Se3O17F,3.9696,Indirect,0.0,Stable
mp-557606,SbAs3(Se2F3)2,1.8713,Indirect,0.0392,Stable
mp-559447,Gd3Se4O12F,2.7821,Direct,0.0,Stable
mp-561124,Ho3Se4O12F,3.7121,Indirect,0.0074,Stable
mp-1219891,Re3Se4O8F,0.0607,Indirect,1.1424,Unstable
mp-650674,TeAs(Se2F3)2,1.4762,Direct,0.0,Stable
mp-1205478,SbSe5F6,1.468,Direct,0.0,Stable
mp-667742,SbSe5F6,0.0446,Direct,0.1497,Unstable
mp-1192196,Ba7In2(Se3F4)2,1.1988,Direct,0.025,Stable
mp-23569,AsSe6IF6,1.577,Direct,0.0,Stable
mp-559000,SbSe6IF6,1.5285,Direct,0.0,Stable
mp-1216262,Y16Se16F15,0.1477,Indirect,0.191,Unstable
mp-504825,,2.1951,Indirect,0.0192,Stable
mp-568603,In5Se5Cl,0.8961,Indirect,0.0247,Stable
mp-28920,Tl5Se2Cl,0.7829,Direct,0.0,Stable
mp-580748,Re3Se4Cl,1.1641,Indirect,0.0,Stable
mp-676712,ReSeCl,1.5368,Indirect,0.0,Stable
mp-1223184,La3Se4Cl,1.2078,Direct,0.0034,Stable
mp-610491,BiSeCl,1.8404,Indirect,0.0,Stable
mp-1045211,Mo3Se2ClO8,1.3434,Indirect,0.2872,Unstable
mp-569939,AgBi2Se3Cl,0.55,Indirect,0.0041,Stable
mp-1196912,CuP4Se3Cl,1.6399,Indirect,0.0,Stable
mp-1223776,In2AgSe3Cl,0.7235,Indirect,0.0101,Stable
mp-556378,BiSeClO3,3.5272,Indirect,0.0,Stable
mp-560549,AuSeClO3,1.3674,Indirect,0.0,Stable
mp-1045028,W3Se2ClO8,0.6045,Indirect,0.6349,Unstable
mp-1204472,Y3Se2ClO8,4.2071,Indirect,0.0,Stable
mp-1205081,Ba3GaSe4Cl,2.61,Indirect,0.0096,Stable
mp-1213564,CuSeClO5,0.02,Direct,0.6206,Unstable
mp-23587,HoSeClO3,4.3572,Indirect,0.0,Stable
mp-554063,SmSeClO3,4.4293,Indirect,0.0,Stable
mp-555650,NdSeClO3,4.2031,Indirect,0.0,Stable
mp-556362,BiSeClO3,3.6197,Indirect,0.0071,Stable
mp-556551,GdSeClO3,2.993,Indirect,0.0,Stable
mp-558257,DySeClO3,4.3669,Indirect,0.0,Stable
mp-558490,Tb3Se2ClO8,4.086,Indirect,0.0,Stable
mp-1045980,AlW3Se2ClO8,1.4901,Indirect,0.3546,Unstable
mp-1045584,YMo3Se2ClO8,0.6001,Indirect,0.4555,Unstable
mp-1048499,AlSn3Se2ClO8,2.5163,Direct,0.2575,Unstable
mp-1048604,YTi3Se2ClO8,1.1446,Indirect,0.3353,Unstable
mp-1340471,AlMo3Se2ClO8,0.1385,Indirect,0.5326,Unstable
mp-1048592,YV3Se2ClO8,1.0973,Indirect,0.3969,Unstable
mp-1192990,,1.9036,Direct,0.5734,Unstable
mp-1197914,,2.6288,Indirect,0.067,Stable
mp-1045601,AlFe3Se2ClO8,2.3164,Direct,0.1623,Unstable
mp-1264957,AlCo3Se2ClO8,1.8001,Indirect,0.2032,Unstable
mp-559195,SmMnSe2ClO6,2.6978,Indirect,0.0,Stable
mp-1192566,VPb2Se2ClO8,1.5448,Indirect,0.0047,Stable
mp-1045571,AlNi3Se2ClO8,1.5065,Direct,0.1872,Unstable
mp-1048247,YSn3Se2ClO8,0.5799,Indirect,0.4419,Unstable
mp-1048555,YCo3Se2ClO8,1.668,Indirect,0.1446,Unstable
mp-1048488,YCr3Se2ClO8,2.0598,Indirect,0.1792,Unstable
mp-1048551,YNi3Se2ClO8,1.3035,Indirect,0.0505,Stable
mp-581370,YCu3Se2ClO8,0.2385,Indirect,0.0012,Stable
mp-572807,NdCu3Se2ClO8,0.0162,Indirect,0.0,Stable
mp-776636,,2.9561,Indirect,0.0083,Stable
mp-863023,,4.3352,Indirect,0.0,Stable
mp-1192921,,4.432,Indirect,0.3215,Unstable
mp-707509,,0.3301,Direct,0.0748,Stable
mp-720985,CaEr15Si8Se11ClO28,2.5753,Direct,0.0388,Stable
mp-29469,Pd(Se3Cl)2,1.149,Indirect,0.0993,Stable
mp-27851,Hg3(SeCl)2,1.7701,Indirect,0.0,Stable
mp-27361,Nb(SeCl)2,0.9934,Indirect,0.0,Stable
mp-567437,Pd(Se4Cl)2,1.3609,Indirect,0.0,Stable
mp-1105151,Co3Se4(ClO5)2,2.6502,Indirect,0.0011,Stable
mp-23144,TlRe3(Se2Cl)2,1.5063,Indirect,0.0016,Stable
mp-1218418,Sr3Se2(ClO3)2,4.2893,Indirect,0.0,Stable
mp-554805,Sr3Se3(ClO4)2,3.4263,Indirect,0.0,Stable
mp-1219635,RbBa3Ga5(Se5Cl)2,2.2064,Indirect,0.0137,Stable
mp-1223536,KBa3Ga5(Se5Cl)2,2.2139,Indirect,0.0176,Stable
mp-1181555,,0.765,Indirect,0.4297,Unstable
mp-1194403,PdPb2Se2(ClO3)2,1.456,Indirect,0.0,Stable
mp-1204801,,1.8892,Direct,0.0534,Stable
mp-553947,Sr2NiSe2(ClO3)2,3.387,Indirect,0.0,Stable
mp-557019,RbErSeCl2O3,4.3055,Indirect,0.0,Stable
mp-556414,CsTmSeCl2O3,4.3242,Indirect,0.0,Stable
mp-555160,CsYSeCl2O3,4.4011,Indirect,0.0,Stable
mp-561998,Sr2CoSe2(ClO3)2,2.1714,Indirect,0.0,Stable
mp-1209082,RbYSeCl2O3,4.313,Indirect,0.0,Stable
mp-1193551,SrCu2Se2(ClO3)2,0.2982,Indirect,0.0065,Stable
mp-571061,Nb3Se10Cl3,1.1681,Indirect,0.0,Stable
mp-570270,NbSeCl3,0.7559,Indirect,0.0,Stable
mp-571134,,1.2001,Direct,0.1843,Unstable
mp-555909,Tb5Se2Cl3O10,3.7466,Indirect,0.0,Stable
mp-1197266,Nd7Se4Cl3O17,3.7944,Indirect,0.0,Stable
mp-1200831,,4.5994,Indirect,0.0,Stable
mp-1204093,,2.9381,Indirect,0.0059,Stable
mp-1196410,NaCu5Se2Cl3O8,0.0682,Direct,0.0163,Stable
mp-1228026,CsRe2OsSe4Cl3,2.106,Indirect,0.0,Stable
mp-540675,,3.0664,Indirect,0.0,Stable
mp-667320,,2.9348,Direct,0.0138,Stable
mp-683984,Al(SeCl)4,1.1219,Indirect,0.0,Stable
mp-574529,Al(SeCl2)2,1.4066,Direct,0.0,Stable
mp-671913,MoSe2Cl4O,1.0987,Indirect,0.1665,Unstable
mp-683684,MoSe2Cl4O,1.0025,Indirect,0.0643,Stable
mp-567734,AlAs3(SeCl)4,2.1167,Direct,0.0,Stable
mp-637206,AlBiSeCl4,2.5424,Indirect,0.0,Stable
mp-866695,ReTeSeCl4,2.3069,Indirect,0.0,Stable
mp-1233222,MgAu4Se4(ClO3)4,0.966,Indirect,0.0915,Stable
mp-1234154,MgAu4Se4(ClO3)4,1.2762,Indirect,0.0553,Stable
mp-1234333,MgAu4Se4(ClO3)4,1.0606,Indirect,0.0868,Stable
mp-1234385,MgAu4Se4(ClO3)4,0.2998,Indirect,0.1084,Unstable
mp-1234732,MgAu4Se4(ClO3)4,1.054,Indirect,0.0655,Stable
mp-1234500,MgAu4Se4(ClO3)4,0.4971,Indirect,0.0419,Stable
mp-1197302,,0.6891,Direct,0.0591,Stable
mp-29124,,2.6877,Indirect,0.1637,Unstable
mp-1194941,Hg4BiSe2Cl5,2.105,Indirect,0.0,Stable
mp-569902,GaSe3N2Cl5,1.8425,Indirect,0.1588,Unstable
mp-570486,NbP2Se2Cl5,1.3286,Indirect,0.0,Stable
mp-571250,TaP2Se2Cl5,1.9078,Direct,0.0,Stable
mp-1225822,Cu5SeCl5O4,0.0677,Indirect,0.0,Stable
mp-1192701,,2.2733,Direct,0.0,Stable
mp-29420,Hf(Se2Cl3)2,1.3426,Direct,0.0,Stable
mp-28175,Pd(SeCl3)2,1.7002,Indirect,0.0,Stable
mp-27829,Rb2SeCl6,2.6051,Indirect,0.0,Stable
mp-680308,Re(Se2Cl3)2,0.1172,Direct,0.099,Stable
mp-1196619,Ir2(Se3Cl2)3,1.5989,Indirect,0.0,Stable
mp-1207516,ZrTe7SeCl6,1.0312,Direct,0.0013,Stable
mp-1212434,HfTe7SeCl6,1.0147,Direct,0.0,Stable
mp-567956,GaSe2NCl6,1.641,Direct,0.087,Stable
mp-570520,ZrHg3(SeCl3)2,2.5759,Indirect,0.0,Stable
mp-1205403,AlSeCl7,2.5979,Indirect,0.0,Stable
mp-28189,FeSeCl7,1.3187,Indirect,0.0,Stable
mp-649130,AlSeCl7,0.0541,Direct,0.1415,Unstable
mp-540615,Nb3Se5Cl7,1.0202,Indirect,0.0,Stable
mp-504937,SbSe9Cl7,1.1943,Indirect,0.0061,Stable
mp-613545,RhSe2Cl7,1.87,Indirect,0.0407,Stable
mp-1200639,Bi2Se5Cl7,1.4358,Indirect,0.0089,Stable
mp-505564,Bi2Se4Cl7,1.0179,Indirect,0.0,Stable
mp-679999,Re3(SeCl)7,1.5553,Direct,0.0,Stable
mp-570693,SbSe3N2Cl7,1.6952,Indirect,0.1758,Unstable
mp-572726,SbSeCl7O,1.9455,Direct,0.0,Stable
mp-1217182,Tl5Re6Se8Cl7,2.016,Indirect,0.0036,Stable
mp-557464,MoSeCl7O,2.4435,Indirect,0.0328,Stable
mp-1223737,KRe6Se5Cl7O3,0.1799,Indirect,0.2844,Unstable
mp-1203978,SbSe2NCl8,1.5329,Indirect,0.1222,Unstable
mp-686599,SrNd10Se12(Cl2O9)4,0.25,Direct,0.8245,Unstable
mp-1218343,SrNd10Se12(Cl2O9)4,3.833,Direct,0.0,Stable
mp-556693,Te3W2Se4(Cl4O)2,1.0677,Indirect,0.049,Stable
mp-28985,SbSeCl9,2.0148,Indirect,0.0,Stable
mp-1228808,Bi11(Se4Cl3)3,1.1266,Direct,0.0055,Stable
mp-662547,,2.2607,Indirect,0.0,Stable
mp-671888,Re(SeCl6)2,0.7896,Indirect,0.0193,Stable
mp-573340,Nb2Se17Cl12,1.3168,Indirect,0.0,Stable
mp-571313,Hf(SeCl6)2,2.799,Indirect,0.0,Stable
mp-570544,Zr(SeCl6)2,2.8159,Indirect,0.0,Stable
mp-554217,HfMo2Se8(Cl7O)2,1.1895,Direct,0.0782,Stable
mp-560057,ZrMo2Se8(Cl7O)2,1.1869,Direct,0.0669,Stable
mp-1200489,,2.4765,Indirect,0.107,Unstable
mp-607785,Rb6LiNd11Se12(Cl4O9)4,3.1133,Direct,0.0,Stable
mp-645405,Rb6LiPr11Se12(Cl4O9)4,3.0734,Direct,0.0,Stable
mp-1217613,,0.3528,Indirect,0.1491,Unstable
mp-540943,,1.7553,Indirect,0.0615,Stable
mp-570589,,1.5238,Indirect,0.0649,Stable
mp-29857,Bi3Se4Br,1.071,Indirect,0.0276,Stable
mp-29567,CuSe2Br,0.8486,Indirect,0.0,Stable
mp-28921,Tl5Se2Br,0.3854,Direct,0.0,Stable
mp-1206174,ErSeBr,0.1027,Indirect,1.8544,Unstable
mp-28741,CuSe3Br,1.0299,Indirect,0.0,Stable
mp-1209072,SbSeBr,1.4378,Indirect,0.0,Stable
mp-27199,AuSeBr,0.6303,Indirect,0.0,Stable
mp-569707,BiSeBr,1.6912,Indirect,0.0095,Stable
mp-1224081,In2CuSe3Br,0.4908,Indirect,0.0498,Stable
mp-570321,InSb2Se4Br,1.1103,Indirect,0.0009,Stable
mp-571169,InBi2Se4Br,1.2945,Indirect,0.0178,Stable
mp-1223994,In2AgSe3Br,0.2181,Indirect,0.0282,Stable
mp-567949,Hg3AsSe4Br,1.3281,Indirect,0.0037,Stable
mp-639335,MnSbSe2Br,0.1832,Indirect,0.125,Unstable
mp-567478,MnSbSe2Br,0.6252,Indirect,0.0077,Stable
mp-570590,CdBiSe2Br,1.3886,Indirect,0.029,Stable
mp-740711,,4.4945,Indirect,0.0,Stable
mp-863017,,4.0088,Indirect,0.0,Stable
mp-861891,,0.8221,Direct,0.1675,Unstable
mp-31075,Hg3(SeBr)2,1.3272,Indirect,0.0,Stable
mp-569623,Nb(SeBr)2,0.9702,Indirect,0.003,Stable
mp-1201169,,2.014,Indirect,0.0,Stable
mp-541667,Nb(SeBr)2,0.9901,Indirect,0.0004,Stable
mp-568146,Pd(Se3Br)2,0.9344,Indirect,0.0035,Stable
mp-28131,,1.5997,Indirect,0.0,Stable
mp-567556,CdSb2Se3Br2,1.1429,Indirect,0.0012,Stable
mp-1198737,CsTc3(Se2Br)2,1.0219,Indirect,0.0,Stable
mp-1202357,CsRe3(Se2Br)2,1.4231,Indirect,0.0,Stable
mp-1194412,Pb3Se2(BrO3)2,2.8329,Direct,0.0,Stable
mp-1197501,Bi6Se3(BrO7)2,3.1938,Indirect,0.0046,Stable
mp-1205460,ZnHg3Se3Br2,0.7927,Indirect,0.1645,Unstable
mp-555343,Ni5Se4(BrO6)2,2.8709,Indirect,0.0,Stable
mp-562833,Co5Se4(BrO6)2,2.528,Direct,0.0,Stable
mp-683899,Cu2P8Se3Br2,1.5045,Indirect,0.0,Stable
mp-1228759,Ba4Ge2Pb(Se4Br)2,1.3865,Indirect,0.0146,Stable
mp-567731,Nb3Se10Br3,1.247,Indirect,0.0,Stable
mp-998413,CsSeBr3,1.2544,Indirect,0.0395,Stable
mp-998299,RbSeBr3,1.2364,Indirect,0.0507,Stable
mp-23498,NbSeBr3,0.7364,Indirect,0.0,Stable
mp-679967,Nb3Se10Br3,1.2212,Indirect,0.0035,Stable
mp-29123,,1.2256,Indirect,0.2412,Unstable
mp-2014596,CsSeBr3,1.833,Indirect,0.0,Stable
mp-680446,Cu3P4Se4Br3,1.3783,Direct,0.0,Stable
mp-1200788,Cu3P8(Se2Br)3,1.3646,Indirect,0.0,Stable
mp-1214253,,2.7672,Direct,0.4003,Unstable
mp-1219630,Re6Se7Br4,1.6949,Direct,0.0,Stable
mp-1173441,Re3Se2Br5,1.727,Indirect,0.0,Stable
mp-1173580,Re3Se2Br5,0.0032,Indirect,0.2948,Unstable
mp-1202157,TlHg6Se4Br5,1.989,Direct,0.013,Stable
mp-29496,Pd(SeBr3)2,1.3249,Indirect,0.0767,Stable
mp-655489,Pb4SeBr6,1.9666,Indirect,0.0537,Stable
mp-1194813,Rh2(Se3Br2)3,1.3799,Direct,0.0,Stable
mp-1195597,Ir2(Se3Br2)3,1.5193,Indirect,0.0,Stable
mp-569970,ZrHg3(SeBr3)2,1.9368,Indirect,0.0,Stable
mp-1210250,Nb3Se5Br7,0.9682,Indirect,0.0084,Stable
mp-680015,Re3(SeBr)7,1.3216,Direct,0.0,Stable
mp-23376,GaSeBr7,2.2203,Direct,0.0237,Stable
mp-607953,FeSeBr7,0.0864,Indirect,0.0,Stable
mp-1194789,Ir(SeBr3)3,1.4534,Indirect,0.0948,Stable
mp-1195337,Ir(SeBr3)3,1.651,Direct,0.0805,Stable
mp-1192469,Ir(SeBr3)3,1.6213,Indirect,0.0746,Stable
mp-567252,Nb3Se12I,0.0832,Direct,0.0004,Stable
mp-1208533,Ta3Se12I,0.1797,Direct,0.0,Stable
mp-23410,Nb3Se12I,0.0718,Direct,0.0,Stable
mp-28393,,1.6621,Indirect,0.0,Stable
mp-23488,Tl5Se2I,0.7102,Direct,0.0,Stable
mp-2012385,NbSeI,0.6127,Indirect,0.0,Stable
mp-29450,CuSe3I,1.2273,Indirect,0.1256,Unstable
mp-2748369,Ta2Se8I,0.2872,Indirect,0.0,Stable
mp-2355707,NbSeI,0.1055,Direct,0.0,Stable
mp-1206203,YbSeI,0.007,Indirect,2.9309,Unstable
mp-1206671,LuSeI,0.0479,Indirect,2.8841,Unstable
mp-1207331,TbSeI,0.0647,Indirect,2.9858,Unstable
mp-1206751,DySeI,0.0658,Indirect,2.9702,Unstable
mp-1206385,TmSeI,0.095,Indirect,2.9088,Unstable
mp-1206872,HoSeI,0.0762,Direct,2.9642,Unstable
mp-569052,AgSe3I,1.3964,Indirect,0.0161,Stable
mp-28458,ErSeI,2.309,Direct,0.0,Stable
mp-23020,BiSeI,1.5764,Indirect,0.0128,Stable
mp-569109,MnBiSe2I,0.716,Indirect,0.0058,Stable
mp-570961,CdBiSe2I,1.2705,Indirect,0.0451,Stable
mp-1224031,In2AgSe3I,0.0308,Indirect,0.0476,Stable
mp-1198248,In2Bi3Se7I,1.1487,Direct,0.0123,Stable
mp-1202250,Cu4BiSe4I,0.0097,Direct,0.0439,Stable
mp-1202691,CuP4Se3I,1.1734,Indirect,0.0354,Stable
mp-571015,CuP4Se4I,1.7151,Direct,0.0,Stable
mp-1224181,In2CuSe3I,0.1767,Direct,0.0289,Stable
mp-1202646,,2.4681,Indirect,0.0515,Stable
mp-861871,,0.9079,Direct,0.0,Stable
mp-28089,,2.0743,Indirect,0.0,Stable
mp-653559,,1.7729,Direct,0.0183,Stable
mp-29955,Hg3(SeI)2,1.297,Indirect,0.0,Stable
mp-1204730,ThSe(IO7)2,0.6483,Indirect,0.5245,Unstable
mp-1193210,Pb3Se2(IO3)2,2.633,Indirect,0.0,Stable
mp-556570,Ag4Se(IO2)2,1.2752,Indirect,0.0185,Stable
mp-570817,Cu2P8Se3I2,1.4117,Indirect,0.0,Stable
mp-1200930,Cd3Pb2Se4(IO6)2,2.7977,Indirect,0.0062,Stable
mp-541817,NbSeI3,0.627,Indirect,0.0,Stable
mp-1214500,Cs2Re3Se4I3,2.0776,Direct,0.0,Stable
mp-1204573,Cu3P8(Se2I)3,1.3756,Indirect,0.017,Stable
mp-1203230,,2.3864,Indirect,0.0076,Stable
mp-28517,Tl6SeI4,1.6854,Direct,0.0012,Stable
mp-1219041,Sn3SbSe2I5,0.9176,Indirect,0.0695,Stable
mp-645655,TeMo3Se7I6,1.0701,Indirect,0.0,Stable
mp-29116,Ta3SeI7,0.5727,Indirect,0.0103,Stable
mp-569258,Ta4Se9I8,0.88,Indirect,0.0,Stable
mp-556938,Pr30Ti24Se58I8O25,0.1791,Direct,0.0,Stable
mp-1396578,,4.4352,Indirect,0.0005,Stable
mp-561664,,4.0186,Indirect,0.0,Stable
mp-1875,,4.3975,Direct,0.0,Stable
mp-27473,Sb2TeF14,3.9651,Direct,0.0,Stable
mp-29178,TePbF6,4.6038,Indirect,0.0,Stable
mp-29429,,2.5075,Indirect,0.3336,Unstable
mp-27379,TeAsF5,2.1908,Indirect,0.1119,Unstable
mp-554085,,4.4226,Indirect,0.2447,Unstable
mp-1204577,,3.5551,Direct,0.4632,Unstable
mp-556778,BaTeF6,4.8518,Indirect,0.0007,Stable
mp-4648,KTeF5,5.2046,Direct,0.0,Stable
mp-29355,NaTeF5,5.2511,Indirect,0.0,Stable
mp-541628,CsTeF5,4.6339,Direct,0.0,Stable
mp-556785,RbTeF5,4.8863,Indirect,0.0,Stable
mp-1091416,SrCuTeF,1.5171,Direct,0.0181,Stable
mp-1080438,SrAgTeF,1.2847,Direct,0.0,Stable
mp-13287,BaCuTeF,0.9884,Direct,0.0,Stable
mp-13339,EuCuTeF,0.7291,Indirect,0.0095,Stable
mp-16742,BaAgTeF,1.511,Direct,0.0,Stable
mp-1208401,,2.7599,Indirect,0.3266,Unstable
mp-1208586,,3.1123,Indirect,0.318,Unstable
mp-510727,InTeO3F,3.178,Indirect,0.0,Stable
mp-554532,K2TeClF5,4.488,Indirect,0.0,Stable
mp-555034,TeAs(IF2)3,1.9259,Indirect,0.0153,Stable
mp-556325,TeAs(ClF2)3,3.9746,Indirect,0.0,Stable
mp-557570,TeAs(BrF2)3,3.0984,Indirect,0.0,Stable
mp-560280,,3.3316,Indirect,0.2092,Unstable
mp-1331846,,0.0245,Indirect,2.0413,Unstable
mp-556053,,3.5902,Indirect,0.3323,Unstable
mp-559902,,2.5918,Indirect,0.4604,Unstable
mp-1192381,HgTeO3F,0.0494,Direct,0.1297,Unstable
mp-1189372,,2.724,Indirect,0.2211,Unstable
mp-612946,KTeOF3,3.9669,Indirect,0.1073,Unstable
mp-13551,ScTeO3F,3.2415,Indirect,0.0,Stable
mp-555629,SbTe(ClF2)3,3.7741,Indirect,0.0,Stable
mp-11014,K2TeOF4,4.8881,Indirect,0.0052,Stable
mp-561647,Cs2TeOF4,5.0319,Indirect,0.0,Stable
mp-1202734,,2.4536,Indirect,0.068,Stable
mp-633158,,3.5809,Indirect,0.0,Stable
mp-1204740,TeAsXeO2F11,1.478,Indirect,0.1399,Unstable
mp-669474,RbTeNO3F4,3.1862,Indirect,0.0103,Stable
mp-650943,,2.1624,Direct,0.4934,Unstable
mp-555202,,5.0324,Indirect,0.0025,Stable
mp-1179213,,3.5886,Indirect,0.1757,Unstable
mp-1200870,,2.4156,Direct,0.2331,Unstable
mp-29177,BaTe2F10,4.8686,Indirect,0.0,Stable
mp-29185,,3.3892,Indirect,0.0,Stable
mp-754462,SbTe2F6,0.9945,Indirect,0.087,Stable
mp-728416,Rb2Te2O2F7,0.5386,Indirect,0.1069,Unstable
mp-1191341,,4.6208,Indirect,0.0,Stable
mp-2228522,MgV2Te2O7F2,1.6392,Indirect,0.1854,Unstable
mp-558138,,1.5926,Indirect,0.1173,Unstable
mp-2227262,MgV2Te2O7F2,1.3893,Indirect,0.1786,Unstable
mp-558806,,2.1512,Direct,0.1816,Unstable
mp-1209223,,0.0346,Indirect,0.7751,Unstable
mp-554957,,2.0111,Indirect,0.0168,Stable
mp-554818,KTe3O6F,3.1053,Indirect,0.0,Stable
mp-1179966,,0.265,Indirect,0.4515,Unstable
mp-558675,,2.1121,Indirect,0.2026,Unstable
mp-560414,Te4Mo(OF4)5,2.9955,Indirect,0.0052,Stable
mp-1208322,,2.4973,Direct,0.0787,Stable
mp-1217532,Te4Mo(OF4)5,2.9326,Direct,0.0079,Stable
mp-558136,Te4W(OF4)5,3.0745,Indirect,0.016,Stable
mp-1233467,,1.5272,Indirect,0.1047,Unstable
mp-1233771,,2.2941,Indirect,0.1037,Unstable
mp-1234072,,1.9457,Indirect,0.1243,Unstable
mp-1235165,,0.8481,Indirect,0.0677,Stable
mp-1235761,,0.7727,Indirect,0.0848,Stable
mp-1194695,Hg2Te4Kr3(O2F13)2,2.397,Indirect,0.1779,Unstable
mp-1194957,Hg2Te4Xe3(O2F13)2,2.5668,Indirect,0.0802,Stable
mp-559834,,2.5739,Direct,0.0853,Stable
mp-27575,,2.8675,Indirect,0.002,Stable
mp-649177,ReTe5O6F25,2.1693,Indirect,0.0265,Stable
mp-560028,UTe6(OF5)6,2.2523,Indirect,0.0,Stable
mp-560802,,2.3841,Direct,0.0082,Stable
mp-540553,,2.3632,Direct,0.0081,Stable
mp-29074,Te7As2F12,1.0704,Direct,0.0897,Stable
mp-1205467,Te7OsO5F32,1.2372,Direct,0.0341,Stable
mp-649107,ReTe7O7F32,0.559,Indirect,0.0274,Stable
mp-22945,TeRhCl,0.7797,Direct,0.0,Stable
mp-1018752,LaTeCl,0.6571,Direct,0.0026,Stable
mp-1018941,PrTeCl,0.421,Direct,0.0,Stable
mp-1018818,NdTeCl,0.4133,Direct,0.0001,Stable
mp-504630,InTeCl,1.6633,Direct,0.0,Stable
mp-669345,TaTeCl9,2.7878,Direct,0.0003,Stable
mp-669348,NbTeCl9,2.2165,Direct,0.0032,Stable
mp-28938,Nb3TeCl7,0.7027,Direct,0.0,Stable
mp-28944,BiTeCl,1.5135,Indirect,0.0,Stable
mp-28330,TeAuCl7,1.5508,Indirect,0.0,Stable
mp-29713,NbTeCl9,2.1717,Indirect,0.0108,Stable
mp-571179,AlTeCl7,3.1559,Indirect,0.0012,Stable
mp-22975,Rb2TeCl6,2.6398,Indirect,0.0,Stable
mp-23465,Cs2TeCl6,2.7815,Indirect,0.0,Stable
mp-27833,Tl2TeCl6,2.5741,Indirect,0.0,Stable
mp-723393,,0.7062,Indirect,1.0781,Unstable
mp-644827,,1.8037,Direct,0.0,Stable
mp-27449,GaTeCl,2.1702,Direct,0.0,Stable
mp-1102615,CeTeCl,0.014,Indirect,0.0242,Stable
mp-557992,InTeClO3,3.0755,Indirect,0.0,Stable
mp-736257,,0.0021,Indirect,1.6149,Unstable
mp-759866,,3.0969,Indirect,0.0233,Stable
mp-1104737,MgTe(ClO)6,0.7145,Indirect,0.8447,Unstable
mp-707765,,3.3769,Indirect,0.0168,Stable
mp-1196950,TePb3Cl4O3,3.2599,Direct,0.0078,Stable
mp-950214,Cd2TeCl2O3,3.4748,Direct,0.005,Stable
mp-559379,SbTeClO3,3.1556,Indirect,0.0,Stable
mp-559805,HoTeClO3,3.8573,Indirect,0.0,Stable
mp-628665,AlBiTeCl4,2.1634,Indirect,0.0,Stable
mp-1201918,,3.2584,Direct,0.0061,Stable
mp-600198,,3.0652,Indirect,0.1067,Unstable
mp-1197714,,3.3389,Indirect,0.0063,Stable
mp-680388,ZnCuTeCl2O3,0.0001,Indirect,0.0091,Stable
mp-1197706,,0.5398,Indirect,0.4473,Unstable
mp-558504,BaZnTeCl2O3,3.793,Indirect,0.0033,Stable
mp-1235303,LiSb3TeClO6,0.3837,Indirect,0.2213,Unstable
mp-1194678,Bi2TeIClO8,2.8168,Indirect,0.0,Stable
mp-1204279,,1.7522,Direct,0.1131,Unstable
mp-1208308,,0.7074,Indirect,0.0163,Stable
mp-28176,Te2PdCl10,1.5721,Direct,0.0099,Stable
mp-30971,CuTe2Cl,0.5969,Indirect,0.0,Stable
mp-540629,Al2Te2Cl7,1.4498,Indirect,0.0027,Stable
mp-542662,Ga2Te2Cl7,1.4589,Indirect,0.0,Stable
mp-569467,Ag5Te2Cl,0.2316,Direct,0.0004,Stable
mp-27852,Hg3(TeCl)2,1.9134,Indirect,0.0,Stable
mp-1192488,Al2Te2Cl7,0.0045,Indirect,0.1977,Unstable
mp-1193877,Bi3(TeCl5)2,1.2582,Indirect,0.0,Stable
mp-623135,Bi3(TeCl5)2,1.3962,Indirect,0.0285,Stable
mp-773980,Bi3(TeCl5)2,1.2266,Indirect,0.0329,Stable
mp-540628,Al(TeCl2)2,1.3271,Direct,0.0,Stable
mp-573465,Ag5Te2Cl,0.1985,Direct,0.0,Stable
mp-554952,Te2Pb3(ClO3)2,2.5594,Direct,0.0,Stable
mp-560170,Nd5Te2Cl3O10,3.3387,Indirect,0.0,Stable
mp-545344,NdTe2ClO5,0.2552,Indirect,0.1051,Unstable
mp-550437,GdTe2ClO5,0.3767,Indirect,0.1151,Unstable
mp-554135,Te2MoCl4O,1.211,Indirect,0.1104,Unstable
mp-559874,FeTe2ClO5,2.1486,Indirect,0.0072,Stable
mp-567543,UHg3(TeCl3)2,0.2051,Indirect,0.0,Stable
mp-1192395,Hg3Bi2(TeCl4)2,3.0056,Indirect,0.0,Stable
mp-1194704,GaSb2(TeCl2)2,0.6435,Indirect,0.0061,Stable
mp-558875,HoTe2ClO5,2.9145,Direct,0.0,Stable
mp-567743,AlSb2(TeCl2)2,1.0432,Indirect,0.0,Stable
mp-581276,Cu2Te2Cl2O5,0.0749,Indirect,0.0087,Stable
mp-1193732,Te2PdPb2(ClO3)2,1.4221,Indirect,0.0043,Stable
mp-554882,DyCuTe2ClO6,0.6082,Indirect,0.0,Stable
mp-555884,ErCuTe2ClO6,0.6057,Indirect,0.0,Stable
mp-1200931,AlBi2Te2BrCl4,0.8872,Indirect,0.0176,Stable
mp-1204489,AlSb2Te2BrCl4,0.5732,Indirect,0.0,Stable
mp-1200140,,1.9208,Indirect,0.0915,Stable
mp-1201326,,2.1648,Indirect,0.0961,Stable
mp-27628,,1.3552,Indirect,0.0,Stable
mp-541868,Te3MoCl16,0.0528,Indirect,0.0014,Stable
mp-2767093,Te3MoCl16,0.4888,Indirect,0.0,Stable
mp-1212726,Ga3Te3Cl,1.3323,Indirect,0.0,Stable
mp-1224202,In2CuTe3Cl,0.6182,Direct,0.0708,Stable
mp-562912,Co6Te3(ClO6)2,2.2763,Indirect,0.0,Stable
mp-1198077,Te3WCl4O,1.1293,Direct,0.0444,Stable
mp-1201019,FeTe3ClO7,2.2711,Indirect,0.0,Stable
mp-1212325,MgTe3(ClO)6,0.3503,Indirect,0.9482,Unstable
mp-1236964,MgTe3(ClO)6,0.097,Direct,1.0775,Unstable
mp-1218587,Sr4Te3(ClO2)4,3.3574,Indirect,0.0,Stable
mp-562378,SrCo2Te3(ClO4)2,1.8677,Direct,0.0,Stable
mp-646605,SrNi2Te3(ClO4)2,3.1308,Indirect,0.0,Stable
mp-682548,,2.6571,Indirect,0.0,Stable
mp-1201099,,1.71,Indirect,0.1924,Unstable
mp-29419,Hf(Te2Cl3)2,1.2626,Indirect,0.0,Stable
mp-29114,Re3Te4Cl5,1.2693,Indirect,0.0,Stable
mp-669521,Nb3Te4ClO15,2.4392,Indirect,0.0012,Stable
mp-1191023,Bi3Te4(ClO2)5,2.4347,Indirect,0.002,Stable
mp-1195835,Ga2SbTe4Cl7,1.2309,Direct,0.0,Stable
mp-1198418,TaTe4Cl4O,1.1624,Indirect,0.0,Stable
mp-1229222,Ag10Te4BrCl,0.2208,Direct,0.0016,Stable
mp-1199992,Nb3Te4ClO15,2.3912,Direct,0.0,Stable
mp-1208669,Ta3Te4ClO15,2.5158,Direct,0.0,Stable
mp-555161,Ni5Te4(ClO6)2,3.04,Indirect,0.0015,Stable
mp-568916,K6InTe4Cl,1.9503,Direct,0.0,Stable
mp-1197627,Pu2Te4Cl2O11,0.232,Indirect,0.0191,Stable
mp-1202980,Zr2Te4Cl2O11,3.164,Indirect,0.0,Stable
mp-1204459,NbTe4Cl4O,0.849,Indirect,0.018,Stable
mp-555641,Nb2Te4Cl10O,1.19,Indirect,0.0078,Stable
mp-562327,Co5Te4Cl4O11,1.8011,Indirect,0.0,Stable
mp-1233289,MgNb2Te4Cl10O,0.0029,Indirect,0.1107,Unstable
mp-1233587,CaNb2Te4Cl10O,0.0213,Indirect,0.1054,Unstable
mp-1235057,LiNb2Te4Cl10O,0.0282,Indirect,0.0355,Stable
mp-1235324,LiNb2Te4Cl10O,0.1027,Indirect,0.0358,Stable
mp-1235201,LiNb2Te4Cl10O,0.0095,Indirect,0.0469,Stable
mp-1235510,LiNb2Te4Cl10O,0.0922,Indirect,0.0431,Stable
mp-1197762,Na2Y3Te4(ClO4)3,3.6276,Indirect,0.0,Stable
mp-1212800,,0.1149,Indirect,0.1255,Unstable
mp-1235262,LiNb2Te4Cl10O,0.1826,Indirect,0.0646,Stable
mp-558663,Ca2CuTe4(ClO5)2,0.5422,Indirect,0.0,Stable
mp-743878,,1.5179,Indirect,0.0,Stable
mp-1217748,,0.5747,Indirect,0.0254,Stable
mp-1105647,Te6IrCl3,1.1251,Indirect,0.0,Stable
mp-979264,Te6RhCl3,1.0896,Indirect,0.0,Stable
mp-31305,Hf(TeCl)6,1.0069,Indirect,0.0058,Stable
mp-31304,Zr(TeCl)6,1.0132,Indirect,0.0067,Stable
mp-27808,,3.0146,Indirect,0.0022,Stable
mp-555442,Ni7Te6(ClO9)2,2.7053,Indirect,0.0,Stable
mp-558759,Cd4Te6Cl6O13,3.3605,Indirect,0.0076,Stable
mp-645953,Fe5Te6(ClO9)2,0.0215,Indirect,0.0136,Stable
mp-703866,Bi2Te7Cl8,0.7266,Direct,0.0071,Stable
mp-1193541,Te7RhCl7,1.4006,Indirect,0.0575,Stable
mp-1193756,Te7IrCl7,1.4044,Indirect,0.0477,Stable
mp-30097,Bi2Te7Cl8,0.8311,Indirect,0.0,Stable
mp-697593,Te7WCl5O,0.6448,Indirect,0.0303,Stable
mp-1173616,Nd5Te7WCl3O23,2.654,Direct,0.0,Stable
mp-1173622,Pr5Te7MoCl3O23,2.6886,Direct,0.0,Stable
mp-1173624,Nd5Te7MoCl3O23,2.6333,Direct,0.0,Stable
mp-1173612,Pr5Te7WCl3O23,2.6893,Direct,0.0,Stable
mp-1191663,Te8RuCl2,0.1776,Indirect,0.1017,Unstable
mp-624000,Re(Te4Cl3)2,0.2049,Indirect,0.1334,Unstable
mp-29499,Re3Te8Cl3,0.9398,Indirect,0.0,Stable
mp-29708,Hf(Te4Cl3)2,0.9155,Direct,0.0046,Stable
mp-1197560,Ga8Sb7Te8Cl29,1.4761,Indirect,0.0017,Stable
mp-1203106,Ga7Sb7(Te4Cl13)2,1.4002,Direct,0.0,Stable
mp-1220960,NaAl6Sb7(TeCl3)8,1.4673,Indirect,0.0004,Stable
mp-1225073,Ga6AgSb7(TeCl3)8,1.4202,Indirect,0.0,Stable
mp-1195918,NaGa6Sb7(TeCl3)8,1.4941,Indirect,0.0,Stable
mp-1200510,NaAl6Sb7(TeCl3)8,1.4978,Indirect,0.0,Stable
mp-1203469,In2Te9RuCl8,1.3095,Direct,0.0253,Stable
mp-1217517,Te15Mo2(Cl6O)2,0.1323,Direct,0.0768,Stable
mp-557285,Ho11Te16ClO48,2.8672,Indirect,0.0,Stable
mp-27648,,0.6563,Indirect,0.0,Stable
mp-31036,CuTe2Br,0.7461,Indirect,0.0,Stable
mp-1188637,Tl5Te2Br,0.2368,Direct,0.0016,Stable
mp-1198669,La3Te4Br,0.0537,Direct,0.0,Stable
mp-1212594,In3Te3Br,1.3042,Direct,0.0,Stable
mp-1212718,Ga3Te3Br,1.3147,Indirect,0.0,Stable
mp-1214871,Al3Te3Br,1.8972,Direct,0.1551,Unstable
mp-1215016,Ag5Te2Br,0.2079,Direct,0.0008,Stable
mp-568778,CuTeBr,0.8012,Indirect,0.0,Stable
mp-556060,NdTeBrO3,0.3427,Indirect,0.0956,Stable
mp-557410,NdTe2BrO5,1.9685,Indirect,0.0139,Stable
mp-554007,FeTe2BrO5,1.8634,Indirect,0.0118,Stable
mp-571177,Hg3Te2IBr,1.2572,Indirect,0.0109,Stable
mp-559895,ErCuTe2BrO6,0.5857,Indirect,0.0034,Stable
mp-863764,,0.6717,Direct,0.1378,Unstable
mp-1193128,Te2Pb3(BrO3)2,2.5124,Direct,0.0,Stable
mp-581171,Co5Te4(BrO6)2,2.2652,Indirect,0.0085,Stable
mp-1202377,Zr2Te4Br2O11,2.8298,Indirect,0.0,Stable
mp-1197646,Ba6Te10Br2O25,3.0197,Direct,0.0,Stable
mp-687088,Co2TeBr2O3,2.4162,Indirect,0.0667,Stable
mp-1198919,Ba3Te3(BrO4)2,3.2962,Indirect,0.0,Stable
mp-1106129,Bi4Te2Br2O9,1.8311,Direct,0.0456,Stable
mp-555814,Sr2Cu2Te(BrO3)2,0.0091,Direct,0.0238,Stable
mp-1199575,Ba2Cu2Te4Br2O11,0.4324,Indirect,0.0,Stable
mp-561705,ZnCoTeBr2O3,2.6795,Indirect,0.0953,Stable
mp-570125,Hg2TeBr3,1.8821,Indirect,0.0,Stable
mp-622262,Te6MoBr3,1.1825,Indirect,0.0428,Stable
mp-568386,Ag10Te4Br3,0.9637,Indirect,0.0021,Stable
mp-1208424,,2.5242,Indirect,0.0,Stable
mp-29127,Bi(TeBr2)2,1.0593,Indirect,0.0281,Stable
mp-638749,Te3(PdBr)4,0.7702,Indirect,0.0,Stable
mp-662556,Re(TeBr2)2,1.9421,Indirect,0.0,Stable
mp-1227641,Bi10Te2Br4O17,1.0231,Indirect,0.0372,Stable
mp-1233562,MgTe4Pb6(BrO3)4,1.9302,Indirect,0.1446,Unstable
mp-1234074,MgTe4Pb6(BrO3)4,0.4121,Indirect,0.1445,Unstable
mp-1234529,MgTe4Pb6(BrO3)4,0.5878,Indirect,0.1993,Unstable
mp-28671,ZrTe2Br5,1.1062,Indirect,0.0,Stable
mp-542131,UTe4Br5,0.094,Indirect,0.0724,Stable
mp-555275,NbTe7Br5O,0.5461,Indirect,0.027,Stable
mp-1198792,Te7WBr5O,0.5302,Indirect,0.0595,Stable
mp-23411,K2TeBr6,2.1407,Indirect,0.0103,Stable
mp-31076,Tl2TeBr6,2.1632,Indirect,0.0,Stable
mp-22963,K2TeBr6,2.336,Indirect,0.0,Stable
mp-569830,Te2PdBr6,1.3274,Indirect,0.0423,Stable
mp-29427,Ta(TeBr3)2,1.1942,Indirect,0.0055,Stable
mp-23505,K2TeBr6,1.9579,Indirect,0.0232,Stable
mp-1196489,,0.3281,Direct,1.1055,Unstable
mp-570324,Rb2TeBr6,2.101,Indirect,0.0,Stable
mp-740696,,2.1486,Indirect,0.0,Stable
mp-639164,Co7Te4(BrO2)6,2.2401,Indirect,0.0,Stable
mp-1221809,Na2Te(BrO)6,0.6776,Indirect,0.4476,Unstable
mp-540998,FeTeBr7,1.0553,Indirect,0.0,Stable
mp-570186,Ga2Te2Br7,1.0077,Indirect,0.0,Stable
mp-623087,Re3(TeBr)7,1.1924,Indirect,0.0066,Stable
mp-1193453,Te7IrBr7,1.307,Indirect,0.0493,Stable
mp-1198778,Te6RuBr8,1.4039,Direct,0.0488,Stable
mp-541134,TeAuBr8,0.8075,Indirect,0.3279,Unstable
mp-560333,Ta2Te4Br10O,1.0323,Indirect,0.002,Stable
mp-1233008,LiTa2Te4Br10O,0.3052,Indirect,0.0513,Stable
mp-1233394,MgTa2Te4Br10O,0.9381,Indirect,0.0929,Stable
mp-1235131,LiTa2Te4Br10O,0.3071,Indirect,0.0335,Stable
mp-1235409,LiTa2Te4Br10O,0.2835,Indirect,0.0464,Stable
mp-1235353,LiTa2Te4Br10O,0.2672,Indirect,0.0336,Stable
mp-1235788,LiTa2Te4Br10O,0.2706,Indirect,0.0361,Stable
mp-1236376,LiTa2Te4Br10O,0.2446,Indirect,0.0478,Stable
mp-1236401,LiTa2Te4Br10O,0.3088,Indirect,0.0479,Stable
mp-1236727,LiTa2Te4Br10O,0.2246,Indirect,0.0366,Stable
mp-28672,Zr2TeBr12,2.4195,Indirect,0.0,Stable
mp-1217490,Te15W2(Br6O)2,0.3609,Direct,0.0729,Stable
mp-1217500,,2.419,Indirect,0.0111,Stable
mp-1195449,Rb7Nd11Te12(Br4O9)4,3.1077,Direct,0.0,Stable
mp-569766,,0.7871,Indirect,0.0,Stable
mp-27655,,0.6558,Direct,0.0,Stable
mp-28051,SbTeI,0.8429,Indirect,0.0034,Stable
mp-27741,TeAuI,1.1214,Indirect,0.0,Stable
mp-28745,Nb2Te6I,0.716,Indirect,0.0,Stable
mp-29234,InTeI,1.7076,Direct,0.0,Stable
mp-505088,NbTe4I,0.5477,Direct,0.0,Stable
mp-22965,BiTeI,1.2325,Indirect,0.0,Stable
mp-23435,Bi2TeI,0.1682,Indirect,0.0388,Stable
mp-570431,AgTe3I,1.0025,Indirect,0.1757,Unstable
mp-28608,Ga3Te3I,1.2591,Indirect,0.0,Stable
mp-28693,Al3Te3I,2.1166,Indirect,0.1545,Unstable
mp-616327,In3Te3I,1.1004,Indirect,0.0,Stable
mp-541032,Te7As5I,0.3352,Indirect,0.0288,Stable
mp-1224032,In2CuTe3I,1.0658,Indirect,0.0569,Stable
mp-1194196,,0.6393,Indirect,0.5062,Unstable
mp-1196231,KTeIO9,0.1183,Indirect,0.443,Unstable
mp-1198395,KTeIO9,0.0454,Indirect,0.4707,Unstable
mp-1223909,In2AgTe3I,0.4591,Direct,0.024,Stable
mp-862773,,0.7359,Direct,0.0686,Stable
mp-2213515,TePdI2,0.1112,Indirect,0.022,Stable
mp-28579,Hg3(TeI)2,1.4667,Direct,0.0,Stable
mp-573321,TePdI2,0.515,Indirect,0.008,Stable
mp-1217461,Te4As2I2O,0.7676,Indirect,0.2162,Unstable
mp-540924,NbTeI3,0.4578,Indirect,0.0,Stable
mp-1205361,Te6RhI3,1.0601,Direct,0.0613,Stable
mp-1204668,Na2Lu3Te4(IO4)3,2.2596,Indirect,0.0,Stable
mp-1217312,,0.1278,Indirect,0.102,Unstable
mp-651155,,1.7649,Indirect,0.0025,Stable
mp-567914,,1.5019,Indirect,0.0069,Stable
mp-567269,,1.8804,Indirect,0.0021,Stable
mp-570884,,1.8563,Direct,0.0,Stable
mp-558408,Nb4Te9I4O,0.2498,Indirect,0.0065,Stable
mp-582657,Ti4Te9I4O,0.3963,Indirect,0.0,Stable
mp-680836,Ta4Te9I4O,0.3919,Indirect,0.0209,Stable
mp-1193838,Te8IrI5,1.1657,Indirect,0.0411,Stable
mp-1217700,,0.5858,Indirect,0.9315,Unstable
mp-31077,Tl2TeI6,1.6844,Indirect,0.0,Stable
mp-1192722,Te7RuI6,1.0014,Indirect,0.0496,Stable
mp-570873,Nb(Te2I3)2,0.7654,Indirect,0.0896,Stable
mp-540957,Cs2TeI6,1.3877,Indirect,0.0,Stable
mp-1179109,,0.6506,Indirect,1.6119,Unstable
mp-1180390,MgTe(IO)6,0.2471,Indirect,0.5823,Unstable
mp-29117,Ta3TeI7,0.5502,Indirect,0.0062,Stable
mp-28464,Re3(TeI)7,0.8463,Indirect,0.0,Stable
mp-29541,GaTeI7,1.5853,Indirect,0.0,Stable
mp-29407,AlTeI7,1.8846,Indirect,0.0,Stable
mp-505260,Te10Mo3I10,1.1881,Indirect,0.048,Stable
mp-675194,Te21(Mo3I11)2,0.1656,Indirect,0.3486,Unstable
