mp-1206456,0.0000,2,1.7375
mp-1206470,0.0000,2,1.7500
mp-1206628,0.0000,2,1.7205
mp-1206833,0.0000,2,1.9631
mp-1207254,0.0000,2,1.9850
mp-1207260,0.0000,2,2.1815
mp-1207264,0.0000,2,1.7294
mp-1207269,0.0000,2,1.9934
mp-1207299,0.0000,2,1.7504
mp-10086,1.3132,0,0.0000
mp-10930,1.2587,0,0.0000
mp-10931,1.2996,0,0.0000
mp-10932,1.3244,0,0.0000
mp-3799,0.0000,2,0.0000
mp-3992,1.2541,0,0.0000
mp-3931,1.2297,0,0.0000
mp-4973,0.0000,2,0.0000
mp-5394,1.4881,0,0.0000
mp-5760,1.2363,0,0.0000
mp-555850,2.6141,1,0.0000
mp-1207509,0.0000,2,0.0000
mp-3632,2.5593,1,0.0265
mp-1013939,0.0000,2,0.1905
mp-560222,5.3459,1,0.0000
mp-6384,4.1099,1,0.0118
mp-6560,3.9815,1,0.0188
mp-1225522,0.4717,1,0.0526
mp-7744,5.7916,0,0.0000
mp-1208929,0.0000,2,1.2942
mp-1078631,0.8544,0,0.0087
mp-1078562,1.2533,0,0.0072
mp-1080650,1.6223,0,0.0040
mp-1086652,1.4324,0,0.0000
mp-12444,1.5126,0,0.0000
mp-21354,0.0733,1,0.0077
mp-561392,2.7210,1,0.0000
mp-622195,5.1645,0,0.0000
mp-557035,5.2302,1,0.0020
mp-1103970,2.0446,0,0.0007
mp-1220908,5.0584,1,0.0000
mp-1214204,0.2906,0,0.3201
mp-1104492,2.0927,0,0.0103
mp-557001,2.4788,1,0.1630
mp-1223822,4.9511,1,0.0102
mp-1186075,5.1202,1,0.0200
mp-547029,2.2518,1,0.3319
mp-989388,0.0000,2,0.4716
mp-989521,0.0000,2,0.4596
mp-1223363,4.1568,0,0.0241
mp-1229086,2.4337,1,0.0000
mp-1220058,0.0153,1,1.3512
mp-1190566,4.4542,1,0.0000
mp-1219578,5.1068,0,0.0000
mp-1223405,5.1172,0,0.0000
mp-16801,0.2226,1,0.0000
mp-17769,5.8517,1,0.0069
mp-6368,4.4107,1,0.0144
mp-1222350,5.9657,1,0.0112
mp-1222389,3.4481,1,0.0092
mp-1223274,0.0000,2,0.0471
mp-1223105,0.0000,2,0.0132
mp-1105952,4.1937,1,0.0000
mp-1189154,4.2143,1,0.0049
mp-1189612,0.4494,1,0.0000
mp-1194644,3.9250,1,0.0000
mp-1195676,0.4309,1,0.0000
mp-1205341,2.1368,1,0.0000
mp-864766,5.6118,0,0.0000
mp-557399,3.8899,1,0.0073
mp-677510,0.8786,1,0.6050
mp-942700,4.2066,1,0.0015
mp-942701,0.0000,2,0.0073
mp-942702,4.1107,1,0.0124
mp-943492,1.3691,0,0.0066
mp-23657,4.7742,1,0.0000
mp-560102,2.2159,0,0.0000
mp-729140,0.5436,0,0.3688
mp-1203440,4.2073,1,0.0000
mp-693393,4.6104,0,0.0232
mp-695559,4.7708,1,0.0225
mp-557227,4.2813,1,0.0008
mp-7580,1.8372,1,0.0000
mp-1228621,2.3670,0,0.2526
mp-1202574,0.1878,0,0.0000
mp-554599,4.3518,1,0.0047
mp-1191332,0.3033,1,0.0000
mp-557531,3.7964,0,0.0000
mp-1179999,1.2446,1,0.0365
mp-17676,2.0801,0,0.0000
mp-17918,2.4412,0,0.0000
mp-1235086,0.2739,1,0.1839
mp-1235337,0.0000,2,0.2335
mp-1235206,1.0342,1,0.1887
mp-1235506,0.9722,1,0.1929
mp-1235317,1.0414,1,0.2071
mp-1236214,0.6569,1,0.2376
mp-1236687,1.0017,1,0.1966
mp-2232163,3.7741,1,0.1237
mp-2232217,3.6246,1,0.0919
mp-2232231,3.6659,1,0.0840
mp-551403,1.8181,1,0.0264
mp-549237,1.4677,1,0.0415
mp-1196019,5.5093,0,0.0855
mp-1196465,0.1913,0,0.2101
mp-1199269,5.4444,1,0.0904
mp-1201634,5.3421,1,0.0895
mp-541750,5.5362,1,0.0773
mp-863004,0.1530,1,0.1431
mp-1227873,4.4312,0,0.0203
mp-559971,5.9008,1,0.0956
mp-2232096,3.8031,0,0.0539
mp-1213195,4.6564,1,0.0000
mp-554732,4.6867,1,0.0000
mp-1235067,0.0000,2,0.2481
mp-1236147,0.8435,1,0.2425
mp-1235827,0.8359,1,0.2449
mp-1194885,2.4277,1,0.0000
mp-1194982,2.5691,0,0.0000
mp-1195590,1.4180,0,0.0000
mp-652068,5.6585,0,0.0908
mp-720360,5.1477,1,0.0060
mp-27717,2.4626,1,0.0703
mp-560021,1.4998,1,0.0000
mp-769377,1.8907,0,0.0584
mp-768093,0.9792,1,0.0672
mp-1225708,1.7451,0,0.0487
mp-769603,1.2039,1,0.0479
mp-1190551,2.0527,0,0.0049
mp-1199926,0.0000,2,0.0000
mp-1212181,0.3744,1,0.6857
mp-19488,1.7470,1,0.0000
mp-18838,1.5234,1,0.0000
mp-769602,2.2545,1,0.0907
mp-557969,6.6249,1,0.0100
mp-560673,6.1633,1,0.0000
mp-554294,5.0262,1,0.0250
mp-554643,4.9328,1,0.0000
mp-769153,4.4629,1,0.0745
mp-1191673,5.7662,1,0.0000
mp-768092,1.5414,1,0.0589
mp-532575,5.2445,1,0.0020
mp-1203080,5.7847,0,0.0000
mp-19304,1.3684,0,0.0009
mp-555002,6.1760,1,0.0142
mp-770642,1.7329,0,0.0843
mp-1199815,1.1105,1,0.9569
mp-557006,4.4339,1,0.0000
mp-769601,1.4013,1,0.0562
mp-1080739,0.0000,2,0.0000
mp-1205247,2.8691,0,0.1439
mp-28113,3.3183,0,0.1419
mp-560960,0.3651,1,0.0063
mp-1218416,0.0000,2,0.0088
mp-1201018,0.0000,2,0.0000
mp-557161,1.2306,0,0.1462
mp-554285,4.9473,1,0.0008
mp-1194736,1.7777,0,0.0000
mp-679630,3.8160,1,0.5561
mp-1199018,2.1491,1,0.0499
mp-1204862,2.4483,0,0.1546
mp-1204819,2.0034,1,0.1535
mp-1197784,2.9405,1,0.0000
mp-28555,4.7124,0,0.0000
mp-1046702,1.2534,1,0.2363
mp-1046709,1.2455,1,0.1985
mp-1046747,0.2898,1,0.3790
mp-1323771,0.0512,1,3.0918
mp-559296,1.7123,1,0.2687
mp-555255,2.2156,1,0.1002
mp-558254,1.9200,1,0.2686
mp-560066,3.4487,1,0.0362
mp-1369435,0.0000,2,0.0687
mp-1216106,3.5401,0,0.0092
mp-1217635,3.5880,0,0.0054
mp-1220289,3.4275,0,0.0318
mp-1219205,3.5041,0,0.0008
mp-1224058,3.6385,0,0.0102
mp-1224717,1.9623,1,0.0000
mp-1225346,3.6131,0,0.0063
mp-1023371,0.0000,2,2.8154
mp-1013726,2.1914,0,0.0266
mp-27578,1.2407,1,0.0000
mp-1021490,2.6861,1,0.0438
mp-1021492,0.7836,0,0.0277
mp-1013750,2.5945,0,0.0446
mp-12368,2.6713,0,0.0961
mp-8500,2.6080,1,0.1084
mp-560180,2.5059,1,0.3528
mp-555288,2.5320,1,0.0000
mp-558466,2.5087,1,0.0000
mp-560042,1.5036,1,0.1717
mp-556837,2.7650,1,0.0000
mp-557628,1.1714,1,0.0000
mp-558583,1.8088,0,0.3660
mp-559602,2.7813,1,0.0000
mp-555194,2.7984,1,0.0000
mp-555408,2.0126,0,0.1996
mp-556705,3.7948,1,0.0000
mp-560639,2.6548,1,0.0012
mp-23112,0.0000,2,0.1037
mp-2932665,0.4967,1,0.0000
mp-554289,0.5875,1,0.1838
mp-637112,1.8307,1,0.1855
mp-1246700,3.2989,0,0.4363
mp-18626,0.0000,2,0.0000
mp-17745,0.0000,2,0.0000
mp-6820,0.0000,2,0.0172
mp-560107,2.4223,1,0.0458
mp-683956,3.3498,1,0.1398
mp-769588,1.0429,1,0.0725
mp-2217837,0.6807,1,0.4120
mp-1199019,2.5554,1,0.0000
mp-1214996,1.5211,1,0.1652
mp-557904,1.5584,1,0.1303
mp-557470,0.0000,2,0.0000
mp-560986,1.5718,1,0.1295
mp-505281,2.6292,1,0.0000
mp-622197,2.1952,1,0.0000
mp-680169,4.9055,0,0.0000
mp-2217781,2.1246,1,0.3052
mp-556154,2.5393,1,0.3600
mp-769600,1.1574,1,0.0553
mp-1200466,0.0423,1,0.2567
mp-1213742,0.3019,0,0.2672
mp-1209560,0.0000,2,1.0132
mp-695699,0.7743,1,0.3921
mp-560589,2.2159,0,0.1040
mp-561321,2.2285,1,0.1462
mp-1196797,1.8455,1,0.4817
mp-649756,1.8836,0,0.2635
mp-1197121,3.4888,1,0.0435
mp-1234900,3.0932,1,0.0846
mp-1233665,2.7551,1,0.1461
mp-1219884,2.6461,0,0.0000
mp-1220263,2.6690,0,0.0266
mp-1223425,2.6035,0,0.0000
mp-1224731,1.5214,1,0.1000
mp-1234712,0.3839,1,0.1783
mp-41092,4.0322,1,0.0305
mp-1198254,0.6910,0,0.3398
mp-1194939,0.5619,1,0.0000
mp-1342613,0.0000,2,5.3169
mp-1229176,3.8372,1,0.0282
mp-603276,0.0000,2,0.0066
mp-556515,3.9591,0,0.0466
mp-695196,0.3272,1,0.5509
mp-1211985,0.3535,1,0.1794
mp-560077,2.2156,1,0.0422
mp-556406,4.5450,1,0.0402
mp-1204134,2.2503,0,0.0284
mp-1203746,2.5478,1,0.2850
mp-541094,2.4645,1,0.0000
mp-541093,2.3509,1,0.0000
mp-554788,2.9961,0,0.3000
mp-560450,3.5694,0,0.0853
mp-723419,1.9679,1,0.0000
mp-28291,4.9705,1,0.0000
mp-662789,2.0842,0,0.0868
mp-541204,2.2041,1,0.1068
mp-1006611,0.0000,2,0.9499
mp-1247820,0.5332,1,0.5360
mp-1198499,2.5374,1,0.0656
mp-1201031,3.2295,1,0.0317
mp-1204738,3.2335,1,0.0967
mp-1229221,1.5494,1,0.1476
mp-556926,0.7933,1,0.0311
mp-559097,1.6270,1,0.0200
mp-555121,3.5869,1,0.0517
mp-561487,1.2366,1,0.1278
mp-651154,0.0000,2,0.1697
mp-560703,2.0331,1,0.1324
mp-562774,3.1386,1,0.0012
mp-542064,1.8017,1,0.0404
mp-558288,3.4985,0,0.0379
mp-541335,2.2799,1,0.1120
mp-557791,1.2491,1,0.1236
mp-1101144,0.1269,1,0.3312
mp-706456,0.0800,1,0.3835
mp-557236,1.4407,1,0.0000
mp-557010,2.1950,1,0.3012
mp-1201063,2.7930,1,0.3361
mp-560084,3.0622,1,0.1952
mp-1204693,2.2909,0,0.0074
mp-1203902,1.9483,0,0.2059
mp-558770,2.4350,1,0.2095
mp-1197776,3.0463,1,0.0538
mp-650524,1.6989,1,0.1406
mp-573010,3.5362,0,0.1882
mp-554195,1.8401,0,0.1409
mp-559978,1.1666,1,0.2436
mp-555028,0.8025,1,0.1354
mp-560359,1.5664,1,0.0432
mp-581488,1.4924,1,0.0432
mp-14673,1.7301,0,0.0000
mp-556278,2.0161,1,0.0369
mp-1147671,0.0000,2,0.0668
mp-31263,1.2286,1,0.0000
mp-30099,1.1221,1,0.0204
mp-560901,0.9647,1,0.0000
mp-561307,2.7618,1,0.0000
mp-653579,1.6748,1,0.0000
mp-1210546,0.8894,1,0.0214
mp-1210046,2.6929,1,0.0262
mp-772534,2.5588,1,0.0196
mp-1013900,0.0000,2,0.0096
mp-27616,2.9329,0,0.0000
mp-1213844,0.1365,0,0.0000
mp-23318,1.9636,1,0.0000
mp-1208155,1.5302,1,0.0000
mp-558368,0.7834,1,0.0098
mp-1197810,1.9469,1,0.0000
mp-1199243,1.9586,1,0.0000
mp-1212237,1.6390,1,0.0032
mp-23586,1.5348,1,0.0014
mp-542474,1.4043,1,0.0139
mp-556541,1.5525,1,0.0000
mp-559521,1.5805,1,0.0000
mp-680728,0.0000,2,0.0921
mp-1182041,0.0000,2,0.6385
mp-1213106,1.2200,1,0.0803
mp-555237,4.7054,0,0.0000
mp-558122,1.9163,1,0.0000
mp-559820,4.0939,1,0.0000
mp-1205371,2.8257,1,0.0130
mp-542133,0.1024,1,0.0000
mp-556246,2.6154,0,0.0000
mp-556179,2.7409,1,0.0000
mp-557510,0.7673,1,0.0661
mp-1224076,1.0880,0,0.0000
mp-1210484,0.0000,2,0.0857
mp-559355,1.5138,1,0.0042
mp-1226127,0.8113,1,0.0046
mp-1193300,2.3960,1,0.0000
mp-985592,2.2955,0,0.0829
mp-1226363,0.0000,2,0.0000
mp-1219229,1.8437,1,0.0280
mp-672253,0.5616,1,0.0238
mp-23567,0.5700,1,0.0132
mp-558199,1.6696,0,0.0042
mp-1181082,0.6272,1,0.6619
mp-1198976,3.1691,0,0.0000
mp-555012,1.2950,1,0.0512
mp-555844,0.0000,2,0.0066
mp-556087,1.2595,1,0.0445
mp-557049,1.6373,1,0.0075
mp-557029,1.5036,1,0.4396
mp-556910,2.6328,1,0.0000
mp-558130,0.8540,1,0.0000
mp-558849,1.9160,1,0.0120
mp-559779,2.6289,1,0.0000
mp-561469,1.2529,1,0.0283
mp-677013,4.1483,1,0.0006
mp-1202298,0.0626,0,0.6025
mp-558745,0.1333,1,0.0000
mp-553977,0.1226,1,0.0000
mp-1194731,2.5537,0,0.0000
mp-1203697,1.8362,0,0.0018
mp-23146,4.3633,1,0.0000
mp-559540,4.5467,1,0.0000
mp-679669,1.9293,1,0.0767
mp-1215129,0.0000,2,0.6902
mp-1197298,2.2937,1,0.0000
mp-1220698,1.1212,1,0.0918
mp-2240378,0.3029,1,0.2359
mp-1201802,1.8421,1,0.0058
mp-1211928,0.0000,2,0.2466
mp-532767,0.0000,2,0.0873
mp-555092,2.7764,0,0.1616
mp-561299,1.8290,1,0.0106
mp-555595,0.0000,2,0.0125
mp-1224128,0.8936,1,0.5463
mp-1223492,4.2515,1,0.0000
mp-42091,3.9145,1,0.0056
mp-554279,2.7629,1,0.0000
mp-560324,2.4564,1,0.0000
mp-1097034,2.3724,1,0.0355
mp-1040451,2.3936,1,0.0353
mp-1097035,2.3076,1,0.0305
mp-1192535,0.0000,2,0.9407
mp-1196906,0.6526,1,1.0998
mp-23652,1.8506,0,0.0142
mp-2240084,0.0000,2,0.2803
mp-560773,5.1595,0,0.0117
mp-653840,0.0000,2,0.0000
mp-27362,1.5102,0,0.0000
mp-1206395,2.1340,1,0.6175
mp-23418,1.9398,1,0.0000
mp-1013760,1.1857,1,0.0873
mp-1198863,1.8038,0,0.0055
mp-1224250,0.5971,0,0.0763
mp-1014204,0.8334,0,0.0387
mp-1215990,1.5051,1,0.2743
mp-29573,1.9430,1,0.0060
mp-1013730,1.9571,1,0.0677
mp-1021494,1.3910,1,0.0469
mp-560845,1.4078,1,0.0286
mp-1219905,0.7040,1,0.0661
mp-1147535,0.0000,2,0.3640
mp-1147576,0.0000,2,0.3243
mp-1147578,0.0000,2,0.2441
mp-1147581,0.0000,2,0.0479
mp-1147601,0.0000,2,0.2751
mp-1147579,0.0000,2,0.1049
mp-1203568,1.8109,1,0.0000
mp-1194018,0.1610,1,0.6330
mp-559071,1.6368,1,0.0050
mp-558979,0.8630,1,0.2712
mp-559033,0.8105,1,0.2754
mp-560005,1.8577,1,0.0000
mp-726564,0.0000,2,0.3537
mp-1223145,2.7466,0,0.0140
mp-1220227,2.8926,1,0.0206
mp-1227009,0.0000,2,0.0370
mp-1040450,2.7793,1,0.0163
mp-559847,1.2689,1,0.0000
mp-556040,4.7193,0,0.0000
mp-1214971,0.6229,1,0.0110
mp-653586,0.2488,1,0.3099
mp-556094,1.0752,0,0.0000
mp-554238,0.6432,0,0.0370
mp-1190453,2.1611,1,0.0000
mp-1224553,0.0467,1,0.0095
mp-1204181,0.0000,2,1.1808
mp-1183030,0.0853,0,0.9203
mp-557645,5.1579,1,0.0151
mp-1202858,2.1278,0,0.0000
mp-1204852,0.3979,1,0.4519
mp-1227702,4.2895,1,0.0301
mp-23645,4.2054,1,0.0000
mp-1189153,0.2035,1,0.4578
mp-42163,4.4998,1,0.0283
mp-695095,3.9740,1,0.0450
mp-1198427,0.5038,1,1.2056
mp-560601,0.7310,1,0.0000
mp-572902,0.1059,0,0.0271
mp-1229204,0.8687,0,0.0070
mp-675345,1.4488,1,0.0638
mp-27866,1.4385,1,0.0000
mp-28064,2.8648,1,0.0000
mp-676611,0.9447,1,0.1700
mp-1209339,0.0000,2,0.0299
mp-1181100,0.4761,1,0.4272
mp-1194026,0.2995,1,0.0541
mp-1214856,2.4413,1,0.0853
mp-555688,0.8792,1,0.2335
mp-557085,0.8885,0,0.2537
mp-557331,0.9611,1,0.2530
mp-669471,1.9589,1,0.1649
mp-1191097,0.0000,2,0.0038
mp-559256,2.9165,1,0.0000
mp-558143,3.0308,1,0.0000
mp-559514,3.0831,1,0.0000
mp-556418,3.9643,1,0.0000
mp-560328,1.2888,1,0.0000
mp-1212663,5.0754,0,0.0372
mp-559558,1.8726,1,0.0000
mp-1173865,3.8486,0,0.0799
mp-1229155,1.5994,1,0.0000
mp-721012,5.0397,1,0.0153
mp-1223572,1.7769,1,0.0270
mp-690978,1.7566,1,0.0273
mp-1189737,0.0294,1,0.6772
mp-1227756,2.4410,1,0.0117
mp-559765,2.6937,1,0.0515
mp-1223192,4.3510,0,0.0120
mp-29051,1.2552,0,0.0000
mp-28242,1.7994,0,0.0157
mp-572970,1.9445,0,0.0013
mp-640341,1.6862,1,0.0000
mp-1182355,1.1898,1,0.1309
mp-29880,3.5037,1,0.0000
mp-865182,1.7563,1,0.0000
mp-1205307,1.8865,1,0.0059
mp-2017401,2.1759,0,0.0036
mp-2017348,2.2983,0,0.0078
mp-2422943,2.0094,1,0.0009
mp-27475,1.9734,1,0.0011
mp-756473,1.9497,1,0.0038
mp-979414,1.9830,1,0.0044
mp-558360,2.2534,1,0.0000
mp-561470,1.7334,1,0.3248
mp-1181548,0.0000,2,0.3414
mp-672345,0.0000,2,0.3548
mp-1191374,0.8916,1,0.1669
mp-1203609,0.4962,1,0.2372
mp-556297,1.3014,0,0.1221
mp-557272,1.0462,1,0.1192
mp-560840,2.0362,1,0.2278
mp-614997,2.1230,1,0.0471
mp-1200983,2.0921,0,0.0000
mp-1180071,0.0440,1,0.0678
mp-557484,2.0317,1,0.1112
mp-566296,1.6015,0,0.2596
mp-1105779,0.0392,1,0.3302
mp-1198672,1.4276,1,0.0000
mp-2217903,0.9003,1,0.2306
mp-2241078,0.8791,1,0.2526
mp-558270,2.3109,1,0.1710
mp-559963,2.1196,0,0.0401
mp-560637,2.3285,1,0.1738
mp-2234083,1.1116,1,0.2411
mp-561350,2.8305,1,0.0000
mp-866713,2.3274,1,0.0000
mp-1224205,2.3966,1,0.1459
mp-2229527,0.0000,2,0.3931
mp-2229444,0.1962,1,0.3179
mp-2229416,0.4755,1,0.3675
mp-2228916,0.0000,2,0.3909
mp-1191290,2.7911,1,0.8974
mp-559061,2.2126,1,0.0325
mp-1181321,0.0000,2,0.9707
mp-555090,4.6504,1,0.0091
mp-1225472,2.9482,1,0.0000
mp-1238685,2.6601,1,0.0002
mp-2229780,0.6457,1,0.4018
mp-556310,1.9832,1,0.0310
mp-560423,4.6462,1,0.0000
mp-1204262,0.0000,2,0.2079
mp-1202327,0.1848,1,0.2309
mp-1337931,1.3047,1,0.0064
mp-28192,1.7772,1,0.0000
mp-556023,3.2203,1,0.0000
mp-1179727,1.5419,0,0.0000
mp-30157,3.4108,1,0.0201
mp-657300,1.5402,1,0.0045
mp-559738,1.8036,0,0.1367
mp-1203263,1.3868,1,0.3550
mp-554079,1.3789,1,0.0924
mp-554153,1.5929,0,0.2990
mp-554353,1.4847,1,0.2978
mp-556728,2.3564,1,0.0000
mp-558716,1.0193,1,0.1061
mp-561020,1.6067,1,0.0043
mp-572763,2.1596,1,0.0072
mp-679987,1.7050,1,0.0000
mp-560907,2.0160,1,0.0000
mp-573078,2.2845,1,0.0275
mp-1196151,1.4549,1,0.0000
mp-1208658,1.7349,1,0.0022
mp-555967,1.8505,1,0.0079
mp-557016,2.2644,1,0.0069
mp-558183,0.5402,1,0.1388
mp-560192,2.1827,1,0.0064
mp-559716,0.4905,1,0.1911
mp-561160,1.1910,1,0.0002
mp-1190557,2.3713,0,0.0000
mp-572131,1.5149,1,0.2777
mp-556831,2.2488,1,0.1734
mp-638705,1.3164,1,0.2374
mp-729342,1.1148,1,0.1986
mp-560777,2.3443,1,0.0457
mp-28174,1.7553,1,0.0000
mp-28575,0.6399,1,0.0000
mp-28722,1.8217,1,0.0559
mp-559940,1.7401,1,0.0127
mp-1205421,3.3005,0,0.0000
mp-1213776,0.1448,0,0.0138
mp-554183,2.5687,0,0.0000
mp-554265,3.2869,1,0.0001
mp-557792,3.2563,1,0.0000
mp-560517,2.6561,1,0.0208
mp-561355,2.6504,1,0.0220
mp-558135,1.5970,1,0.0000
mp-554370,2.6537,1,0.0222
mp-559350,1.5597,0,0.1689
mp-608398,1.8326,1,0.0937
mp-661715,0.0000,2,1.3660
mp-989517,0.0000,2,0.0644
mp-989518,0.0000,2,0.0679
mp-989587,0.0000,2,0.1113
mp-647878,1.7915,1,0.2878
mp-1208924,1.0792,0,0.0000
mp-555056,1.6653,0,0.1244
mp-1200783,1.7539,1,0.5651
mp-1196966,1.5094,1,0.5758
mp-866812,0.1830,1,0.0000
mp-1201123,1.7797,1,0.5303
mp-2239851,0.7640,1,0.2111
mp-2217785,0.1388,1,0.3060
mp-2223676,0.7927,1,0.2111
mp-556587,1.8191,0,0.0000
mp-649334,1.4278,1,0.0000
mp-866711,0.6859,0,0.0544
mp-680059,1.6865,1,0.0000
mp-555805,2.4961,0,0.0000
mp-555282,2.5190,1,0.1301
mp-585964,1.8447,1,0.1512
mp-699535,1.8759,1,0.1640
mp-1217392,2.3490,1,0.0015
mp-1228296,2.6061,0,0.0000
mp-554511,1.5236,1,0.0157
mp-1227999,2.3721,1,0.0000
mp-560884,2.8827,1,0.0000
mp-28721,1.9198,0,0.0000
mp-29568,1.8602,1,0.0000
mp-2218333,0.1396,1,0.2043
mp-2218459,0.3822,1,0.1743
mp-2218594,0.5906,1,0.1822
mp-2218742,0.4474,1,0.1872
mp-1104411,2.7814,1,0.0000
mp-554625,1.8257,1,0.0573
mp-559303,0.5156,0,0.0755
mp-1220410,0.1225,1,0.1220
mp-648140,2.5981,1,0.0201
mp-1195160,1.2722,0,0.0060
mp-1194539,1.9032,0,0.0000
mp-1105330,0.0000,2,0.0000
mp-557809,1.7743,0,0.0000
mp-1209710,2.1879,0,0.0150
mp-559337,1.2212,1,0.0174
mp-28772,1.6343,0,0.0124
mp-28103,0.4958,1,0.0137
mp-1188245,0.0000,2,1.1673
mp-555900,1.6183,1,0.0020
mp-621112,1.7925,1,0.0000
mp-648469,1.8468,1,0.0720
mp-28211,1.8369,1,0.0000
mp-555493,0.3737,1,0.0728
mp-556726,0.7012,1,0.0384
mp-624474,0.0961,0,0.0442
mp-649080,1.9423,1,0.0161
mp-28865,0.0327,1,0.0202
mp-2230438,0.5763,1,0.1484
mp-2230365,0.6648,1,0.1278
mp-653758,0.0005,1,0.0668
mp-706455,1.2323,0,0.2546
mp-1196451,2.0643,0,0.0000
mp-1212273,0.0220,1,0.3346
mp-721815,0.0000,2,0.0878
mp-1208299,2.9277,1,0.0000
mp-1208844,2.9463,1,0.0000
mp-1209293,2.8424,1,0.0000
mp-1212521,1.6455,1,0.0846
mp-27180,2.6382,1,0.0000
mp-652046,1.6485,1,0.0000
mp-29231,0.0000,2,0.0280
mp-1209893,0.0000,2,0.0259
mp-554769,0.7950,1,0.0172
mp-1215080,0.3945,0,1.7073
mp-510347,1.1149,1,0.0000
mp-1103194,1.7634,1,0.0020
mp-36600,0.3977,1,0.0683
mp-1207325,1.6791,1,1.9467
mp-1207375,0.0295,1,1.9483
mp-27246,2.9943,0,0.0000
mp-22998,0.0000,2,0.0000
mp-28928,2.8776,0,0.0000
mp-560054,2.7179,1,0.4012
mp-1229116,0.3987,1,0.0637
mp-1209341,2.7479,1,0.0022
mp-1211452,2.7908,1,0.0000
mp-1213818,0.0000,2,0.0272
mp-22971,1.7767,1,0.0000
mp-23324,2.0320,1,0.0000
mp-1105645,0.2964,1,0.0983
mp-1229151,0.5666,1,0.0653
mp-703875,2.6796,1,0.0110
mp-1078379,0.2637,1,0.2748
mp-1206068,1.6270,1,0.0027
mp-554061,0.6737,0,0.0138
mp-557805,0.7358,0,0.0001
mp-559864,1.5308,1,0.0000
mp-559588,1.5285,1,0.0136
mp-561079,1.7295,1,0.0177
mp-1213133,1.2396,1,0.0945
mp-557980,0.9281,1,0.3570
mp-1194050,0.0000,2,0.0769
mp-555527,2.6145,0,0.0000
mp-559237,2.6640,0,0.0000
mp-560523,2.5520,1,0.0000
mp-560468,2.6881,0,0.0000
mp-669378,0.0883,1,0.0000
mp-1224043,0.9666,0,0.0085
mp-555074,1.5415,1,0.0017
mp-1225964,0.8068,1,0.0081
mp-1196166,1.9335,1,0.0005
mp-985591,2.1394,1,0.0505
mp-1229171,0.5861,1,0.0811
mp-555267,0.5100,1,0.0309
mp-560067,1.2604,1,0.0000
mp-554879,0.4492,1,0.0288
mp-555645,0.5368,0,0.0328
mp-1195713,0.4962,1,0.0119
mp-1202647,1.8641,1,0.0000
mp-1204726,3.0328,0,0.0000
mp-554459,1.3802,1,0.0000
mp-559019,1.3990,1,0.0000
mp-559994,1.4091,1,0.0000
mp-629511,0.0000,2,0.0000
mp-680421,0.0000,2,0.0000
mp-1197804,1.7400,1,0.0000
mp-1188137,0.0000,2,0.3000
mp-554627,0.8184,0,0.0015
mp-1199707,0.0000,2,0.5745
mp-1198103,1.8225,0,0.0000
mp-1197719,2.2876,1,0.0000
mp-1223297,0.3095,1,0.0354
mp-1224197,0.8789,1,0.5993
mp-676501,3.4126,1,0.0108
mp-1079264,1.4107,1,0.0008
mp-29096,1.4870,1,0.0000
mp-559832,1.6090,1,0.0015
mp-1079487,1.5000,1,0.0000
mp-540792,2.4518,1,0.0000
mp-28037,0.9875,0,0.0000
mp-1147540,0.0000,2,0.2801
mp-1147542,0.0000,2,0.0129
mp-1194529,2.1758,1,0.1329
mp-1226093,0.0000,2,0.0538
mp-554096,2.3372,0,0.0520
mp-622294,2.2960,1,0.0917
mp-622273,2.3956,1,0.0719
mp-643460,1.9290,1,0.0057
mp-683890,1.8417,1,0.0000
mp-680334,2.1637,1,0.0000
mp-680417,0.0000,2,0.0202
mp-555484,0.7769,1,0.2175
mp-1214970,0.5586,1,0.0143
mp-1228968,2.0767,1,0.0021
mp-1228355,1.9955,1,0.0025
mp-1228012,1.3293,1,0.0107
mp-1079481,0.1479,1,0.3612
mp-1209349,0.0000,2,0.0275
mp-558847,1.8744,1,0.0690
mp-669564,1.6143,1,0.0057
mp-1224301,0.0000,2,0.1156
mp-1202203,1.4823,0,0.0061
mp-28518,1.8121,0,0.0044
mp-559911,0.6915,1,0.0000
mp-561582,1.2761,1,0.0000
mp-2217831,1.1908,1,0.1606
mp-2240954,0.6305,1,0.2838
mp-2241507,0.8101,1,0.2864
mp-1193765,0.0000,2,0.6117
mp-731744,0.8111,1,0.5037
mp-2229216,0.7182,1,0.3708
mp-1191291,2.4712,0,0.9014
mp-1223434,0.4332,1,0.0107
mp-2229658,0.6042,1,0.3680
mp-2229921,0.4932,1,0.3699
mp-28297,2.8500,1,0.0202
mp-1204377,2.1407,0,0.0097
mp-561414,2.0351,1,0.0611
mp-555088,2.8096,1,0.0189
mp-1245640,2.2614,1,0.0430
mp-1207395,1.8586,0,0.0000
mp-555833,1.7802,1,0.0000
mp-556341,1.4006,1,0.0000
mp-1196084,1.7688,0,0.6149
mp-29057,0.7444,0,0.0000
mp-29599,1.3351,0,0.0000
mp-31015,0.8133,1,0.0049
mp-573274,0.0380,1,0.0000
mp-1182756,1.7601,1,0.0000
mp-559724,1.2971,1,0.1319
mp-556239,1.7750,1,0.0000
mp-558099,1.6588,1,0.0141
mp-674324,2.0136,1,0.1110
mp-1180384,0.1464,1,0.2742
mp-1211937,0.5802,1,0.0051
mp-1213734,0.5780,1,0.0000
mp-559037,0.5826,1,0.0000
mp-680340,0.3199,1,0.2523
mp-1197248,0.0000,2,0.7045
mp-632480,0.1676,1,0.0737
mp-673825,0.2570,1,0.0848
mp-676121,0.3739,1,0.0739
mp-685999,0.0000,2,0.2730
mp-22995,0.5478,1,0.0668
mp-676561,0.3330,1,0.0776
mp-2762805,0.5914,1,0.0000
mp-541073,2.4395,1,0.0000
mp-1211900,1.0356,0,0.1631
mp-2912506,1.3709,0,0.1484
mp-1080544,0.0000,2,0.5026
mp-1207611,1.0647,1,0.3283
mp-1208330,1.1186,1,0.2979
mp-1207695,1.1277,1,0.3465
mp-1212974,1.1142,1,0.3235
mp-1210823,1.1589,1,0.3525
mp-1062795,0.0000,2,0.6646
mp-1209965,0.0000,2,0.0112
mp-1210554,0.9080,1,0.0229
mp-1215073,0.4024,0,1.6990
mp-558189,0.6243,1,0.1164
mp-1095595,1.6628,1,0.0025
mp-675879,0.3216,0,0.0755
mp-1173025,0.3398,1,0.0867
mp-1018731,2.7206,0,0.0000
mp-28929,2.7811,0,0.0000
mp-556135,1.4872,1,0.0000
mp-674981,0.2624,1,0.0772
mp-1211464,2.1752,0,0.0000
mp-1209894,2.0315,0,0.0000
mp-1209328,2.0481,0,0.0000
mp-680698,0.0000,2,0.0360
mp-23041,1.6276,1,0.0000
mp-23007,0.7998,1,0.2679
mp-23514,1.8669,1,0.0028
mp-973217,1.5064,1,0.0200
mp-1181832,0.0000,2,0.1063
mp-1222482,1.5398,0,0.0000
mp-1147584,0.0000,2,0.5532
mp-729448,0.0000,2,0.0482
mp-23090,2.5070,1,0.0000
mp-555409,0.1101,1,0.0000
mp-558259,2.5715,1,0.0000
mp-560356,2.5736,0,0.0000
mp-560853,2.4577,0,0.0156
mp-561126,2.5480,0,0.0000
mp-23140,1.3584,0,0.0000
mp-985582,2.1923,1,0.0189
mp-542426,0.4529,0,0.0210
mp-558446,1.1391,1,0.0011
mp-1214805,1.8295,1,0.0066
mp-554724,1.7314,1,0.0000
mp-1105564,0.0000,2,0.0000
mp-1211176,1.5998,0,0.0054
mp-950995,2.5333,0,0.0021
mp-1223524,0.3400,1,0.0013
mp-1197963,2.4325,0,0.0000
mp-1247930,0.0000,2,0.1669
mp-675987,0.0000,2,0.1832
mp-1205799,0.0000,2,0.1212
mp-1207211,1.5577,1,0.5770
mp-27928,2.2543,1,0.0000
mp-1173335,0.0000,2,0.2673
mp-1173327,0.0000,2,0.2682
mp-23386,1.6389,0,0.0000
mp-29956,1.3129,1,0.0000
mp-2646936,0.1360,0,0.1201
mp-2646986,0.1128,1,0.1712
mp-557605,1.6317,1,0.0201
mp-1200918,0.0796,0,1.3834
mp-554735,2.0573,1,0.0044
mp-2646919,0.1339,0,0.1101
mp-1220146,0.0000,2,0.0000
mp-1216409,0.6008,0,0.3000
mp-556866,1.2212,0,0.0000
mp-2647049,0.0720,0,0.1185
mp-559814,2.7011,0,0.0000
mp-2646928,0.1231,1,0.1344
mp-2646926,0.1458,1,0.1216
mp-2647159,0.0000,2,0.1347
mp-1200181,2.0858,1,0.0000
mp-1215087,0.2800,0,1.1209
mp-1227984,1.2929,0,0.0113
mp-30934,2.0753,1,0.0000
mp-540656,2.5185,1,0.0000
mp-1215096,0.3660,1,1.1158
mp-578882,1.9425,0,0.0273
mp-565597,1.6260,0,0.0000
mp-1219558,1.4019,1,0.0483
mp-1219046,1.0658,0,0.0559
mp-559307,1.6135,1,0.0059
mp-561134,0.6252,1,0.0889
mp-27938,1.7784,0,0.0000
mp-1179755,0.3027,0,0.1588
mp-557101,1.7979,0,0.0000
mp-649878,1.0174,0,0.0554
mp-676430,0.0000,2,0.1168
mp-560411,1.5565,1,0.0022
mp-669364,2.4339,1,0.0000
mp-1219479,1.3967,1,0.0043
mp-1225117,0.4765,1,0.0073
mp-555458,0.0000,2,0.0222
mp-1208893,0.2026,1,0.0783
mp-23066,1.8469,0,0.0257
mp-540644,1.2495,1,0.0006
mp-1205269,1.1777,1,0.6368
mp-541158,0.5787,1,0.0000
mp-1208574,1.0721,0,0.0000
mp-654051,0.0000,2,0.0000
mp-583476,0.4354,1,0.0000
mp-696195,2.1589,0,0.0124
mp-12620,0.9158,0,0.0000
mp-27312,4.8456,1,0.0016
mp-27313,5.0491,1,0.0000
mp-27617,0.0000,2,0.0000
mp-1207668,1.8704,1,0.0000
mp-1210620,1.9077,1,0.0418
mp-7738,1.7261,0,0.0000
mp-1095263,2.8304,1,0.0000
mp-1187888,2.4302,1,0.0124
mp-1195065,2.1005,0,0.0221
mp-27123,2.1822,0,0.0218
mp-556111,1.5788,1,0.1034
mp-1095437,3.8707,1,0.0000
mp-1101793,3.8843,1,0.0000
mp-9205,3.3338,1,0.0000
mp-1079647,1.2693,0,0.0000
mp-22392,0.0000,2,0.3909
mp-21228,1.1989,0,0.0005
mp-21356,0.0305,1,0.0000
mp-9195,1.4265,0,0.0000
mp-1190442,1.4261,1,0.0000
mp-1214921,2.5724,1,0.0000
mp-554706,3.7178,1,0.0000
mp-555022,4.2951,1,0.0389
mp-555955,3.8060,1,0.0000
mp-556169,4.2667,1,0.0237
mp-556999,4.3039,1,0.0023
mp-557457,4.3012,1,0.0000
mp-558026,1.4501,1,0.0000
mp-558538,4.2961,1,0.0009
mp-559575,1.4197,1,0.0000
mp-9405,3.6512,1,0.0069
mp-1195159,2.8113,0,0.0000
mp-1194932,2.7810,0,0.0000
mp-1195358,2.8658,1,0.0046
mp-1194579,2.8498,0,0.0000
mp-1194517,2.6633,0,0.0068
mp-1194754,1.3484,1,0.0000
mp-1209762,1.4719,0,0.0606
mp-561328,2.6001,1,0.0000
mp-1102514,3.6881,1,0.0021
mp-558073,1.4139,1,0.0105
mp-561326,3.9164,1,0.0016
mp-989544,0.0000,2,0.0000
mp-557635,1.5474,0,0.0553
mp-17921,4.5144,1,0.0000
mp-1106130,0.0000,2,0.3224
mp-1196236,0.1897,1,0.2853
mp-1195199,2.8394,0,0.0000
mp-1206897,0.0000,2,1.9195
mp-1207276,0.0000,2,1.6723
mp-1207301,0.0000,2,1.7299
mp-1212164,1.9752,1,0.0000
mp-1208978,0.0000,2,1.3361
mp-1214731,0.0000,2,1.2560
mp-556194,0.1201,0,0.0106
mp-1202255,1.1750,0,0.0012
mp-667447,1.4618,0,0.1470
mp-662919,1.4471,0,0.1970
mp-558946,1.3343,1,0.0039
mp-651161,1.7121,0,0.0647
mp-6407,1.7292,0,0.0147
mp-1080029,0.0000,2,0.0000
mp-549058,1.8100,1,0.0039
mp-550944,0.0000,2,0.0103
mp-555942,4.1220,1,0.0000
mp-558478,1.4586,0,0.0000
mp-1193369,2.4534,1,0.0000
mp-1229037,1.6873,1,0.0147
mp-710062,3.6908,1,0.0212
mp-1191037,1.6736,0,0.0000
mp-23575,1.9559,1,0.0000
mp-560263,4.0058,1,0.0000
mp-1209641,1.3800,0,0.0604
mp-556763,1.2297,1,0.1558
mp-541401,2.3512,1,0.1080
mp-1208562,1.1084,0,0.0684
mp-17057,1.4479,0,0.0113
mp-17805,2.0002,0,0.0000
mp-1194712,3.9696,1,0.0000
mp-15380,1.9538,0,0.0000
mp-557606,1.8713,1,0.0392
mp-555217,3.7411,1,0.0000
mp-559447,2.7821,0,0.0000
mp-561124,3.7121,1,0.0074
mp-1219891,0.0607,1,1.1424
mp-650674,1.4762,0,0.0000
mp-1205478,1.4680,0,0.0000
mp-667742,0.0446,0,0.1497
mp-1192196,1.1988,0,0.0250
mp-23569,1.5770,0,0.0000
mp-559000,1.5285,0,0.0000
mp-1195190,0.0000,2,0.7926
mp-28684,1.9030,0,0.0127
mp-1212165,0.0000,2,0.7828
mp-1216262,0.1477,1,0.1910
mp-568603,0.8961,1,0.0247
mp-28920,0.7829,0,0.0000
mp-31038,0.8067,1,0.0000
mp-580748,1.1641,1,0.0000
mp-676712,1.5368,1,0.0000
mp-962058,1.8941,0,0.8288
mp-1223184,1.2078,0,0.0034
mp-1120728,2.5100,0,0.0000
mp-1102246,1.3360,0,0.0000
mp-610491,1.8404,1,0.0000
mp-1045211,1.3434,1,0.2872
mp-1048591,0.4265,1,0.1932
mp-569939,0.5500,1,0.0041
mp-1196912,1.6399,1,0.0000
mp-1213116,1.0564,1,0.0871
mp-1105941,2.4336,0,0.0347
mp-1223776,0.7235,1,0.0101
mp-556378,3.5272,1,0.0000
mp-1048546,1.6650,1,0.2081
mp-1213819,0.0000,2,0.7232
mp-560549,1.3674,1,0.0000
mp-569687,0.6295,1,0.0027
mp-1048178,0.5571,1,0.2784
mp-1048225,0.7315,1,0.2915
mp-1045028,0.6045,1,0.6349
mp-1198762,3.3798,0,0.0000
mp-1204472,4.2071,1,0.0000
mp-1205081,2.6100,1,0.0096
mp-1207618,4.3562,1,0.0000
mp-1213564,0.0200,0,0.6206
mp-23096,4.3364,1,0.0000
mp-23086,4.3487,1,0.0000
mp-23587,4.3572,1,0.0000
mp-554063,4.4293,1,0.0000
mp-554903,4.3868,1,0.0000
mp-555650,4.2031,1,0.0000
mp-556362,3.6197,1,0.0071
mp-556551,2.9930,1,0.0000
mp-558516,4.3368,1,0.0000
mp-558257,4.3669,1,0.0000
mp-558490,4.0860,1,0.0000
mp-639138,0.0000,2,0.0000
mp-1045980,1.4901,1,0.3546
mp-1045584,0.6001,1,0.4555
mp-1048499,2.5163,0,0.2575
mp-1048604,1.1446,1,0.3353
mp-1048587,0.3958,1,0.5273
mp-1266944,0.1970,1,0.5059
mp-1340471,0.1385,1,0.5326
mp-1048592,1.0973,1,0.3969
mp-1045601,2.3164,0,0.1623
mp-1045114,1.3073,1,0.3908
mp-1264957,1.8001,1,0.2032
mp-554419,0.7540,1,0.1072
mp-559195,2.6978,1,0.0000
mp-562836,2.7367,1,0.0021
mp-1048241,0.0000,2,0.4414
mp-1192566,1.5448,1,0.0047
mp-1193560,2.3641,1,0.0000
mp-1250779,2.6140,0,0.2493
mp-1048276,0.0000,2,0.3979
mp-1045571,1.5065,0,0.1872
mp-1048247,0.5799,1,0.4419
mp-1048242,0.0000,2,0.3720
mp-1048596,2.5557,0,0.0648
mp-1048555,1.6680,1,0.1446
mp-1048246,0.0000,2,0.3148
mp-1048385,1.8113,0,0.0472
mp-1048488,2.0598,1,0.1792
mp-1048551,1.3035,1,0.0505
mp-505104,0.0000,2,0.0000
mp-581370,0.2385,1,0.0012
mp-572807,0.0162,1,0.0000
mp-555517,0.0000,2,0.0135
mp-720985,2.5753,0,0.0388
mp-29469,1.1490,1,0.0993
mp-27851,1.7701,1,0.0000
mp-27361,0.9934,1,0.0000
mp-567437,1.3609,1,0.0000
mp-1105005,3.1114,1,0.0000
mp-1105151,2.6502,1,0.0011
mp-557136,0.0000,2,0.0058
mp-1201155,0.0000,2,0.0000
mp-23119,0.0000,2,0.0079
mp-554163,0.0000,2,0.0000
mp-561112,4.0939,0,0.0001
mp-1194971,3.1026,1,0.0000
mp-1219275,1.2869,1,0.0000
mp-23144,1.5063,1,0.0016
mp-557946,0.0065,1,0.0176
mp-572877,2.5561,0,0.0014
mp-1218418,4.2893,1,0.0000
mp-557746,4.1240,0,0.0000
mp-1195181,2.4618,0,0.0000
mp-554805,3.4263,1,0.0000
mp-1219635,2.2064,1,0.0137
mp-1223536,2.2139,1,0.0176
mp-1225999,2.2057,1,0.0141
mp-1193439,0.3384,1,0.0240
mp-1194403,1.4560,1,0.0000
mp-553947,3.3870,1,0.0000
mp-557019,4.3055,1,0.0000
mp-556414,4.3242,1,0.0000
mp-555160,4.4011,1,0.0000
mp-561998,2.1714,1,0.0000
mp-1193833,0.0000,2,0.0053
mp-1209082,4.3130,1,0.0000
mp-1193551,0.2982,1,0.0065
mp-562762,1.4480,1,0.0000
mp-1214108,0.0000,2,0.5704
mp-571061,1.1681,1,0.0000
mp-570270,0.7559,1,0.0000
mp-555909,3.7466,1,0.0000
mp-1197266,3.7944,1,0.0000
mp-23635,1.4347,1,0.0000
mp-1192577,1.3914,1,0.0000
mp-1196410,0.0682,0,0.0163
mp-1228026,2.1060,1,0.0000
mp-683984,1.1219,1,0.0000
mp-574529,1.4066,0,0.0000
mp-671913,1.0987,1,0.1665
mp-683684,1.0025,1,0.0643
mp-567734,2.1167,0,0.0000
mp-1192837,1.3956,1,0.0004
mp-1194909,1.1220,1,0.0000
mp-637206,2.5424,1,0.0000
mp-866695,2.3069,1,0.0000
mp-1232974,0.0000,2,0.0640
mp-1233222,0.9660,1,0.0915
mp-1233629,0.9049,1,0.1116
mp-1234080,0.7350,1,0.1206
mp-1233961,0.0000,2,0.0689
mp-1234154,1.2762,1,0.0553
mp-1234009,0.8398,1,0.0975
mp-1234333,1.0606,1,0.0868
mp-1234385,0.2998,1,0.1084
mp-1234428,0.7101,1,0.0821
mp-1234732,1.0540,1,0.0655
mp-1234500,0.4971,1,0.0419
mp-1235050,0.0000,2,0.0473
mp-1235220,0.0000,2,0.0493
mp-1235328,0.0000,2,0.0501
mp-1235291,0.0000,2,0.0462
mp-1235582,0.0459,1,0.0496
mp-1236013,0.1322,1,0.0445
mp-1236160,0.0000,2,0.0561
mp-1198565,0.6854,1,0.0000
mp-1204736,0.3869,1,0.3010
mp-1190020,1.1162,1,0.0074
mp-1173448,0.9387,0,0.0073
mp-1194941,2.1050,1,0.0000
mp-569902,1.8425,1,0.1588
mp-570486,1.3286,1,0.0000
mp-571250,1.9078,0,0.0000
mp-1225822,0.0677,1,0.0000
mp-1196140,1.4437,1,0.0062
mp-643203,0.0000,2,0.0089
mp-619928,1.3208,1,0.0000
mp-29420,1.3426,0,0.0000
mp-28175,1.7002,1,0.0000
mp-27829,2.6051,1,0.0000
mp-27830,2.7509,1,0.0000
mp-680308,0.1172,0,0.0990
mp-30113,1.3568,0,0.0000
mp-1196619,1.5989,1,0.0000
mp-558647,0.0000,2,0.0055
mp-1195946,0.0000,2,0.0184
mp-1207516,1.0312,0,0.0013
mp-1212434,1.0147,0,0.0000
mp-567956,1.6410,0,0.0870
mp-568653,0.0000,2,0.2724
mp-570520,2.5759,1,0.0000
mp-571445,2.5501,1,0.0000
mp-680211,0.0000,2,0.0141
mp-568572,0.0000,2,0.0158
mp-720110,1.3125,1,0.0000
mp-1197752,0.0000,2,0.3447
mp-1205403,2.5979,1,0.0000
mp-28189,1.3187,1,0.0000
mp-649130,0.0541,0,0.1415
mp-540615,1.0202,1,0.0000
mp-28372,1.7274,0,0.0000
mp-504937,1.1943,1,0.0061
mp-613545,1.8700,1,0.0407
mp-1200639,1.4358,1,0.0089
mp-505564,1.0179,1,0.0000
mp-679999,1.5553,0,0.0000
mp-29843,1.1039,1,0.0043
mp-570693,1.6952,1,0.1758
mp-572726,1.9455,0,0.0000
mp-1217182,2.0160,1,0.0036
mp-557464,2.4435,1,0.0328
mp-1223737,0.1799,1,0.2844
mp-1198176,1.9186,1,0.0000
mp-560193,2.7633,1,0.0000
mp-1203978,1.5329,1,0.1222
mp-686599,0.2500,0,0.8245
mp-1218343,3.8330,0,0.0000
mp-556693,1.0677,1,0.0490
mp-28985,2.0148,1,0.0000
mp-29968,2.0780,0,0.0043
mp-1228808,1.1266,0,0.0055
mp-553914,0.0000,2,0.0258
mp-671888,0.7896,1,0.0193
mp-541510,0.0000,2,0.0075
mp-573340,1.3168,1,0.0000
mp-582444,0.0736,1,0.0026
mp-652695,0.8805,0,0.0126
mp-571313,2.7990,1,0.0000
mp-568726,0.0000,2,0.0339
mp-570544,2.8159,1,0.0000
mp-554217,1.1895,0,0.0782
mp-560057,1.1869,0,0.0669
mp-607785,3.1133,0,0.0000
mp-645405,3.0734,0,0.0000
mp-1203849,1.6847,1,0.0000
mp-1225212,0.0000,2,0.3544
mp-29857,1.0710,1,0.0276
mp-1218308,0.5301,1,0.0000
mp-29567,0.8486,1,0.0000
mp-624200,1.4268,1,0.0000
mp-28921,0.3854,0,0.0000
mp-1100439,1.5458,1,0.8503
mp-1209865,0.0000,2,0.0012
mp-631257,0.0000,2,0.8448
mp-510346,0.7435,1,0.0254
mp-1206174,0.1027,1,1.8544
mp-28741,1.0299,1,0.0000
mp-1209072,1.4378,1,0.0000
mp-27199,0.6303,1,0.0000
mp-569707,1.6912,1,0.0095
mp-1224081,0.4908,1,0.0498
mp-570321,1.1103,1,0.0009
mp-571169,1.2945,1,0.0178
mp-1213194,1.0535,0,0.0865
mp-1223994,0.2181,1,0.0282
mp-1226394,0.0000,2,0.0614
mp-567949,1.3281,1,0.0037
mp-567720,0.4656,1,0.0097
mp-655834,0.1502,1,0.1265
mp-639335,0.1832,1,0.1250
mp-567478,0.6252,1,0.0077
mp-570590,1.3886,1,0.0290
mp-605821,1.2122,1,0.0417
mp-628637,0.0000,2,0.0000
mp-31075,1.3272,1,0.0000
mp-569623,0.9702,1,0.0030
mp-2422143,1.0940,1,0.0000
mp-541667,0.9901,1,0.0004
mp-568146,0.9344,1,0.0035
mp-567556,1.1429,1,0.0012
mp-1198737,1.0219,1,0.0000
mp-1202357,1.4231,1,0.0000
mp-1194412,2.8329,0,0.0000
mp-1197501,3.1938,1,0.0046
mp-1205460,0.7927,1,0.1645
mp-555343,2.8709,1,0.0000
mp-562833,2.5280,0,0.0000
mp-683899,1.5045,1,0.0000
mp-1228759,1.3865,1,0.0146
mp-567731,1.2470,1,0.0000
mp-998413,1.2544,1,0.0395
mp-998299,1.2364,1,0.0507
mp-23498,0.7364,1,0.0000
mp-679967,1.2212,1,0.0035
mp-1209495,0.0000,2,0.0471
mp-1944812,0.0000,2,0.0385
mp-2014596,1.8330,1,0.0000
mp-998415,0.0000,2,0.0363
mp-998366,0.0000,2,0.0601
mp-567060,1.8781,1,0.1067
mp-680446,1.3783,0,0.0000
mp-1200788,1.3646,1,0.0000
mp-1219630,1.6949,0,0.0000
mp-1173441,1.7270,1,0.0000
mp-1173580,0.0032,1,0.2948
mp-1202157,1.9890,0,0.0130
mp-29589,0.0000,2,0.0000
mp-29496,1.3249,1,0.0767
mp-23036,1.6978,1,0.0000
mp-655489,1.9666,1,0.0537
mp-630927,1.9784,1,0.0528
mp-1194813,1.3799,0,0.0000
mp-1195597,1.5193,1,0.0000
mp-569970,1.9368,1,0.0000
mp-1210250,0.9682,1,0.0084
mp-680015,1.3216,0,0.0000
mp-23376,2.2203,0,0.0237
mp-29408,2.1939,1,0.0173
mp-607953,0.0864,1,0.0000
mp-1194789,1.4534,1,0.0948
mp-1195337,1.6510,0,0.0805
mp-1192469,1.6213,1,0.0746
mp-1196459,1.8019,0,0.0000
mp-645663,1.4869,1,0.0000
mp-1104676,0.0757,1,0.0000
mp-541758,1.3963,1,0.0000
mp-567252,0.0832,0,0.0004
mp-1208533,0.1797,0,0.0000
mp-23410,0.0718,0,0.0000
mp-1202969,0.9837,0,0.0000
mp-505373,1.2345,1,0.0000
mp-23488,0.7102,0,0.0000
mp-2012385,0.6127,1,0.0000
mp-29450,1.2273,1,0.1256
mp-23051,0.0000,2,0.0083
mp-2748369,0.2872,1,0.0000
mp-2355707,0.1055,0,0.0000
mp-1206203,0.0070,1,2.9309
mp-1206671,0.0479,1,2.8841
mp-1207331,0.0647,1,2.9858
mp-1206751,0.0658,1,2.9702
mp-1206385,0.0950,1,2.9088
mp-1206872,0.0762,0,2.9642
mp-569052,1.3964,1,0.0161
mp-28458,2.3090,0,0.0000
mp-22996,1.3811,1,0.0000
mp-23020,1.5764,1,0.0128
mp-505357,1.6754,0,0.0000
mp-30531,0.0000,2,0.0000
mp-569109,0.7160,1,0.0058
mp-570268,0.5352,1,0.0043
mp-570961,1.2705,1,0.0451
mp-1213068,1.0381,1,0.0583
mp-1224031,0.0308,1,0.0476
mp-570084,1.2264,0,0.0044
mp-1198248,1.1487,0,0.0123
mp-1201600,1.4904,1,0.0117
mp-1202250,0.0097,0,0.0439
mp-1202691,1.1734,1,0.0354
mp-571015,1.7151,0,0.0000
mp-1224181,0.1767,0,0.0289
mp-669425,0.0000,2,0.0000
mp-1205627,0.9593,1,0.0000
mp-571404,1.2692,1,0.0053
mp-29955,1.2970,1,0.0000
mp-1204730,0.6483,1,0.5245
mp-1193210,2.6330,1,0.0000
mp-556570,1.2752,1,0.0185
mp-570817,1.4117,1,0.0000
mp-1200930,2.7977,1,0.0062
mp-569026,0.0000,2,0.3558
mp-1204878,0.1289,1,0.0000
mp-541817,0.6270,1,0.0000
mp-1214500,2.0776,0,0.0000
mp-680185,1.2321,1,0.0000
mp-1219043,1.0447,1,0.0612
mp-1204573,1.3756,1,0.0170
mp-28517,1.6854,0,0.0012
mp-1226181,0.0000,2,0.0355
mp-1219041,0.9176,1,0.0695
mp-645655,1.0701,1,0.0000
mp-653891,0.9365,0,0.0007
mp-29116,0.5727,1,0.0103
mp-569258,0.8800,1,0.0000
mp-556938,0.1791,0,0.0000
mp-12621,0.4181,0,0.0713
mp-27473,3.9651,0,0.0000
mp-29178,4.6038,1,0.0000
mp-27379,2.1908,1,0.1119
mp-556778,4.8518,1,0.0007
mp-4648,5.2046,0,0.0000
mp-29355,5.2511,1,0.0000
mp-29903,4.4542,1,0.0000
mp-541628,4.6339,0,0.0000
mp-556785,4.8863,1,0.0000
mp-1091416,1.5171,0,0.0181
mp-1080438,1.2847,0,0.0000
mp-13287,0.9884,0,0.0000
mp-13339,0.7291,1,0.0095
mp-16742,1.5110,0,0.0000
mp-1198428,2.8930,0,0.4592
mp-1216939,2.7386,1,0.0000
mp-510727,3.1780,1,0.0000
mp-554532,4.4880,1,0.0000
mp-554942,1.9198,1,0.0000
mp-555034,1.9259,1,0.0153
mp-556325,3.9746,1,0.0000
mp-557231,3.7470,1,0.0000
mp-557570,3.0984,1,0.0000
mp-558502,1.4996,1,0.0000
mp-558984,3.7146,1,0.0000
mp-1192381,0.0494,0,0.1297
mp-612946,3.9669,1,0.1073
mp-13551,3.2415,1,0.0000
mp-555629,3.7741,1,0.0000
mp-11014,4.8881,1,0.0052
mp-561647,5.0319,1,0.0000
mp-559932,4.2547,1,0.0000
mp-1193891,0.0000,2,0.1775
mp-560578,3.3979,1,0.0000
mp-1204740,1.4780,1,0.1399
mp-557736,2.2532,1,0.3171
mp-669474,3.1862,1,0.0103
mp-29177,4.8686,1,0.0000
mp-29144,4.5077,1,0.0000
mp-754462,0.9945,1,0.0870
mp-1214752,0.0000,2,1.2003
mp-1214778,0.0000,2,1.1986
mp-1192364,2.4788,1,0.0000
mp-554413,0.0000,2,0.0432
mp-1204544,3.2424,1,0.0214
mp-728416,0.5386,1,0.1069
mp-1208334,0.0000,2,0.0714
mp-2228522,1.6392,1,0.1854
mp-2227262,1.3893,1,0.1786
mp-2228593,1.5250,1,0.1971
mp-554818,3.1053,1,0.0000
mp-560414,2.9955,1,0.0052
mp-1217532,2.9326,0,0.0079
mp-1217460,0.2658,1,0.0253
mp-558136,3.0745,1,0.0160
mp-1194695,2.3970,1,0.1779
mp-1194957,2.5668,1,0.0802
mp-649177,2.1693,1,0.0265
mp-680183,2.1603,1,0.0081
mp-560028,2.2523,1,0.0000
mp-1195764,0.0000,2,0.0420
mp-540984,2.7227,1,0.0141
mp-680235,2.6359,0,0.0075
mp-29074,1.0704,0,0.0897
mp-1205467,1.2372,0,0.0341
mp-648788,0.0000,2,0.2022
mp-649107,0.5590,1,0.0274
mp-1209318,2.2268,1,0.0720
mp-540997,1.2641,1,0.0000
mp-22945,0.7797,0,0.0000
mp-1018752,0.6571,0,0.0026
mp-1018667,0.0000,2,0.0309
mp-1018941,0.4210,0,0.0000
mp-1018818,0.4133,0,0.0001
mp-504630,1.6633,0,0.0000
mp-573751,3.3025,1,0.0000
mp-669345,2.7878,0,0.0003
mp-669348,2.2165,0,0.0032
mp-28938,0.7027,0,0.0000
mp-28944,1.5135,1,0.0000
mp-28330,1.5508,1,0.0000
mp-29713,2.1717,1,0.0108
mp-541877,2.6483,1,0.0091
mp-571179,3.1559,1,0.0012
mp-669325,0.0000,2,0.0227
mp-631398,0.0000,2,1.0971
mp-22975,2.6398,1,0.0000
mp-23465,2.7815,1,0.0000
mp-27833,2.5741,1,0.0000
mp-569149,2.5557,1,0.0000
mp-27449,2.1702,0,0.0000
mp-29102,2.3567,0,0.0000
mp-1102615,0.0140,1,0.0242
mp-1103189,0.8821,0,0.0000
mp-550564,0.0000,2,0.1194
mp-557992,3.0755,1,0.0000
mp-616455,2.5316,1,0.0342
mp-1104737,0.7145,1,0.8447
mp-738646,0.0000,2,0.4997
mp-1180423,0.0000,2,0.3907
mp-726716,0.0000,2,0.5475
mp-1196950,3.2599,0,0.0078
mp-1217378,2.0877,1,0.0000
mp-557130,3.7044,0,0.0000
mp-950214,3.4748,0,0.0050
mp-559379,3.1556,1,0.0000
mp-559805,3.8573,1,0.0000
mp-1219504,2.6933,1,0.0021
mp-628665,2.1634,1,0.0000
mp-1235589,0.5885,1,0.2085
mp-1193890,2.4894,0,0.0000
mp-680388,0.0001,1,0.0091
mp-558504,3.7930,1,0.0033
mp-1235303,0.3837,1,0.2213
mp-1194678,2.8168,1,0.0000
mp-28176,1.5721,0,0.0099
mp-30971,0.5969,1,0.0000
mp-540629,1.4498,1,0.0027
mp-542662,1.4589,1,0.0000
mp-569467,0.2316,0,0.0004
mp-662513,0.0000,2,0.0217
mp-541756,0.0000,2,0.0126
mp-581449,0.9304,1,0.0026
mp-569684,3.0775,0,0.0000
mp-651409,1.8850,0,0.1297
mp-27852,1.9134,1,0.0000
mp-1192488,0.0045,1,0.1977
mp-1193877,1.2582,1,0.0000
mp-28866,0.0000,2,0.0038
mp-28633,0.8927,1,0.0144
mp-29428,1.1619,0,0.0049
mp-569824,0.0000,2,0.0242
mp-623135,1.3962,1,0.0285
mp-665901,0.0000,2,0.8201
mp-773980,1.2266,1,0.0329
mp-540628,1.3271,0,0.0000
mp-573465,0.1985,0,0.0000
mp-27490,0.0000,2,0.0000
mp-1193652,2.1542,1,0.0000
mp-710168,2.5868,1,0.0182
mp-554952,2.5594,0,0.0000
mp-560170,3.3387,1,0.0000
mp-545344,0.2552,1,0.1051
mp-550437,0.3767,1,0.1151
mp-554135,1.2110,1,0.1104
mp-559874,2.1486,1,0.0072
mp-567543,0.2051,1,0.0000
mp-1192395,3.0056,1,0.0000
mp-1194704,0.6435,1,0.0061
mp-558875,2.9145,0,0.0000
mp-567743,1.0432,1,0.0000
mp-581276,0.0749,1,0.0087
mp-1193732,1.4221,1,0.0043
mp-554882,0.6082,1,0.0000
mp-555884,0.6057,1,0.0000
mp-1200931,0.8872,1,0.0176
mp-1204489,0.5732,1,0.0000
mp-1192807,0.0000,2,0.0340
mp-554401,0.0000,2,0.0092
mp-556868,0.0000,2,0.0000
mp-624117,2.2975,1,0.0009
mp-572778,0.1785,1,0.0613
mp-541868,0.0528,1,0.0014
mp-2767093,0.4888,1,0.0000
mp-1212726,1.3323,1,0.0000
mp-1224202,0.6182,0,0.0708
mp-1223758,0.0000,2,0.1250
mp-562912,2.2763,1,0.0000
mp-1198077,1.1293,0,0.0444
mp-1200464,1.9996,1,0.0085
mp-1201019,2.2711,1,0.0000
mp-617352,0.0000,2,0.0316
mp-1212325,0.3503,1,0.9482
mp-1236964,0.0970,0,1.0775
mp-1218587,3.3574,1,0.0000
mp-562004,2.1672,1,0.0000
mp-562378,1.8677,0,0.0000
mp-646605,3.1308,1,0.0000
mp-616228,0.0000,2,0.0219
mp-29991,1.3766,0,0.0047
mp-29419,1.2626,1,0.0000
mp-29114,1.2693,1,0.0000
mp-669521,2.4392,1,0.0012
mp-1191023,2.4347,1,0.0020
mp-1195835,1.2309,0,0.0000
mp-1198418,1.1624,1,0.0000
mp-1205458,0.0735,1,0.0502
mp-1229222,0.2208,0,0.0016
mp-653823,0.0638,1,0.0454
mp-1199992,2.3912,0,0.0000
mp-1208669,2.5158,0,0.0000
mp-555161,3.0400,1,0.0015
mp-561564,2.3649,1,0.0181
mp-568916,1.9503,0,0.0000
mp-1188722,0.0000,2,0.1926
mp-1195865,1.4548,1,0.0000
mp-1197627,0.2320,1,0.0191
mp-1202980,3.1640,1,0.0000
mp-1204459,0.8490,1,0.0180
mp-555641,1.1900,1,0.0078
mp-562327,1.8011,1,0.0000
mp-699570,0.7846,1,0.1713
mp-1233220,0.0000,2,0.1060
mp-1233289,0.0029,1,0.1107
mp-1233439,0.0000,2,0.0674
mp-1233548,0.0000,2,0.0973
mp-1233587,0.0213,1,0.1054
mp-1233675,0.0000,2,0.1144
mp-1233782,0.0000,2,0.0858
mp-1234061,0.0000,2,0.0910
mp-1234172,0.0000,2,0.0866
mp-1234722,0.0000,2,0.0974
mp-1234919,0.0000,2,0.1094
mp-1235024,0.0000,2,0.0399
mp-1235095,0.1990,1,0.0493
mp-1235057,0.0282,1,0.0355
mp-1235031,0.0105,1,0.0335
mp-1235324,0.1027,1,0.0358
mp-1235201,0.0095,1,0.0469
mp-1235510,0.0922,1,0.0431
mp-1235735,0.0000,2,0.0429
mp-1236046,0.1048,1,0.0545
mp-1236135,0.0000,2,0.0288
mp-1213361,1.9778,1,0.0075
mp-1225925,0.0000,2,0.0139
mp-1197762,3.6276,1,0.0000
mp-1235262,0.1826,1,0.0646
mp-1356028,0.0859,1,3.4928
mp-558663,0.5422,1,0.0000
mp-561174,0.0000,2,0.0016
mp-558364,0.0000,2,0.0151
mp-559046,2.6911,1,0.0000
mp-683957,1.4914,1,0.0000
mp-1105647,1.1251,1,0.0000
mp-979264,1.0896,1,0.0000
mp-31305,1.0069,1,0.0058
mp-31304,1.0132,1,0.0067
mp-555442,2.7053,1,0.0000
mp-558759,3.3605,1,0.0076
mp-645953,0.0215,1,0.0136
mp-703866,0.7266,0,0.0071
mp-1193541,1.4006,1,0.0575
mp-1193756,1.4044,1,0.0477
mp-30097,0.8311,1,0.0000
mp-30096,1.2797,1,0.0006
mp-1203316,1.3777,1,0.0009
mp-683967,3.4292,0,0.0000
mp-697593,0.6448,1,0.0303
mp-1173616,2.6540,0,0.0000
mp-1173622,2.6886,0,0.0000
mp-1173624,2.6333,0,0.0000
mp-1173612,2.6893,0,0.0000
mp-1191663,0.1776,1,0.1017
mp-624000,0.2049,1,0.1334
mp-29499,0.9398,1,0.0000
mp-29708,0.9155,0,0.0046
mp-1197560,1.4761,1,0.0017
mp-1203106,1.4002,0,0.0000
mp-1220960,1.4673,1,0.0004
mp-1225073,1.4202,1,0.0000
mp-1195918,1.4941,1,0.0000
mp-1196993,1.1443,1,0.0029
mp-1200510,1.4978,1,0.0000
mp-1203469,1.3095,0,0.0253
mp-1226154,0.0000,2,0.0183
mp-570277,0.0000,2,0.0679
mp-680161,0.0000,2,0.0000
mp-1217517,0.1323,0,0.0768
mp-557285,2.8672,1,0.0000
mp-1203042,0.8856,1,0.0000
mp-1201961,0.8944,1,0.0000
mp-29236,1.7356,0,0.0000
mp-31036,0.7461,1,0.0000
mp-1188637,0.2368,0,0.0016
mp-33723,1.2364,1,0.0000
mp-29190,0.8579,0,0.1072
mp-1198669,0.0537,0,0.0000
mp-1212594,1.3042,0,0.0000
mp-1212718,1.3147,1,0.0000
mp-1214871,1.8972,0,0.1551
mp-1215016,0.2079,0,0.0008
mp-568778,0.8012,1,0.0000
mp-1224103,0.0000,2,0.0683
mp-1403285,0.0000,2,1.6625
mp-1223756,0.0000,2,0.1331
mp-556060,0.3427,1,0.0956
mp-557410,1.9685,1,0.0139
mp-1191326,2.9011,1,0.0183
mp-1201424,1.0909,1,0.0000
mp-554007,1.8634,1,0.0118
mp-571177,1.2572,1,0.0109
mp-559895,0.5857,1,0.0034
mp-27853,1.7040,1,0.0000
mp-1193128,2.5124,0,0.0000
mp-572313,0.0000,2,0.0136
mp-1196951,1.2014,1,0.0000
mp-581171,2.2652,1,0.0085
mp-704879,0.0000,2,0.0000
mp-1202377,2.8298,1,0.0000
mp-1217453,1.9230,1,0.0000
mp-1197646,3.0197,0,0.0000
mp-558350,3.3087,1,0.0000
mp-687088,2.4162,1,0.0667
mp-1198919,3.2962,1,0.0000
mp-542807,0.0601,1,0.0188
mp-1106129,1.8311,0,0.0456
mp-557322,0.8600,1,0.1678
mp-1193463,2.6949,1,0.0000
mp-555814,0.0091,0,0.0238
mp-559681,0.0000,2,0.0105
mp-1199575,0.4324,1,0.0000
mp-2228512,0.0000,2,0.0937
mp-561705,2.6795,1,0.0953
mp-676260,0.0000,2,0.0624
mp-28038,0.5947,1,0.0000
mp-570125,1.8821,1,0.0000
mp-1188957,1.1540,1,0.0540
mp-1205332,1.1601,1,0.0637
mp-1209284,0.0000,2,0.0068
mp-622262,1.1825,1,0.0428
mp-568386,0.9637,1,0.0021
mp-568392,0.8722,1,0.0000
mp-29127,1.0593,1,0.0281
mp-638749,0.7702,1,0.0000
mp-29097,2.0454,1,0.0000
mp-662556,1.9421,1,0.0000
mp-1227641,1.0231,1,0.0372
mp-1233562,1.9302,1,0.1446
mp-1234074,0.4121,1,0.1445
mp-1234529,0.5878,1,0.1993
mp-28671,1.1062,1,0.0000
mp-542131,0.0940,1,0.0724
mp-669328,1.2721,1,0.1605
mp-555275,0.5461,1,0.0270
mp-1198792,0.5302,1,0.0595
mp-23411,2.1407,1,0.0103
mp-31076,2.1632,1,0.0000
mp-22963,2.3360,1,0.0000
mp-569830,1.3274,1,0.0423
mp-29427,1.1942,1,0.0055
mp-23405,2.1121,1,0.0000
mp-23383,2.0509,1,0.0008
mp-23505,1.9579,1,0.0232
mp-570324,2.1010,1,0.0000
mp-1180598,0.0406,1,0.5672
mp-639164,2.2401,1,0.0000
mp-1199775,0.6633,1,0.5519
mp-1221809,0.6776,1,0.4476
mp-540998,1.0553,1,0.0000
mp-570186,1.0077,1,0.0000
mp-623087,1.1924,1,0.0066
mp-1193453,1.3070,1,0.0493
mp-1198778,1.4039,0,0.0488
mp-541134,0.8075,1,0.3279
mp-29715,0.0000,2,0.0114
mp-29716,2.1847,1,0.0000
mp-560333,1.0323,1,0.0020
mp-1233008,0.3052,1,0.0513
mp-1233394,0.9381,1,0.0929
mp-1234664,0.0000,2,0.1126
mp-1235131,0.3071,1,0.0335
mp-1234934,0.0000,2,0.0822
mp-1235409,0.2835,1,0.0464
mp-1235353,0.2672,1,0.0336
mp-1235468,0.2992,1,0.0520
mp-1235788,0.2706,1,0.0361
mp-1236376,0.2446,1,0.0478
mp-1236401,0.3088,1,0.0479
mp-1236727,0.2246,1,0.0366
mp-28672,2.4195,1,0.0000
mp-1217490,0.3609,0,0.0729
mp-1217513,0.1602,0,0.1022
mp-1199238,0.0040,1,0.0478
mp-1195449,3.1077,0,0.0000
mp-1101132,0.0000,2,0.0948
mp-28051,0.8429,1,0.0034
mp-29748,0.0000,2,0.0000
mp-27741,1.1214,1,0.0000
mp-28745,0.7160,1,0.0000
mp-29234,1.7076,0,0.0000
mp-31037,0.8278,1,0.0000
mp-505088,0.5477,0,0.0000
mp-28798,0.0000,2,0.2204
mp-22965,1.2325,1,0.0000
mp-23435,0.1682,1,0.0388
mp-28691,0.5627,1,0.0000
mp-27527,0.0000,2,0.0000
mp-570431,1.0025,1,0.1757
mp-28608,1.2591,1,0.0000
mp-28693,2.1166,1,0.1545
mp-616327,1.1004,1,0.0000
mp-1217385,0.6157,1,0.0103
mp-541032,0.3352,1,0.0288
mp-1224032,1.0658,1,0.0569
mp-1182473,0.0000,2,1.0604
mp-669434,0.0000,2,0.1318
mp-559332,2.3576,1,0.0073
mp-684006,0.6233,0,0.0064
mp-1196231,0.1183,1,0.4430
mp-1198395,0.0454,1,0.4707
mp-1223909,0.4591,0,0.0240
mp-2213515,0.1112,1,0.0220
mp-542180,1.0334,1,0.0000
mp-28579,1.4667,0,0.0000
mp-543029,0.0000,2,0.0000
mp-2458827,0.3673,1,0.0000
mp-573321,0.5150,1,0.0080
mp-1217461,0.7676,1,0.2162
mp-1189348,0.0000,2,0.3260
mp-540924,0.4578,1,0.0000
mp-1201330,1.0201,0,0.0487
mp-1188875,0.9892,0,0.0529
mp-1205361,1.0601,0,0.0613
mp-1204668,2.2596,1,0.0000
mp-651961,0.9756,1,0.2661
mp-558408,0.2498,1,0.0065
mp-582657,0.3963,1,0.0000
mp-680836,0.3919,1,0.0209
mp-1227670,1.4188,0,0.0336
mp-1193838,1.1657,1,0.0411
mp-28070,1.6225,1,0.0000
mp-27688,1.7449,1,0.0000
mp-31077,1.6844,1,0.0000
mp-1192722,1.0014,1,0.0496
mp-570873,0.7654,1,0.0896
mp-540957,1.3877,1,0.0000
mp-1180390,0.2471,1,0.5823
mp-567713,0.4801,0,0.0009
mp-29117,0.5502,1,0.0062
mp-29689,0.5137,1,0.0000
mp-28464,0.8463,1,0.0000
mp-680058,1.7538,1,0.0000
mp-29541,1.5853,1,0.0000
mp-29407,1.8846,1,0.0000
mp-560687,0.6455,1,0.1417
mp-1218092,0.4259,1,0.0047
mp-1208488,0.0000,2,0.3417
mp-28470,0.0000,2,0.0019
mp-505260,1.1881,1,0.0480
mp-675194,0.1656,1,0.3486
