material_id,row_index,raw_gt,merged_gt,eh_class,bandgap,ehull
mp-1147581,400,2,1,0,0.0000,0.0479
mp-554805,1065,1,1,0,3.4263,0.0000
mp-1202157,1247,0,0,0,1.9890,0.0130
mp-559296,167,1,1,1,1.7123,0.2687
mp-1207331,1281,1,1,1,0.0647,2.9858
mp-680340,762,1,1,1,0.3199,0.2523
mp-31304,1564,1,1,0,1.0132,0.0067
mp-1213742,223,0,0,1,0.3019,0.2672
mp-29713,1409,1,1,0,2.1717,0.0108
mp-555121,267,1,1,0,3.5869,0.0517
mp-7738,881,0,0,0,1.7261,0.0000
mp-23575,946,1,1,0,1.9559,0.0000
mp-1234712,237,1,1,1,0.3839,0.1783
mp-1198919,1631,1,1,0,3.2962,0.0000
mp-699535,587,1,1,1,1.8759,0.1640
mp-1194971,1057,1,1,0,3.1026,0.0000
mp-559256,449,1,1,0,2.9165,0.0000
mp-1219558,852,1,1,0,1.4019,0.0483
mp-769602,132,1,1,0,2.2545,0.0907
mp-581171,1624,1,1,0,2.2652,0.0085
mp-1102514,915,1,1,0,3.6881,0.0021
mp-568726,1180,2,1,0,0.0000,0.0339
mp-558490,1011,1,1,0,4.0860,0.0000
mp-11014,1357,1,1,0,4.8881,0.0052
mp-555850,19,1,1,0,2.6141,0.0000
mp-1105645,654,1,1,0,0.2964,0.0983
mp-1227999,591,1,1,0,2.3721,0.0000
mp-559994,687,1,1,0,1.4091,0.0000
mp-1228759,1230,1,1,0,1.3865,0.0146
mp-1209893,636,2,1,0,0.0000,0.0259
mp-1013730,393,1,1,0,1.9571,0.0677
mp-1207325,642,1,1,1,1.6791,1.9467
mp-28772,610,0,0,0,1.6343,0.0124
mp-570590,1213,1,1,0,1.3886,0.0290
mp-1235303,1441,1,1,1,0.3837,0.2213
mp-559963,498,0,0,0,2.1196,0.0401
mp-12444,33,0,0,0,1.5126,0.0000
mp-1173025,787,1,1,0,0.3398,0.0867
mp-1204819,160,1,1,1,2.0034,0.1535
mp-541817,1314,1,1,0,0.6270,0.0000
mp-1191023,1511,1,1,0,2.4347,0.0020
mp-1228621,82,0,0,1,2.3670,0.2526
mp-29355,1333,1,1,0,5.2511,0.0000
mp-554879,680,1,1,0,0.4492,0.0288
mp-638749,1651,1,1,0,0.7702,0.0000
mp-1228012,720,1,1,0,1.3293,0.0107
mp-553914,1173,2,1,0,0.0000,0.0258
mp-570520,1142,1,1,0,2.5759,0.0000
mp-1205460,1226,1,1,1,0.7927,0.1645
mp-998366,1240,2,1,0,0.0000,0.0601
mp-556587,580,0,0,0,1.8191,0.0000
mp-1211452,650,1,1,0,2.7908,0.0000
mp-505373,1272,1,1,0,1.2345,0.0000
mp-1212974,778,1,1,1,1.1142,0.3235
mp-559303,601,0,0,0,0.5156,0.0755
mp-1180384,758,1,1,1,0.1464,0.2742
mp-557464,1162,1,1,0,2.4435,0.0328
mp-570486,1123,1,1,0,1.3286,0.0000
mp-1197762,1553,1,1,0,3.6276,0.0000
mp-1208893,866,1,1,0,0.2026,0.0783
mp-1180071,490,1,1,0,0.0440,0.0678
mp-653891,1323,0,0,0,0.9365,0.0007
mp-6407,936,0,0,0,1.7292,0.0147
mp-1195358,909,1,1,0,2.8658,0.0046
mp-559237,668,0,0,0,2.6640,0.0000
mp-1200639,1155,1,1,0,1.4358,0.0089
mp-28865,621,1,1,0,0.0327,0.0202
mp-561564,1520,1,1,0,2.3649,0.0181
mp-31263,296,1,1,0,1.2286,0.0000
mp-2229780,514,1,1,1,0.6457,0.4018
mp-1219891,960,1,1,1,0.0607,1.1424
mp-27313,877,1,1,0,5.0491,0.0000
mp-1218587,1502,1,1,0,3.3574,0.0000
mp-554153,528,0,0,1,1.5929,0.2990
mp-28113,150,0,0,1,3.3183,0.1419
mp-31037,1708,1,1,0,0.8278,0.0000
mp-23465,1415,1,1,0,2.7815,0.0000
mp-1079647,890,0,0,0,1.2693,0.0000
mp-1235086,90,1,1,1,0.2739,0.1839
mp-1190442,895,1,1,0,1.4261,0.0000
mp-1212434,1139,0,0,0,1.0147,0.0000
mp-559071,405,1,1,0,1.6368,0.0050
mp-557805,660,0,0,0,0.7358,0.0001
mp-1079264,699,1,1,0,1.4107,0.0008
mp-1188245,612,2,1,1,0.0000,1.1673
mp-23324,653,1,1,0,2.0320,0.0000
mp-1223434,737,1,1,0,0.4332,0.0107
mp-1217517,1595,0,0,0,0.1323,0.0768
mp-541093,252,1,1,0,2.3509,0.0000
mp-1227984,846,0,0,0,1.2929,0.0113
mp-28671,1658,1,1,0,1.1062,0.0000
mp-1147671,295,2,1,0,0.0000,0.0668
mp-1233782,1536,2,1,0,0.0000,0.0858
mp-554063,1004,1,1,0,4.4293,0.0000
mp-568778,1609,1,1,0,0.8012,0.0000
mp-559061,509,1,1,0,2.2126,0.0325
mp-555217,957,1,1,0,3.7411,0.0000
mp-1189154,62,1,1,0,4.2143,0.0049
mp-2234083,500,1,1,1,1.1116,0.2411
mp-2241507,732,1,1,1,0.8101,0.2864
mp-1173612,1579,0,0,0,2.6893,0.0000
mp-561174,1557,2,1,0,0.0000,0.0016
mp-1211937,759,1,1,0,0.5802,0.0051
mp-28037,704,0,0,0,0.9875,0.0000
mp-622195,36,0,0,0,5.1645,0.0000
mp-1223145,410,0,0,0,2.7466,0.0140
mp-557792,559,1,1,0,3.2563,0.0000
mp-1194736,156,0,0,0,1.7777,0.0000
mp-680058,1759,1,1,0,1.7538,0.0000
mp-645953,1567,1,1,0,0.0215,0.0136
mp-1214970,717,1,1,0,0.5586,0.0143
mp-560840,487,1,1,1,2.0362,0.2278
mp-1213361,1551,1,1,0,1.9778,0.0075
mp-1233394,1686,1,1,0,0.9381,0.0929
mp-676121,766,1,1,0,0.3739,0.0739
mp-622262,1647,1,1,0,1.1825,0.0428
mp-1227641,1654,1,1,0,1.0231,0.0372
mp-558466,189,1,1,0,2.5087,0.0000
mp-532575,140,1,1,0,5.2445,0.0020
mp-557606,956,1,1,0,1.8713,0.0392
mp-541335,274,1,1,1,2.2799,0.1120
mp-542180,1730,1,1,0,1.0334,0.0000
mp-1188957,1644,1,1,0,1.1540,0.0540
mp-1189737,461,1,1,1,0.0294,0.6772
mp-558984,1352,1,1,0,3.7146,0.0000
mp-1223363,48,0,0,0,4.1568,0.0241
mp-1209318,1395,1,1,0,2.2268,0.0720
mp-1229204,435,0,0,0,0.8687,0.0070
mp-554818,1378,1,1,0,3.1053,0.0000
mp-1224731,236,1,1,1,1.5214,0.1000
mp-23587,1003,1,1,0,4.3572,0.0000
mp-1219046,853,0,0,0,1.0658,0.0559
mp-773980,1462,1,1,0,1.2266,0.0329
mp-569684,1451,0,0,0,3.0775,0.0000
mp-769377,123,0,0,0,1.8907,0.0584
mp-1236160,1116,2,1,0,0.0000,0.0561
mp-1018818,1401,0,0,0,0.4133,0.0001
mp-560084,281,1,1,1,3.0622,0.1952
mp-1046747,165,1,1,1,0.2898,0.3790
mp-1196151,537,1,1,0,1.4549,0.0000
mp-27938,856,0,0,0,1.7784,0.0000
mp-989544,918,2,1,0,0.0000,0.0000
mp-1212521,632,1,1,0,1.6455,0.0846
mp-2912506,773,0,0,1,1.3709,0.1484
mp-29843,1158,1,1,0,1.1039,0.0043
mp-555088,743,1,1,0,2.8096,0.0189
mp-557101,858,0,0,0,1.7979,0.0000
mp-554353,529,1,1,1,1.4847,0.2978
mp-558360,479,1,1,0,2.2534,0.0000
mp-557236,278,1,1,0,1.4407,0.0000
mp-560673,134,1,1,0,6.1633,0.0000
mp-569052,1285,1,1,0,1.3964,0.0161
mp-631398,1413,2,1,1,0.0000,1.0971
mp-1193453,1679,1,1,0,1.3070,0.0493
mp-23488,1273,0,0,0,0.7102,0.0000
mp-2647159,843,2,1,1,0.0000,0.1347
mp-12621,1327,0,0,0,0.4181,0.0713
mp-31036,1600,1,1,0,0.7461,0.0000
mp-41092,238,1,1,0,4.0322,0.0305
mp-1200783,573,1,1,1,1.7539,0.5651
mp-1206395,385,1,1,1,2.1340,0.6175
mp-569109,1291,1,1,0,0.7160,0.0058
mp-1194695,1383,1,1,1,2.3970,0.1779
mp-1202357,1223,1,1,0,1.4231,0.0000
mp-18838,131,1,1,0,1.5234,0.0000
mp-1195337,1262,0,0,0,1.6510,0.0805
mp-1196451,626,0,0,0,2.0643,0.0000
mp-1198669,1604,0,0,0,0.0537,0.0000
mp-1188722,1522,2,1,1,0.0000,0.1926
mp-1369435,171,2,1,0,0.0000,0.0687
mp-1203902,283,0,0,1,1.9483,0.2059
mp-1192566,1028,1,1,0,1.5448,0.0047
mp-581449,1450,1,1,0,0.9304,0.0026
mp-565597,851,0,0,0,1.6260,0.0000
mp-567556,1221,1,1,0,1.1429,0.0012
mp-680161,1594,2,1,0,0.0000,0.0000
mp-556246,325,0,0,0,2.6154,0.0000
mp-1206897,924,2,1,1,0.0000,1.9195
mp-558189,784,1,1,1,0.6243,0.1164
mp-556414,1073,1,1,0,4.3242,0.0000
mp-2228916,507,2,1,1,0.0000,0.3909
mp-769600,221,1,1,0,1.1574,0.0553
mp-608398,565,1,1,0,1.8326,0.0937
mp-554788,253,0,0,1,2.9961,0.3000
mp-1213194,1205,0,0,0,1.0535,0.0865
mp-558504,1440,1,1,0,3.7930,0.0033
mp-27830,1132,1,1,0,2.7509,0.0000
mp-1195713,682,1,1,0,0.4962,0.0119
mp-31077,1750,1,1,0,1.6844,0.0000
mp-550944,939,2,1,0,0.0000,0.0103
mp-1101132,1702,2,1,0,0.0000,0.0948
mp-696195,874,0,0,0,2.1589,0.0124
mp-28103,611,1,1,0,0.4958,0.0137
mp-1211928,365,2,1,1,0.0000,0.2466
mp-1204736,1118,1,1,1,0.3869,0.3010
mp-1207211,824,1,1,1,1.5577,0.5770
mp-29450,1275,1,1,1,1.2273,0.1256
mp-570817,1310,1,1,0,1.4117,0.0000
mp-1104411,599,1,1,0,2.7814,0.0000
mp-1236687,96,1,1,1,1.0017,0.1966
mp-557946,1060,1,1,0,0.0065,0.0176
mp-21356,893,1,1,0,0.0305,0.0000
mp-21354,34,1,1,0,0.0733,0.0077
mp-1229155,457,1,1,0,1.5994,0.0000
mp-9405,906,1,1,0,3.6512,0.0069
mp-646605,1505,1,1,0,3.1308,0.0000
mp-1013726,180,0,0,0,2.1914,0.0266
mp-2232096,110,0,0,0,3.8031,0.0539
mp-1189153,429,1,1,1,0.2035,0.4578
mp-1191673,138,1,1,0,5.7662,0.0000
mp-623087,1678,1,1,0,1.1924,0.0066
mp-572902,434,0,0,0,0.1059,0.0271
mp-1208488,1764,2,1,1,0.0000,0.3417
mp-554706,897,1,1,0,3.7178,0.0000
mp-1205332,1645,1,1,0,1.1601,0.0637
mp-1197752,1147,2,1,1,0.0000,0.3447
mp-1227670,1746,0,0,0,1.4188,0.0336
mp-1213819,990,2,1,1,0.0000,0.7232
mp-23514,798,1,1,0,1.8669,0.0028
mp-23146,357,1,1,0,4.3633,0.0000
mp-1209641,948,0,0,0,1.3800,0.0604
mp-865182,471,1,1,0,1.7563,0.0000
mp-559864,661,1,1,0,1.5308,0.0000
mp-3992,14,0,0,0,1.2541,0.0000
mp-504937,1153,1,1,0,1.1943,0.0061
mp-1234074,1656,1,1,1,0.4121,0.1445
mp-973217,799,1,1,0,1.5064,0.0200
mp-1179999,87,1,1,0,1.2446,0.0365
mp-1228808,1172,0,0,0,1.1266,0.0055
mp-1097034,375,1,1,0,2.3724,0.0355
mp-556341,747,1,1,0,1.4006,0.0000
mp-557399,68,1,1,0,3.8899,0.0073
mp-23090,804,1,1,0,2.5070,0.0000
mp-628637,1215,2,1,0,0.0000,0.0000
mp-541667,1219,1,1,0,0.9901,0.0004
mp-1206872,1284,0,0,1,0.0762,2.9642
mp-28608,1716,1,1,0,1.2591,0.0000
mp-2230365,623,1,1,1,0.6648,0.1278
mp-1225346,178,0,0,0,3.6131,0.0063
mp-1203316,1573,1,1,0,1.3777,0.0009
mp-23383,1669,1,1,0,2.0509,0.0008
mp-1216939,1343,1,1,0,2.7386,0.0000
mp-648469,615,1,1,0,1.8468,0.0720
mp-29420,1129,0,0,0,1.3426,0.0000
mp-672253,336,1,1,0,0.5616,0.0238
mp-23652,380,0,0,0,1.8506,0.0142
mp-1221809,1675,1,1,1,0.6776,0.4476
mp-561582,729,1,1,0,1.2761,0.0000
mp-1233587,1534,1,1,1,0.0213,0.1054
mp-28575,552,1,1,0,0.6399,0.0000
mp-556910,346,1,1,0,2.6328,0.0000
mp-1202377,1626,1,1,0,2.8298,0.0000
mp-1220058,50,1,1,1,0.0153,1.3512
mp-10086,9,0,0,0,1.3132,0.0000
mp-22963,1665,1,1,0,2.3360,0.0000
mp-726564,409,2,1,1,0.0000,0.3537
mp-556179,326,1,1,0,2.7409,0.0000
mp-561998,1075,1,1,0,2.1714,0.0000
mp-560423,516,1,1,0,4.6462,0.0000
mp-541750,106,1,1,0,5.5362,0.0773
mp-581488,292,1,1,0,1.4924,0.0432
mp-1224553,421,1,1,0,0.0467,0.0095
mp-1211900,772,0,0,1,1.0356,0.1631
mp-540957,1753,1,1,0,1.3877,0.0000
mp-22998,645,2,1,0,0.0000,0.0000
mp-573078,536,1,1,0,2.2845,0.0275
mp-567956,1140,0,0,0,1.6410,0.0870
mp-28372,1152,0,0,0,1.7274,0.0000
mp-555967,539,1,1,0,1.8505,0.0079
mp-540615,1151,1,1,0,1.0202,0.0000
mp-1223994,1206,1,1,0,0.2181,0.0282
mp-1195590,118,0,0,0,1.4180,0.0000
mp-555629,1356,1,1,0,3.7741,0.0000
mp-640341,468,1,1,0,1.6862,0.0000
mp-1207269,7,2,1,1,0.0000,1.9934
mp-1203609,484,1,1,1,0.4962,0.2372
mp-561307,299,1,1,0,2.7618,0.0000
mp-1224301,725,2,1,1,0.0000,0.1156
mp-1207375,643,1,1,1,0.0295,1.9483
mp-1193300,332,1,1,0,2.3960,0.0000
mp-1021492,183,0,0,0,0.7836,0.0277
mp-1233548,1533,2,1,0,0.0000,0.0973
mp-1193652,1466,1,1,0,2.1542,0.0000
mp-2240954,731,1,1,1,0.6305,0.2838
mp-1224250,389,0,0,0,0.5971,0.0763
mp-558849,348,1,1,0,1.9160,0.0120
mp-29956,829,1,1,0,1.3129,0.0000
mp-557470,214,2,1,0,0.0000,0.0000
mp-1048178,993,1,1,1,0.5571,0.2784
mp-29178,1329,1,1,0,4.6038,0.0000
mp-1235324,1545,1,1,0,0.1027,0.0358
mp-1233629,1100,1,1,1,0.9049,0.1116
mp-677013,351,1,1,0,4.1483,0.0006
mp-29567,1190,1,1,0,0.8486,0.0000
mp-650524,286,1,1,1,1.6989,0.1406
mp-1048385,1038,0,0,0,1.8113,0.0472
mp-985592,333,0,0,0,2.2955,0.0829
mp-1198427,432,1,1,1,0.5038,1.2056
mp-541158,870,1,1,0,0.5787,0.0000
mp-665901,1461,2,1,1,0.0000,0.8201
mp-562836,1026,1,1,0,2.7367,0.0021
mp-1194517,911,0,0,0,2.6633,0.0068
mp-23144,1059,1,1,0,1.5063,0.0016
mp-559805,1434,1,1,0,3.8573,0.0000
mp-23386,828,0,0,0,1.6389,0.0000
mp-1224181,1302,0,0,0,0.1767,0.0289
mp-1213068,1294,1,1,0,1.0381,0.0583
mp-1223909,1728,0,0,0,0.4591,0.0240
mp-1200510,1590,1,1,0,1.4978,0.0000
mp-1233439,1532,2,1,0,0.0000,0.0674
mp-1228296,589,0,0,0,2.6061,0.0000
mp-561299,368,1,1,0,1.8290,0.0106
mp-2229658,738,1,1,1,0.6042,0.3680
mp-560517,560,1,1,0,2.6561,0.0208
mp-675345,436,1,1,0,1.4488,0.0638
mp-1204740,1362,1,1,1,1.4780,0.1399
mp-28038,1642,1,1,0,0.5947,0.0000
mp-1199575,1638,1,1,0,0.4324,0.0000
mp-1205627,1304,1,1,0,0.9593,0.0000
mp-556418,452,1,1,0,3.9643,0.0000
mp-1213818,651,2,1,0,0.0000,0.0272
mp-29955,1306,1,1,0,1.2970,0.0000
mp-28633,1457,1,1,0,0.8927,0.0144
mp-581370,1042,1,1,0,0.2385,0.0012
mp-703875,656,1,1,0,2.6796,0.0110
mp-1181100,441,1,1,1,0.4761,0.4272
mp-1147535,397,2,1,1,0.0000,0.3640
mp-1198077,1496,0,0,0,1.1293,0.0444
mp-669328,1660,1,1,1,1.2721,0.1605
mp-555688,444,1,1,1,0.8792,0.2335
mp-866713,502,1,1,0,2.3274,0.0000
mp-559307,854,1,1,0,1.6135,0.0059
mp-556999,901,1,1,0,4.3039,0.0023
mp-1226394,1207,2,1,0,0.0000,0.0614
mp-1204134,249,0,0,0,2.2503,0.0284
mp-570873,1752,1,1,0,0.7654,0.0896
mp-1219630,1244,0,0,0,1.6949,0.0000
mp-669564,724,1,1,0,1.6143,0.0057
mp-557016,540,1,1,0,2.2644,0.0069
mp-31075,1216,1,1,0,1.3272,0.0000
mp-1045114,1022,1,1,1,1.3073,0.3908
mp-1234934,1689,2,1,0,0.0000,0.0822
mp-557285,1596,1,1,0,2.8672,0.0000
mp-1215129,360,2,1,1,0.0000,0.6902
mp-549237,101,1,1,0,1.4677,0.0415
mp-1195449,1701,0,0,0,3.1077,0.0000
mp-554511,590,1,1,0,1.5236,0.0157
mp-23567,337,1,1,0,0.5700,0.0132
mp-662789,257,0,0,0,2.0842,0.0868
mp-557006,146,1,1,0,4.4339,0.0000
mp-1219635,1066,1,1,0,2.2064,0.0137
mp-555056,572,0,0,1,1.6653,0.1244
mp-669378,671,1,1,0,0.0883,0.0000
mp-677510,69,1,1,1,0.8786,0.6050
mp-1199238,1700,1,1,0,0.0040,0.0478
mp-1234529,1657,1,1,1,0.5878,0.1993
mp-22996,1287,1,1,0,1.3811,0.0000
mp-28051,1703,1,1,0,0.8429,0.0034
mp-683899,1229,1,1,0,1.5045,0.0000
mp-1179755,857,0,0,1,0.3027,0.1588
mp-772534,303,1,1,0,2.5588,0.0196
mp-1192395,1475,1,1,0,3.0056,0.0000
mp-679669,359,1,1,0,1.9293,0.0767
mp-1216106,172,0,0,0,3.5401,0.0092
mp-1194909,1095,1,1,0,1.1220,0.0000
mp-1194579,910,0,0,0,2.8498,0.0000
mp-1233665,232,1,1,1,2.7551,0.1461
mp-1197646,1628,0,0,0,3.0197,0.0000
mp-560057,1183,0,0,0,1.1869,0.0669
mp-1200466,222,1,1,1,0.0423,0.2567
mp-559195,1025,1,1,0,2.6978,0.0000
mp-651409,1452,0,0,1,1.8850,0.1297
mp-27379,1330,1,1,1,2.1908,0.1119
mp-1181832,800,2,1,1,0.0000,0.1063
mp-1220263,234,0,0,0,2.6690,0.0266
mp-1199992,1517,0,0,0,2.3912,0.0000
mp-699570,1529,1,1,1,0.7846,0.1713
mp-571250,1124,0,0,0,1.9078,0.0000
mp-1202255,931,0,0,0,1.1750,0.0012
mp-559332,1724,1,1,0,2.3576,0.0073
mp-1226154,1592,2,1,0,0.0000,0.0183
mp-989517,567,2,1,0,0.0000,0.0644
mp-1229171,677,1,1,0,0.5861,0.0811
mp-1195181,1064,0,0,0,2.4618,0.0000
mp-1229151,655,1,1,0,0.5666,0.0653
mp-27199,1200,1,1,0,0.6303,0.0000
mp-27578,181,1,1,0,1.2407,0.0000
mp-559379,1433,1,1,0,3.1556,0.0000
mp-556362,1007,1,1,0,3.6197,0.0071
mp-571169,1204,1,1,0,1.2945,0.0178
mp-1206068,658,1,1,0,1.6270,0.0027
mp-1201424,1616,1,1,0,1.0909,0.0000
mp-1196906,379,1,1,1,0.6526,1.0998
mp-1209082,1077,1,1,0,4.3130,0.0000
mp-567720,1209,1,1,0,0.4656,0.0097
mp-1204878,1313,1,1,0,0.1289,0.0000
mp-675987,822,2,1,1,0.0000,0.1832
mp-554294,135,1,1,0,5.0262,0.0250
mp-1208658,538,1,1,0,1.7349,0.0022
mp-721815,628,2,1,0,0.0000,0.0878
mp-29689,1757,1,1,0,0.5137,0.0000
mp-556551,1008,1,1,0,2.9930,0.0000
mp-556094,418,0,0,0,1.0752,0.0000
mp-1223737,1163,1,1,1,0.1799,0.2844
mp-649177,1385,1,1,0,2.1693,0.0265
mp-979414,478,1,1,0,1.9830,0.0044
mp-1195065,884,0,0,0,2.1005,0.0221
mp-568603,971,1,1,0,0.8961,0.0247
mp-1234500,1109,1,1,0,0.4971,0.0419
mp-1214871,1607,0,0,1,1.8972,0.1551
mp-569687,992,1,1,0,0.6295,0.0027
mp-1196410,1087,0,0,0,0.0682,0.0163
mp-1197810,310,1,1,0,1.9469,0.0000
mp-557161,154,0,0,1,1.2306,0.1462
mp-1147584,802,2,1,1,0.0000,0.5532
mp-1219205,175,0,0,0,3.5041,0.0008
mp-1147540,705,2,1,1,0.0000,0.2801
mp-1205307,472,1,1,0,1.8865,0.0059
mp-570544,1181,1,1,0,2.8159,0.0000
mp-561328,914,1,1,0,2.6001,0.0000
mp-540924,1737,1,1,0,0.4578,0.0000
mp-1191290,508,1,1,1,2.7911,0.8974
mp-1013939,22,2,1,1,0.0000,0.1905
mp-555527,667,0,0,0,2.6145,0.0000
mp-17769,55,1,1,0,5.8517,0.0069
mp-1198395,1727,1,1,1,0.0454,0.4707
mp-540792,703,1,1,0,2.4518,0.0000
mp-1105952,61,1,1,0,4.1937,0.0000
mp-1194789,1261,1,1,0,1.4534,0.0948
mp-1202647,683,1,1,0,1.8641,0.0000
mp-671913,1091,1,1,1,1.0987,0.1665
mp-679999,1157,0,0,0,1.5553,0.0000
mp-638705,548,1,1,1,1.3164,0.2374
mp-1201155,1053,2,1,0,0.0000,0.0000
mp-2232217,98,1,1,0,3.6246,0.0919
mp-559895,1619,1,1,0,0.5857,0.0034
mp-643203,1127,2,1,0,0.0000,0.0089
mp-557531,86,0,0,0,3.7964,0.0000
mp-610491,980,1,1,0,1.8404,0.0000
mp-1205421,555,0,0,0,3.3005,0.0000
mp-2932665,200,1,1,0,0.4967,0.0000
mp-1215087,845,0,0,1,0.2800,1.1209
mp-17921,920,1,1,0,4.5144,0.0000
mp-1235050,1110,2,1,0,0.0000,0.0473
mp-556693,1169,1,1,0,1.0677,0.0490
mp-1235409,1690,1,1,0,0.2835,0.0464
mp-1202858,425,0,0,0,2.1278,0.0000
mp-27246,644,0,0,0,2.9943,0.0000
mp-29234,1707,0,0,0,1.7076,0.0000
mp-1188137,691,2,1,1,0.0000,0.3000
mp-23096,1001,1,1,0,4.3364,0.0000
mp-1225073,1587,1,1,0,1.4202,0.0000
mp-662556,1653,1,1,0,1.9421,0.0000
mp-554459,685,1,1,0,1.3802,0.0000
mp-942701,71,2,1,0,0.0000,0.0073
mp-6384,24,1,1,0,4.1099,0.0118
mp-1208844,630,1,1,0,2.9463,0.0000
mp-583476,873,1,1,0,0.4354,0.0000
mp-1266944,1018,1,1,1,0.1970,0.5059
mp-569902,1122,1,1,1,1.8425,0.1588
mp-1201961,1598,1,1,0,0.8944,0.0000
mp-1235024,1541,2,1,0,0.0000,0.0399
mp-3931,15,0,0,0,1.2297,0.0000
mp-1235827,115,1,1,1,0.8359,0.2449
mp-2228512,1639,2,1,0,0.0000,0.0937
mp-570125,1643,1,1,0,1.8821,0.0000
mp-756473,477,1,1,0,1.9497,0.0038
mp-1264957,1023,1,1,1,1.8001,0.2032
mp-2241078,496,1,1,1,0.8791,0.2526
mp-27833,1416,1,1,0,2.5741,0.0000
mp-557746,1063,0,0,0,4.1240,0.0000
mp-674324,757,1,1,1,2.0136,0.1110
mp-989388,46,2,1,1,0.0000,0.4716
mp-13339,1340,1,1,0,0.7291,0.0095
mp-29051,465,0,0,0,1.2552,0.0000
mp-557049,344,1,1,0,1.6373,0.0075
mp-2217903,495,1,1,1,0.9003,0.2306
mp-2229527,504,2,1,1,0.0000,0.3931
mp-582657,1744,1,1,0,0.3963,0.0000
mp-979264,1562,1,1,0,1.0896,0.0000
mp-560589,226,0,0,1,2.2159,0.1040
mp-557791,275,1,1,1,1.2491,0.1236
mp-22995,768,1,1,0,0.5478,0.0668
mp-1235589,1437,1,1,1,0.5885,0.2085
mp-562912,1495,1,1,0,2.2763,0.0000
mp-3632,21,1,1,0,2.5593,0.0265
mp-556705,197,1,1,0,3.7948,0.0000
mp-1236376,1694,1,1,0,0.2446,0.0478
mp-560639,198,1,1,0,2.6548,0.0012
mp-28458,1286,0,0,0,2.3090,0.0000
mp-557635,919,0,0,0,1.5474,0.0553
mp-573274,752,1,1,0,0.0380,0.0000
mp-624200,1191,1,1,0,1.4268,0.0000
mp-31038,973,1,1,0,0.8067,0.0000
mp-1195676,65,1,1,0,0.4309,0.0000
mp-1227702,427,1,1,0,4.2895,0.0301
mp-1235095,1542,1,1,0,0.1990,0.0493
mp-1193210,1308,1,1,0,2.6330,0.0000
mp-1213776,556,0,0,0,0.1448,0.0138
mp-1013750,184,0,0,0,2.5945,0.0446
mp-2355707,1278,0,0,0,0.1055,0.0000
mp-16742,1341,0,0,0,1.5110,0.0000
mp-1219578,52,0,0,0,5.1068,0.0000
mp-1236013,1115,1,1,0,0.1322,0.0445
mp-554279,373,1,1,0,2.7629,0.0000
mp-571177,1618,1,1,0,1.2572,0.0109
mp-559716,543,1,1,1,0.4905,0.1911
mp-1229176,242,1,1,0,3.8372,0.0282
mp-1191663,1580,1,1,1,0.1776,0.1017
mp-570270,1082,1,1,0,0.7559,0.0000
mp-558847,723,1,1,0,1.8744,0.0690
mp-29715,1682,2,1,0,0.0000,0.0114
mp-1245640,744,1,1,0,2.2614,0.0430
mp-557085,445,0,0,1,0.8885,0.2537
mp-572313,1622,2,1,0,0.0000,0.0136
mp-23418,386,1,1,0,1.9398,0.0000
mp-554007,1617,1,1,0,1.8634,0.0118
mp-555833,746,1,1,0,1.7802,0.0000
mp-29097,1652,1,1,0,2.0454,0.0000
mp-555458,865,2,1,0,0.0000,0.0222
mp-560450,254,0,0,0,3.5694,0.0853
mp-1048587,1017,1,1,1,0.3958,0.5273
mp-1220698,362,1,1,0,1.1212,0.0918
mp-1197963,820,0,0,0,2.4325,0.0000
mp-1205361,1740,0,0,0,1.0601,0.0613
mp-17805,953,0,0,0,2.0002,0.0000
mp-554370,563,1,1,0,2.6537,0.0222
mp-561112,1056,0,0,0,4.0939,0.0001
mp-556785,1336,1,1,0,4.8863,0.0000
mp-622294,710,1,1,0,2.2960,0.0917
mp-1199243,311,1,1,0,1.9586,0.0000
mp-561647,1358,1,1,0,5.0319,0.0000
mp-1095595,785,1,1,0,1.6628,0.0025
mp-28518,727,0,0,0,1.8121,0.0044
mp-1205799,823,2,1,1,0.0000,0.1212
mp-1080029,937,2,1,0,0.0000,0.0000
mp-5760,18,0,0,0,1.2363,0.0000
mp-1200464,1497,1,1,0,1.9996,0.0085
mp-23498,1234,1,1,0,0.7364,0.0000
mp-1078562,30,0,0,0,1.2533,0.0072
mp-655834,1210,1,1,1,0.1502,0.1265
mp-1048246,1037,2,1,1,0.0000,0.3148
mp-555090,511,1,1,0,4.6504,0.0091
mp-580748,974,1,1,0,1.1641,0.0000
mp-560180,187,1,1,1,2.5059,0.3528
mp-29236,1599,0,0,0,1.7356,0.0000
mp-1209349,722,2,1,0,0.0000,0.0275
mp-1224043,672,0,0,0,0.9666,0.0085
mp-27866,437,1,1,0,1.4385,0.0000
mp-556728,530,1,1,0,2.3564,0.0000
mp-680421,689,2,1,0,0.0000,0.0000
mp-683967,1574,0,0,0,3.4292,0.0000
mp-554732,112,1,1,0,4.6867,0.0000
mp-27180,633,1,1,0,2.6382,0.0000
mp-680169,218,0,0,0,4.9055,0.0000
mp-1209293,631,1,1,0,2.8424,0.0000
mp-650674,961,0,0,0,1.4762,0.0000
mp-1021490,182,1,1,0,2.6861,0.0438
mp-1207395,745,0,0,0,1.8586,0.0000
mp-22965,1711,1,1,0,1.2325,0.0000
mp-1203849,1186,1,1,0,1.6847,0.0000
mp-31305,1563,1,1,0,1.0069,0.0058
mp-723419,255,1,1,0,1.9679,0.0000
mp-554079,527,1,1,0,1.3789,0.0924
mp-1205247,149,0,0,1,2.8691,0.1439
mp-1198103,694,0,0,0,1.8225,0.0000
mp-28330,1408,1,1,0,1.5508,0.0000
mp-1235291,1113,2,1,0,0.0000,0.0462
mp-1356028,1555,1,1,1,0.0859,3.4928
mp-720110,1146,1,1,0,1.3125,0.0000
mp-567478,1212,1,1,0,0.6252,0.0077
mp-541756,1449,2,1,0,0.0000,0.0126
mp-2217831,730,1,1,1,1.1908,0.1606
mp-1190566,51,1,1,0,4.4542,0.0000
mp-23036,1250,1,1,0,1.6978,0.0000
mp-28985,1170,1,1,0,2.0148,0.0000
mp-1215016,1608,0,0,0,0.2079,0.0008
mp-1204573,1318,1,1,0,1.3756,0.0170
mp-29857,1188,1,1,0,1.0710,0.0276
mp-23112,199,2,1,1,0.0000,0.1037
mp-541204,258,1,1,1,2.2041,0.1068
mp-542426,812,0,0,0,0.4529,0.0210
mp-560845,395,1,1,0,1.4078,0.0286
mp-1234080,1101,1,1,1,0.7350,0.1206
mp-1180423,1427,2,1,1,0.0000,0.3907
mp-1198863,388,0,0,0,1.8038,0.0055
mp-561326,917,1,1,0,3.9164,0.0016
mp-561126,809,0,0,0,2.5480,0.0000
mp-555343,1227,1,1,0,2.8709,0.0000
mp-1199926,128,2,1,0,0.0000,0.0000
mp-680334,714,1,1,0,2.1637,0.0000
mp-1200918,833,0,0,1,0.0796,1.3834
mp-669434,1723,2,1,1,0.0000,0.1318
mp-1045571,1032,0,0,1,1.5065,0.1872
mp-653758,624,1,1,0,0.0005,0.0668
mp-28064,438,1,1,0,2.8648,0.0000
mp-27829,1131,1,1,0,2.6051,0.0000
mp-569939,983,1,1,0,0.5500,0.0041
mp-571404,1305,1,1,0,1.2692,0.0053
mp-510727,1344,1,1,0,3.1780,0.0000
mp-1222482,801,0,0,0,1.5398,0.0000
mp-28211,616,1,1,0,1.8369,0.0000
mp-1193551,1078,1,1,0,0.2982,0.0065
mp-1018667,1399,2,1,0,0.0000,0.0309
mp-559350,564,0,0,1,1.5597,0.1689
mp-29748,1704,2,1,0,0.0000,0.0000
mp-686599,1167,0,0,1,0.2500,0.8245
mp-1209710,608,0,0,0,2.1879,0.0150
mp-505357,1289,0,0,0,1.6754,0.0000
mp-1193891,1360,2,1,1,0.0000,0.1775
mp-554599,84,1,1,0,4.3518,0.0047
mp-18626,204,2,1,0,0.0000,0.0000
mp-1191374,483,1,1,1,0.8916,0.1669
mp-1224128,370,1,1,1,0.8936,0.5463
mp-560468,670,0,0,0,2.6881,0.0000
mp-541868,1490,1,1,0,0.0528,0.0014
mp-505564,1156,1,1,0,1.0179,0.0000
mp-27851,1047,1,1,0,1.7701,0.0000
mp-1208562,951,0,0,0,1.1084,0.0684
mp-1342613,241,2,1,1,0.0000,5.3169
mp-1234172,1538,2,1,0,0.0000,0.0866
mp-28866,1456,2,1,0,0.0000,0.0038
mp-1014204,390,0,0,0,0.8334,0.0387
mp-558122,321,1,1,0,1.9163,0.0000
mp-554532,1345,1,1,0,4.4880,0.0000
mp-1214856,443,1,1,0,2.4413,0.0853
mp-560222,23,1,1,0,5.3459,0.0000
mp-645663,1265,1,1,0,1.4869,0.0000
mp-555408,196,0,0,1,2.0126,0.1996
mp-1210554,782,1,1,0,0.9080,0.0229
mp-1234900,231,1,1,0,3.0932,0.0846
mp-555955,899,1,1,0,3.8060,0.0000
mp-559575,905,1,1,0,1.4197,0.0000
mp-1235262,1554,1,1,0,0.1826,0.0646
mp-2217781,219,1,1,1,2.1246,0.3052
mp-1120728,978,0,0,0,2.5100,0.0000
mp-1236135,1550,2,1,0,0.0000,0.0288
mp-1048591,982,1,1,1,0.4265,0.1932
mp-676260,1641,2,1,0,0.0000,0.0624
mp-557029,345,1,1,1,1.5036,0.4396
mp-6560,25,1,1,0,3.9815,0.0188
mp-556169,900,1,1,0,4.2667,0.0237
mp-1214204,40,0,0,1,0.2906,0.3201
mp-720360,120,1,1,0,5.1477,0.0060
mp-1095437,887,1,1,0,3.8707,0.0000
mp-1105779,493,1,1,1,0.0392,0.3302
mp-568572,1145,2,1,0,0.0000,0.0158
mp-1106129,1633,0,0,0,1.8311,0.0456
mp-1219504,1435,1,1,0,2.6933,0.0021
mp-554625,600,1,1,0,1.8257,0.0573
mp-554735,834,1,1,0,2.0573,0.0044
mp-9205,889,1,1,0,3.3338,0.0000
mp-567731,1231,1,1,0,1.2470,0.0000
mp-28929,789,0,0,0,2.7811,0.0000
mp-555282,585,1,1,1,2.5190,0.1301
mp-1236147,114,1,1,1,0.8435,0.2425
mp-1233675,1535,2,1,1,0.0000,0.1144
mp-1337931,519,1,1,0,1.3047,0.0064
mp-1208533,1269,0,0,0,0.1797,0.0000
mp-29499,1582,1,1,0,0.9398,0.0000
mp-556938,1326,0,0,0,0.1791,0.0000
mp-29114,1509,1,1,0,1.2693,0.0000
mp-567949,1208,1,1,0,1.3281,0.0037
mp-1228968,718,1,1,0,2.0767,0.0021
mp-1224205,503,1,1,1,2.3966,0.1459
mp-1079481,721,1,1,1,0.1479,0.3612
mp-554061,659,0,0,0,0.6737,0.0138
mp-1220227,411,1,1,0,2.8926,0.0206
mp-554183,557,0,0,0,2.5687,0.0000
mp-1203106,1585,0,0,0,1.4002,0.0000
mp-1247820,260,1,1,1,0.5332,0.5360
mp-14673,293,0,0,0,1.7301,0.0000
mp-1195946,1137,2,1,0,0.0000,0.0184
mp-23435,1712,1,1,0,0.1682,0.0388
mp-680015,1257,0,0,0,1.3216,0.0000
mp-1207301,926,2,1,1,0.0000,1.7299
mp-28944,1407,1,1,0,1.5135,0.0000
mp-1018752,1398,0,0,0,0.6571,0.0026
mp-1194539,605,0,0,0,1.9032,0.0000
mp-624000,1581,1,1,1,0.2049,0.1334
mp-559932,1359,1,1,0,4.2547,0.0000
mp-557736,1363,1,1,1,2.2532,0.3171
mp-569824,1459,2,1,0,0.0000,0.0242
mp-1190551,127,0,0,0,2.0527,0.0049
mp-33723,1602,1,1,0,1.2364,0.0000
mp-1197776,285,1,1,0,3.0463,0.0538
mp-728416,1373,1,1,1,0.5386,0.1069
mp-649080,620,1,1,0,1.9423,0.0161
mp-1194529,707,1,1,1,2.1758,0.1329
mp-2229416,506,1,1,1,0.4755,0.3675
mp-559681,1637,2,1,0,0.0000,0.0105
mp-23119,1054,2,1,0,0.0000,0.0079
mp-559000,966,0,0,0,1.5285,0.0000
mp-567713,1755,0,0,0,0.4801,0.0009
mp-1233562,1655,1,1,1,1.9302,0.1446
mp-1212663,454,0,0,0,5.0754,0.0372
mp-648140,603,1,1,0,2.5981,0.0201
mp-1105647,1561,1,1,0,1.1251,0.0000
mp-680446,1242,0,0,0,1.3783,0.0000
mp-22392,891,2,1,1,0.0000,0.3909
mp-12368,185,0,0,0,2.6713,0.0961
mp-1219884,233,0,0,0,2.6461,0.0000
mp-693393,78,0,0,0,4.6104,0.0232
mp-510347,639,1,1,0,1.1149,0.0000
mp-1234722,1539,2,1,0,0.0000,0.0974
mp-555012,341,1,1,0,1.2950,0.0512
mp-1204862,159,0,0,1,2.4483,0.1546
mp-654051,872,2,1,0,0.0000,0.0000
mp-1173580,1246,1,1,1,0.0032,0.2948
mp-556111,886,1,1,1,1.5788,0.1034
mp-572763,533,1,1,0,2.1596,0.0072
mp-1218416,152,2,1,0,0.0000,0.0088
mp-567734,1093,0,0,0,2.1167,0.0000
mp-556278,294,1,1,0,2.0161,0.0369
mp-1193732,1480,1,1,0,1.4221,0.0043
mp-569149,1417,1,1,0,2.5557,0.0000
mp-562004,1503,1,1,0,2.1672,0.0000
mp-989518,568,2,1,0,0.0000,0.0679
mp-1191291,736,0,0,1,2.4712,0.9014
mp-29599,750,0,0,0,1.3351,0.0000
mp-1236214,95,1,1,1,0.6569,0.2376
mp-680388,1439,1,1,0,0.0001,0.0091
mp-639164,1673,1,1,0,2.2401,0.0000
mp-558364,1558,2,1,0,0.0000,0.0151
mp-28176,1443,0,0,0,1.5721,0.0099
mp-1235057,1543,1,1,0,0.0282,0.0355
mp-1209865,1194,2,1,0,0.0000,0.0012
mp-695559,79,1,1,0,4.7708,0.0225
mp-4973,16,2,1,0,0.0000,0.0000
mp-557272,486,1,1,1,1.0462,0.1192
mp-1205478,962,0,0,0,1.4680,0.0000
mp-2422943,475,1,1,0,2.0094,0.0009
mp-1219041,1321,1,1,0,0.9176,0.0695
mp-1194644,64,1,1,0,3.9250,0.0000
mp-1206751,1282,1,1,1,0.0658,2.9702
mp-1225925,1552,2,1,0,0.0000,0.0139
mp-1211464,792,0,0,0,2.1752,0.0000
mp-1217513,1699,0,0,1,0.1602,0.1022
mp-1193765,733,2,1,1,0.0000,0.6117
mp-1080544,774,2,1,1,0.0000,0.5026
mp-1214108,1080,2,1,1,0.0000,0.5704
mp-1235788,1693,1,1,0,0.2706,0.0361
mp-554265,558,1,1,0,3.2869,0.0001
mp-1190453,420,1,1,0,2.1611,0.0000
mp-545344,1470,1,1,1,0.2552,0.1051
mp-559847,414,1,1,0,1.2689,0.0000
mp-532767,366,2,1,0,0.0000,0.0873
mp-559911,728,1,1,0,0.6915,0.0000
mp-12620,875,0,0,0,0.9158,0.0000
mp-1104676,1266,1,1,0,0.0757,0.0000
mp-23140,810,0,0,0,1.3584,0.0000
mp-1203697,356,0,0,0,1.8362,0.0018
mp-540644,868,1,1,0,1.2495,0.0006
mp-1198792,1662,1,1,0,0.5302,0.0595
mp-1235468,1692,1,1,0,0.2992,0.0520
mp-1236727,1696,1,1,0,0.2246,0.0366
mp-554096,709,0,0,0,2.3372,0.0520
mp-2017401,473,0,0,0,2.1759,0.0036
mp-557410,1614,1,1,0,1.9685,0.0139
mp-1213116,985,1,1,0,1.0564,0.0871
mp-1209965,781,2,1,0,0.0000,0.0112
mp-559978,289,1,1,1,1.1666,0.2436
mp-1013900,304,2,1,0,0.0000,0.0096
mp-1202691,1300,1,1,0,1.1734,0.0354
mp-560042,190,1,1,1,1.5036,0.1717
mp-1204544,1372,1,1,0,3.2424,0.0214
mp-558716,531,1,1,1,1.0193,0.1061
mp-1224081,1202,1,1,0,0.4908,0.0498
mp-555161,1519,1,1,0,3.0400,0.0015
mp-27490,1465,2,1,0,0.0000,0.0000
mp-1102615,1420,1,1,0,0.0140,0.0242
mp-557136,1052,2,1,0,0.0000,0.0058
mp-551403,100,1,1,0,1.8181,0.0264
mp-607785,1184,0,0,0,3.1133,0.0000
mp-560107,207,1,1,0,2.4223,0.0458
mp-1204181,422,2,1,1,0.0000,1.1808
mp-637112,202,1,1,1,1.8307,0.1855
mp-726716,1428,2,1,1,0.0000,0.5475
mp-1195865,1523,1,1,0,1.4548,0.0000
mp-1213564,1000,0,0,1,0.0200,0.6206
mp-557484,491,1,1,1,2.0317,0.1112
mp-1205403,1148,1,1,0,2.5979,0.0000
mp-28798,1710,2,1,1,0.0000,0.2204
mp-23405,1668,1,1,0,2.1121,0.0000
mp-710062,944,1,1,0,3.6908,0.0212
mp-1194885,116,1,1,0,2.4277,0.0000
mp-510346,1196,1,1,0,0.7435,0.0254
mp-1215096,849,1,1,1,0.3660,1.1158
mp-27616,305,0,0,0,2.9329,0.0000
mp-1210250,1256,1,1,0,0.9682,0.0084
mp-651154,269,2,1,1,0.0000,0.1697
mp-1212165,969,2,1,1,0.0000,0.7828
mp-29880,470,1,1,0,3.5037,0.0000
mp-1206833,3,2,1,1,0.0000,1.9631
mp-554401,1486,2,1,0,0.0000,0.0092
mp-28174,551,1,1,0,1.7553,0.0000
mp-1203440,77,1,1,0,4.2073,0.0000
mp-558350,1629,1,1,0,3.3087,0.0000
mp-647878,570,1,1,1,1.7915,0.2878
mp-23657,74,1,1,0,4.7742,0.0000
mp-866812,575,1,1,0,0.1830,0.0000
mp-540656,848,1,1,0,2.5185,0.0000
mp-1218308,1189,1,1,0,0.5301,0.0000
mp-505260,1766,1,1,0,1.1881,0.0480
mp-560703,270,1,1,1,2.0331,0.1324
mp-706456,277,1,1,1,0.0800,0.3835
mp-1213844,306,0,0,0,0.1365,0.0000
mp-557019,1072,1,1,0,4.3055,0.0000
mp-1214996,212,1,1,1,1.5211,0.1652
mp-1198418,1513,1,1,0,1.1624,0.0000
mp-560066,170,1,1,0,3.4487,0.0362
mp-768092,139,1,1,0,1.5414,0.0589
mp-1006611,259,2,1,1,0.0000,0.9499
mp-555074,673,1,1,0,1.5415,0.0017
mp-1235317,94,1,1,1,1.0414,0.2071
mp-554419,1024,1,1,1,0.7540,0.1072
mp-1197298,361,1,1,0,2.2937,0.0000
mp-1190020,1119,1,1,0,1.1162,0.0074
mp-27527,1714,2,1,0,0.0000,0.0000
mp-1147579,402,2,1,1,0.0000,0.1049
mp-541134,1681,1,1,1,0.8075,0.3279
mp-571313,1179,1,1,0,2.7990,0.0000
mp-2748369,1277,1,1,0,0.2872,0.0000
mp-1223192,464,0,0,0,4.3510,0.0120
mp-549058,938,1,1,0,1.8100,0.0039
mp-558875,1477,0,0,0,2.9145,0.0000
mp-649130,1150,0,0,1,0.0541,0.1415
mp-541401,950,1,1,1,2.3512,0.1080
mp-1235510,1547,1,1,0,0.0922,0.0431
mp-31076,1664,1,1,0,2.1632,0.0000
mp-729448,803,2,1,0,0.0000,0.0482
mp-639335,1211,1,1,1,0.1832,0.1250
mp-1105564,816,2,1,0,0.0000,0.0000
mp-651161,935,0,0,0,1.7121,0.0647
mp-1173624,1578,0,0,0,2.6333,0.0000
mp-2017348,474,0,0,0,2.2983,0.0078
mp-1222389,58,1,1,0,3.4481,0.0092
mp-942700,70,1,1,0,4.2066,0.0015
mp-560324,374,1,1,0,2.4564,0.0000
mp-754462,1367,1,1,0,0.9945,0.0870
mp-560687,1762,1,1,1,0.6455,0.1417
mp-1209341,649,1,1,0,2.7479,0.0022
mp-1147542,706,2,1,0,0.0000,0.0129
mp-1214805,814,1,1,0,1.8295,0.0066
mp-1235735,1548,2,1,0,0.0000,0.0429
mp-731744,734,1,1,1,0.8111,0.5037
mp-559874,1473,1,1,0,2.1486,0.0072
mp-1246700,203,0,0,1,3.2989,0.4363
mp-1234154,1103,1,1,0,1.2762,0.0553
mp-653586,417,1,1,1,0.2488,0.3099
mp-676611,439,1,1,1,0.9447,0.1700
mp-558257,1010,1,1,0,4.3669,0.0000
mp-29096,700,1,1,0,1.4870,0.0000
mp-667742,963,0,0,1,0.0446,0.1497
mp-1095263,882,1,1,0,2.8304,0.0000
mp-770642,144,0,0,0,1.7329,0.0843
mp-1147576,398,2,1,1,0.0000,0.3243
mp-27361,1048,1,1,0,0.9934,0.0000
mp-573751,1403,1,1,0,3.3025,0.0000
mp-30971,1444,1,1,0,0.5969,0.0000
mp-555034,1347,1,1,0,1.9259,0.0153
mp-1198254,239,0,0,1,0.6910,0.3398
mp-558770,284,1,1,1,2.4350,0.2095
mp-1197804,690,1,1,0,1.7400,0.0000
mp-558663,1556,1,1,0,0.5422,0.0000
mp-1196619,1135,1,1,0,1.5989,0.0000
mp-1206628,2,2,1,1,0.0000,1.7205
mp-1218418,1062,1,1,0,4.2893,0.0000
mp-1208978,928,2,1,1,0.0000,1.3361
mp-1403285,1611,2,1,1,0.0000,1.6625
mp-558759,1566,1,1,0,3.3605,0.0076
mp-505104,1041,2,1,0,0.0000,0.0000
mp-1226127,331,1,1,0,0.8113,0.0046
mp-557980,665,1,1,1,0.9281,0.3570
mp-560005,408,1,1,0,1.8577,0.0000
mp-652068,119,0,0,0,5.6585,0.0908
mp-653823,1516,1,1,0,0.0638,0.0454
mp-676501,698,1,1,0,3.4126,0.0108
mp-683890,713,1,1,0,1.8417,0.0000
mp-2217837,210,1,1,1,0.6807,0.4120
mp-556310,515,1,1,0,1.9832,0.0310
mp-558478,941,0,0,0,1.4586,0.0000
mp-1204668,1741,1,1,0,2.2596,0.0000
mp-1209284,1646,2,1,0,0.0000,0.0068
mp-985591,676,1,1,0,2.1394,0.0505
mp-573465,1464,0,0,0,0.1985,0.0000
mp-542133,324,1,1,0,0.1024,0.0000
mp-557809,607,0,0,0,1.7743,0.0000
mp-555092,367,0,0,1,2.7764,0.1616
mp-560986,215,1,1,1,1.5718,0.1295
mp-1234732,1108,1,1,0,1.0540,0.0655
mp-29116,1324,1,1,0,0.5727,0.0103
mp-1203263,526,1,1,1,1.3868,0.3550
mp-23645,428,1,1,0,4.2054,0.0000
mp-612946,1354,1,1,1,3.9669,0.1073
mp-1200788,1243,1,1,0,1.3646,0.0000
mp-16801,54,1,1,0,0.2226,0.0000
mp-1207254,4,2,1,1,0.0000,1.9850
mp-555288,188,1,1,0,2.5320,0.0000
mp-1192364,1370,1,1,0,2.4788,0.0000
mp-1235067,113,2,1,1,0.0000,0.2481
mp-556763,949,1,1,1,1.2297,0.1558
mp-558745,353,1,1,0,0.1333,0.0000
mp-1195199,923,0,0,0,2.8394,0.0000
mp-573340,1176,1,1,0,1.3168,0.0000
mp-27741,1705,1,1,0,1.1214,0.0000
mp-557904,213,1,1,1,1.5584,0.1303
mp-559521,316,1,1,0,1.5805,0.0000
mp-1173622,1577,0,0,0,2.6886,0.0000
mp-27688,1749,1,1,0,1.7449,0.0000
mp-28684,968,0,0,0,1.9030,0.0127
mp-556040,415,0,0,0,4.7193,0.0000
mp-555814,1636,0,0,0,0.0091,0.0238
mp-2229921,739,1,1,1,0.4932,0.3699
mp-1193439,1069,1,1,0,0.3384,0.0240
mp-721012,458,1,1,0,5.0397,0.0153
mp-1106130,921,2,1,1,0.0000,0.3224
mp-1220410,602,1,1,1,0.1225,0.1220
mp-1204730,1307,1,1,1,0.6483,0.5245
mp-1205269,869,1,1,1,1.1777,0.6368
mp-29568,594,1,1,0,1.8602,0.0000
mp-1199775,1674,1,1,1,0.6633,0.5519
mp-1191037,945,0,0,0,1.6736,0.0000
mp-685999,767,2,1,1,0.0000,0.2730
mp-662513,1448,2,1,0,0.0000,0.0217
mp-554285,155,1,1,0,4.9473,0.0008
mp-1217532,1380,0,0,0,2.9326,0.0079
mp-1223297,696,1,1,0,0.3095,0.0354
mp-676712,975,1,1,0,1.5368,0.0000
mp-558099,756,1,1,0,1.6588,0.0141
mp-1197719,695,1,1,0,2.2876,0.0000
mp-559602,194,1,1,0,2.7813,0.0000
mp-555909,1083,1,1,0,3.7466,0.0000
mp-559337,609,1,1,0,1.2212,0.0174
mp-1207516,1138,0,0,0,1.0312,0.0013
mp-1198499,261,1,1,0,2.5374,0.0656
mp-1236046,1549,1,1,0,0.1048,0.0545
mp-1079487,702,1,1,0,1.5000,0.0000
mp-554627,692,0,0,0,0.8184,0.0015
mp-36600,641,1,1,0,0.3977,0.0683
mp-1200930,1311,1,1,0,2.7977,0.0062
mp-695699,225,1,1,1,0.7743,0.3921
mp-1048241,1027,2,1,1,0.0000,0.4414
mp-680059,583,1,1,0,1.6865,0.0000
mp-669474,1364,1,1,0,3.1862,0.0103
mp-1203469,1591,0,0,0,1.3095,0.0253
mp-679987,534,1,1,0,1.7050,0.0000
mp-1215080,638,0,0,1,0.3945,1.7073
mp-1217461,1735,1,1,1,0.7676,0.2162
mp-1225708,125,0,0,0,1.7451,0.0487
mp-29117,1756,1,1,0,0.5502,0.0062
mp-1195918,1588,1,1,0,1.4941,0.0000
mp-1196951,1623,1,1,0,1.2014,0.0000
mp-683957,1560,1,1,0,1.4914,0.0000
mp-1194939,240,1,1,0,0.5619,0.0000
mp-1207264,6,2,1,1,0.0000,1.7294
mp-1219043,1317,1,1,0,1.0447,0.0612
mp-1233220,1530,2,1,1,0.0000,0.1060
mp-1202203,726,0,0,0,1.4823,0.0061
mp-623135,1460,1,1,0,1.3962,0.0285
mp-729342,549,1,1,1,1.1148,0.1986
mp-28175,1130,1,1,0,1.7002,0.0000
mp-1235206,92,1,1,1,1.0342,0.1887
mp-1206385,1283,1,1,1,0.0950,2.9088
mp-2232163,97,1,1,1,3.7741,0.1237
mp-1236401,1695,1,1,0,0.3088,0.0479
mp-1225472,512,1,1,0,2.9482,0.0000
mp-1202250,1299,0,0,0,0.0097,0.0439
mp-559514,451,1,1,0,3.0831,0.0000
mp-556406,248,1,1,0,4.5450,0.0402
mp-42091,372,1,1,0,3.9145,0.0056
mp-21228,892,0,0,0,1.1989,0.0005
mp-2217785,578,1,1,1,0.1388,0.3060
mp-1223492,371,1,1,0,4.2515,0.0000
mp-578882,850,0,0,0,1.9425,0.0273
mp-1201031,262,1,1,0,3.2295,0.0317
mp-1212325,1500,1,1,1,0.3503,0.9482
mp-558288,273,0,0,0,3.4985,0.0379
mp-1196236,922,1,1,1,0.1897,0.2853
mp-1223756,1612,2,1,1,0.0000,0.1331
mp-5394,17,0,0,0,1.4881,0.0000
mp-555409,805,1,1,0,0.1101,0.0000
mp-1192381,1353,0,0,1,0.0494,0.1297
mp-630927,1252,1,1,0,1.9784,0.0528
mp-2213515,1729,1,1,0,0.1112,0.0220
mp-559033,407,1,1,1,0.8105,0.2754
mp-559814,840,0,0,0,2.7011,0.0000
mp-29716,1683,1,1,0,2.1847,0.0000
mp-27717,121,1,1,0,2.4626,0.0703
mp-1210823,779,1,1,1,1.1589,0.3525
mp-1046702,163,1,1,1,1.2534,0.2363
mp-568916,1521,0,0,0,1.9503,0.0000
mp-28745,1706,1,1,0,0.7160,0.0000
mp-1182473,1722,2,1,1,0.0000,1.0604
mp-1226363,334,2,1,0,0.0000,0.0000
mp-1206671,1280,1,1,1,0.0479,2.8841
mp-1080438,1338,0,0,0,1.2847,0.0000
mp-30934,847,1,1,0,2.0753,0.0000
mp-669345,1404,0,0,0,2.7878,0.0003
mp-1233289,1531,1,1,1,0.0029,0.1107
mp-1194704,1476,1,1,0,0.6435,0.0061
mp-2218742,598,1,1,1,0.4474,0.1872
mp-1208334,1374,2,1,0,0.0000,0.0714
mp-2227262,1376,1,1,1,1.3893,0.1786
mp-1209894,793,0,0,0,2.0315,0.0000
mp-1232974,1098,2,1,0,0.0000,0.0640
mp-1217392,588,1,1,0,2.3490,0.0015
mp-1229086,49,1,1,0,2.4337,0.0000
mp-1197501,1225,1,1,0,3.1938,0.0046
mp-1193560,1029,1,1,0,2.3641,0.0000
mp-557130,1431,0,0,0,3.7044,0.0000
mp-505088,1709,0,0,0,0.5477,0.0000
mp-555517,1044,2,1,0,0.0000,0.0135
mp-567060,1241,1,1,1,1.8781,0.1067
mp-1207611,775,1,1,1,1.0647,0.3283
mp-1080650,31,0,0,0,1.6223,0.0040
mp-557231,1349,1,1,0,3.7470,0.0000
mp-554643,136,1,1,0,4.9328,0.0000
mp-1196912,984,1,1,0,1.6399,0.0000
mp-863004,107,1,1,1,0.1530,0.1431
mp-1100439,1193,1,1,1,1.5458,0.8503
mp-30097,1571,1,1,0,0.8311,0.0000
mp-570084,1296,0,0,0,1.2264,0.0044
mp-1235131,1688,1,1,0,0.3071,0.0335
mp-1196459,1264,0,0,0,1.8019,0.0000
mp-1212273,627,1,1,1,0.0220,0.3346
mp-557570,1350,1,1,0,3.0984,0.0000
mp-617352,1499,2,1,0,0.0000,0.0316
mp-7580,81,1,1,0,1.8372,0.0000
mp-1212726,1492,1,1,0,1.3323,0.0000
mp-1199018,158,1,1,0,2.1491,0.0499
mp-28928,646,0,0,0,2.8776,0.0000
mp-571179,1411,1,1,0,3.1559,0.0012
mp-669425,1303,2,1,0,0.0000,0.0000
mp-1201063,280,1,1,1,2.7930,0.3361
mp-570277,1593,2,1,0,0.0000,0.0679
mp-561487,268,1,1,1,1.2366,0.1278
mp-560853,808,0,0,0,2.4577,0.0156
mp-559588,662,1,1,0,1.5285,0.0136
mp-1045028,995,1,1,1,0.6045,0.6349
mp-558583,193,0,0,1,1.8088,0.3660
mp-1217182,1161,1,1,0,2.0160,0.0036
mp-1182041,318,2,1,1,0.0000,0.6385
mp-556541,315,1,1,0,1.5525,0.0000
mp-29127,1650,1,1,0,1.0593,0.0281
mp-1214778,1369,2,1,1,0.0000,1.1986
mp-1210620,880,1,1,0,1.9077,0.0418
mp-22971,652,1,1,0,1.7767,0.0000
mp-1208924,571,0,0,0,1.0792,0.0000
mp-568653,1141,2,1,1,0.0000,0.2724
mp-2458827,1733,1,1,0,0.3673,0.0000
mp-613545,1154,1,1,0,1.8700,0.0407
mp-1048247,1033,1,1,1,0.5799,0.4419
mp-1204489,1484,1,1,0,0.5732,0.0000
mp-557010,279,1,1,1,2.1950,0.3012
mp-29968,1171,0,0,0,2.0780,0.0043
mp-560067,679,1,1,0,1.2604,0.0000
mp-866695,1097,1,1,0,2.3069,0.0000
mp-28517,1319,0,0,0,1.6854,0.0012
mp-561134,855,1,1,0,0.6252,0.0889
mp-581276,1479,1,1,0,0.0749,0.0087
mp-557969,133,1,1,0,6.6249,0.0100
mp-2232231,99,1,1,0,3.6659,0.0840
mp-1222350,57,1,1,0,5.9657,0.0112
mp-30113,1134,0,0,0,1.3568,0.0000
mp-28920,972,0,0,0,0.7829,0.0000
mp-1236964,1501,0,0,1,0.0970,1.0775
mp-555002,143,1,1,0,6.1760,0.0142
mp-558647,1136,2,1,0,0.0000,0.0055
mp-1204262,517,2,1,1,0.0000,0.2079
mp-1208155,308,1,1,0,1.5302,0.0000
mp-555884,1482,1,1,0,0.6057,0.0000
mp-555194,195,1,1,0,2.7984,0.0000
mp-559355,330,1,1,0,1.5138,0.0042
mp-561321,227,1,1,1,2.2285,0.1462
mp-1188875,1739,0,0,0,0.9892,0.0529
mp-676430,860,2,1,1,0.0000,0.1168
mp-1218343,1168,0,0,0,3.8330,0.0000
mp-555442,1565,1,1,0,2.7053,0.0000
mp-561124,959,1,1,0,3.7121,0.0074
mp-1207668,879,1,1,0,1.8704,0.0000
mp-2228593,1377,1,1,1,1.5250,0.1971
mp-1214971,416,1,1,0,0.6229,0.0110
mp-631257,1195,2,1,1,0.0000,0.8448
mp-1223105,60,2,1,0,0.0000,0.0132
mp-1193541,1569,1,1,0,1.4006,0.0575
mp-541094,251,1,1,0,2.4645,0.0000
mp-2229216,735,1,1,1,0.7182,0.3708
mp-1223758,1494,2,1,1,0.0000,0.1250
mp-1224202,1493,0,0,0,0.6182,0.0708
mp-569026,1312,2,1,1,0.0000,0.3558
mp-1040451,376,1,1,0,2.3936,0.0353
mp-558143,450,1,1,0,3.0308,0.0000
mp-1207260,5,2,1,1,0.0000,2.1815
mp-1208669,1518,0,0,0,2.5158,0.0000
mp-568392,1649,1,1,0,0.8722,0.0000
mp-1186075,44,1,1,0,5.1202,0.0200
mp-683684,1092,1,1,0,1.0025,0.0643
mp-1217460,1381,1,1,0,0.2658,0.0253
mp-558073,916,1,1,0,1.4139,0.0105
mp-639138,1012,2,1,0,0.0000,0.0000
mp-1199707,693,2,1,1,0.0000,0.5745
mp-1205341,66,1,1,0,2.1368,0.0000
mp-553977,354,1,1,0,0.1226,0.0000
mp-29074,1391,0,0,0,1.0704,0.0897
mp-1202327,518,1,1,1,0.1848,0.2309
mp-676561,769,1,1,0,0.3330,0.0776
mp-560884,592,1,1,0,2.8827,0.0000
mp-1180598,1672,1,1,1,0.0406,0.5672
mp-556515,244,0,0,0,3.9591,0.0466
mp-1189348,1736,2,1,1,0.0000,0.3260
mp-1201123,576,1,1,1,1.7797,0.5303
mp-1234919,1540,2,1,1,0.0000,0.1094
mp-2218333,595,1,1,1,0.1396,0.2043
mp-28672,1697,1,1,0,2.4195,0.0000
mp-1194731,355,0,0,0,2.5537,0.0000
mp-1217453,1627,1,1,0,1.9230,0.0000
mp-1196084,748,0,0,1,1.7688,0.6149
mp-554289,201,1,1,1,0.5875,0.1838
mp-8500,186,1,1,1,2.6080,0.1084
mp-1192807,1485,2,1,0,0.0000,0.0340
mp-557322,1634,1,1,1,0.8600,0.1678
mp-560601,433,1,1,0,0.7310,0.0000
mp-1194932,908,0,0,0,2.7810,0.0000
mp-649107,1394,1,1,0,0.5590,0.0274
mp-28470,1765,2,1,0,0.0000,0.0019
mp-559765,463,1,1,0,2.6937,0.0515
mp-669364,862,1,1,0,2.4339,0.0000
mp-1187888,883,1,1,0,2.4302,0.0124
mp-570961,1293,1,1,0,1.2705,0.0451
mp-706455,625,0,0,1,1.2323,0.2546
mp-558516,1009,1,1,0,4.3368,0.0000
mp-1228355,719,1,1,0,1.9955,0.0025
mp-1103189,1421,0,0,0,0.8821,0.0000
mp-556087,343,1,1,0,1.2595,0.0445
mp-1173335,826,2,1,1,0.0000,0.2673
mp-560077,247,1,1,0,2.2156,0.0422
mp-559832,701,1,1,0,1.6090,0.0015
mp-680308,1133,0,0,0,0.1172,0.0990
mp-541628,1335,0,0,0,4.6339,0.0000
mp-1195764,1388,2,1,0,0.0000,0.0420
mp-1194957,1384,1,1,0,2.5668,0.0802
mp-1078379,657,1,1,1,0.2637,0.2748
mp-562762,1079,1,1,0,1.4480,0.0000
mp-568386,1648,1,1,0,0.9637,0.0021
mp-649878,859,0,0,0,1.0174,0.0554
mp-556060,1613,1,1,0,0.3427,0.0956
mp-1204472,997,1,1,0,4.2071,0.0000
mp-1198672,494,1,1,0,1.4276,0.0000
mp-1198762,996,0,0,0,3.3798,0.0000
mp-550437,1471,1,1,1,0.3767,0.1151
mp-29102,1419,0,0,0,2.3567,0.0000
mp-572131,546,1,1,1,1.5149,0.2777
mp-1217385,1719,1,1,0,0.6157,0.0103
mp-1048555,1036,1,1,1,1.6680,0.1446
mp-675879,786,0,0,0,0.3216,0.0755
mp-541877,1410,1,1,0,2.6483,0.0091
mp-1224031,1295,1,1,0,0.0308,0.0476
mp-573010,287,0,0,1,3.5362,0.1882
mp-1208574,871,0,0,0,1.0721,0.0000
mp-28192,520,1,1,0,1.7772,0.0000
mp-1199815,145,1,1,1,1.1105,0.9569
mp-2230438,622,1,1,1,0.5763,0.1484
mp-657300,524,1,1,0,1.5402,0.0045
mp-1198176,1164,1,1,0,1.9186,0.0000
mp-555493,617,1,1,0,0.3737,0.0728
mp-683956,208,1,1,1,3.3498,0.1398
mp-541510,1175,2,1,0,0.0000,0.0075
mp-1209560,224,2,1,1,0.0000,1.0132
mp-560773,382,0,0,0,5.1595,0.0117
mp-1196465,103,0,0,1,0.1913,0.2101
mp-1105005,1050,1,1,0,3.1114,0.0000
mp-1323771,166,1,1,1,0.0512,3.0918
mp-28579,1731,0,0,0,1.4667,0.0000
mp-1196166,675,1,1,0,1.9335,0.0005
mp-1235337,91,2,1,1,0.0000,0.2335
mp-1235582,1114,1,1,0,0.0459,0.0496
mp-1147578,399,2,1,1,0.0000,0.2441
mp-9195,894,0,0,0,1.4265,0.0000
mp-557001,42,1,1,1,2.4788,0.1630
mp-1225117,864,1,1,0,0.4765,0.0073
mp-1194754,912,1,1,0,1.3484,0.0000
mp-1173448,1120,0,0,0,0.9387,0.0073
mp-1045584,1014,1,1,1,0.6001,0.4555
mp-28555,162,0,0,0,4.7124,0.0000
mp-1204693,282,0,0,0,2.2909,0.0074
mp-27123,885,0,0,0,2.1822,0.0218
mp-1225999,1068,1,1,0,2.2057,0.0141
mp-22945,1397,0,0,0,0.7797,0.0000
mp-2223676,579,1,1,1,0.7927,0.2111
mp-1181548,481,2,1,1,0.0000,0.3414
mp-1045980,1013,1,1,1,1.4901,0.3546
mp-558979,406,1,1,1,0.8630,0.2712
mp-571061,1081,1,1,0,1.1681,0.0000
mp-1235220,1111,2,1,0,0.0000,0.0493
mp-1202980,1525,1,1,0,3.1640,0.0000
mp-1173327,827,2,1,1,0.0000,0.2682
mp-1013760,387,1,1,0,1.1857,0.0873
mp-943492,73,0,0,0,1.3691,0.0066
mp-561469,350,1,1,0,1.2529,0.0283
mp-555237,320,0,0,0,4.7054,0.0000
mp-560333,1684,1,1,0,1.0323,0.0020
