ID,Band Gap (eV),Gap Type,Energy Above Hull (eV/atom)
mp-4937,3.4515,Indirect,0.2563
mp-1206456,0.0000,Metal,1.7375
mp-1206470,0.0000,Metal,1.7500
mp-1206628,0.0000,Metal,1.7205
mp-1206833,0.0000,Metal,1.9631
mp-1207254,0.0000,Metal,1.9850
mp-1207260,0.0000,Metal,2.1815
mp-1207264,0.0000,Metal,1.7294
mp-1207269,0.0000,Metal,1.9934
mp-1207299,0.0000,Metal,1.7504
mp-10086,1.3132,Direct,0.0000
mp-10930,1.2587,Direct,0.0000
mp-10931,1.2996,Direct,0.0000
mp-10932,1.3244,Direct,0.0000
mp-3799,0.0000,Metal,0.0000
mp-3992,1.2541,Direct,0.0000
mp-3931,1.2297,Direct,0.0000
mp-4973,0.0000,Metal,0.0000
mp-5394,1.4881,Direct,0.0000
mp-5760,1.2363,Direct,0.0000
mp-554025,4.0441,Indirect,0.2373
mp-555850,2.6141,Indirect,0.0000
mp-1207509,0.0000,Metal,0.0000
mp-3632,2.5593,Indirect,0.0265
mp-504830,2.4961,Indirect,0.4317
mp-1013939,0.0000,Metal,0.1905
mp-560222,5.3459,Indirect,0.0000
mp-6384,4.1099,Indirect,0.0118
mp-6560,3.9815,Indirect,0.0188
mp-1225522,0.4717,Indirect,0.0526
mp-7744,5.7916,Direct,0.0000
mp-1208929,0.0000,Metal,1.2942
mp-1078631,0.8544,Direct,0.0087
mp-1078562,1.2533,Direct,0.0072
mp-1080650,1.6223,Direct,0.0040
mp-1086652,1.4324,Direct,0.0000
mp-12444,1.5126,Direct,0.0000
mp-21354,0.0733,Indirect,0.0077
mp-1219531,0.9485,Indirect,0.1773
mp-555707,1.3880,Indirect,0.1256
mp-556512,2.1500,Indirect,0.2130
mp-561392,2.7210,Indirect,0.0000
mp-622195,5.1645,Direct,0.0000
mp-557035,5.2302,Indirect,0.0020
mp-1103970,2.0446,Direct,0.0007
mp-1219612,1.0603,Direct,0.2376
mp-1220908,5.0584,Indirect,0.0000
mp-1214204,0.2906,Direct,0.3201
mp-23598,1.9334,Indirect,0.0000
mp-650178,1.4592,Indirect,0.0000
mp-643794,3.0957,Indirect,0.5795
mp-1104492,2.0927,Direct,0.0103
mp-557001,2.4788,Indirect,0.1630
mp-1223822,4.9511,Indirect,0.0102
mp-1186075,5.1202,Indirect,0.0200
mp-547029,2.2518,Indirect,0.3319
mp-989388,0.0000,Metal,0.4716
mp-989521,0.0000,Metal,0.4596
mp-554012,4.6493,Indirect,0.0000
mp-1223363,4.1568,Direct,0.0241
mp-1229086,2.4337,Indirect,0.0000
mp-1220058,0.0153,Indirect,1.3512
mp-1190566,4.4542,Indirect,0.0000
mp-1209092,0.2695,Indirect,0.9926
mp-1219578,5.1068,Direct,0.0000
mp-1223405,5.1172,Direct,0.0000
mp-16801,0.2226,Indirect,0.0000
mp-17769,5.8517,Indirect,0.0069
mp-24463,5.4991,Indirect,0.0000
mp-6368,4.4107,Indirect,0.0144
mp-1222350,5.9657,Indirect,0.0112
mp-1222389,3.4481,Indirect,0.0092
mp-1223274,0.0000,Metal,0.0471
mp-1223105,0.0000,Metal,0.0132
mp-1105952,4.1937,Indirect,0.0000
mp-1189154,4.2143,Indirect,0.0049
mp-1189612,0.4494,Indirect,0.0000
mp-1194644,3.9250,Indirect,0.0000
mp-1195676,0.4309,Indirect,0.0000
mp-1205341,2.1368,Indirect,0.0000
mp-864766,5.6118,Direct,0.0000
mp-557399,3.8899,Indirect,0.0073
mp-558959,1.8838,Indirect,0.3428
mp-677510,0.8786,Indirect,0.6050
mp-942700,4.2066,Indirect,0.0015
mp-942701,0.0000,Metal,0.0073
mp-942702,4.1107,Indirect,0.0124
mp-943492,1.3691,Direct,0.0066
mp-23657,4.7742,Indirect,0.0000
mp-1198997,3.8048,Direct,0.1611
mp-560102,2.2159,Direct,0.0000
mp-729140,0.5436,Direct,0.3688
mp-730446,5.7307,Direct,0.0000
mp-1191868,4.3293,Indirect,0.2785
mp-1203440,4.2073,Indirect,0.0000
mp-556146,2.8283,Indirect,0.1286
mp-693393,4.6104,Direct,0.0232
mp-695559,4.7708,Indirect,0.0225
mp-1194067,4.6315,Indirect,0.0000
mp-1193789,3.0039,Indirect,0.0046
mp-1307582,3.6397,Direct,0.0086
mp-1193859,2.1312,Indirect,0.0066
mp-766031,5.0378,Indirect,0.0072
mp-1198138,4.0695,Indirect,0.0034
mp-1238095,3.3794,Direct,0.1395
mp-746580,0.2696,Indirect,0.1619
mp-557227,4.2813,Indirect,0.0008
mp-1181947,4.2701,Direct,0.0901
mp-707774,0.7024,Direct,0.3720
mp-723282,2.1873,Direct,0.9236
mp-1199984,2.2123,Indirect,0.0515
mp-1222063,1.0961,Indirect,0.0370
mp-707264,0.4797,Indirect,0.0383
mp-28676,5.5878,Direct,0.0000
mp-28257,5.2887,Direct,0.0000
mp-7580,1.8372,Indirect,0.0000
mp-8537,5.8812,Indirect,0.0000
mp-1228621,2.3670,Direct,0.2526
mp-1194972,1.9408,Indirect,0.0090
mp-1202574,0.1878,Direct,0.0000
mp-554599,4.3518,Indirect,0.0047
mp-642795,4.5687,Indirect,0.0000
mp-1191332,0.3033,Indirect,0.0000
mp-557531,3.7964,Direct,0.0000
mp-559593,2.5324,Indirect,0.3755
mp-1179999,1.2446,Indirect,0.0365
mp-1188569,0.8715,Indirect,0.2753
mp-561117,2.4934,Direct,0.0917
mp-17676,2.0801,Direct,0.0000
mp-17918,2.4412,Direct,0.0000
mp-1235086,0.2739,Indirect,0.1839
mp-1235337,0.0000,Metal,0.2335
mp-1235206,1.0342,Indirect,0.1887
mp-1235506,0.9722,Indirect,0.1929
mp-1235317,1.0414,Indirect,0.2071
mp-1236214,0.6569,Indirect,0.2376
mp-1236687,1.0017,Indirect,0.1966
mp-2232163,3.7741,Indirect,0.1237
mp-2232217,3.6246,Indirect,0.0919
mp-2232231,3.6659,Indirect,0.0840
mp-551403,1.8181,Indirect,0.0264
mp-549237,1.4677,Indirect,0.0415
mp-1196019,5.5093,Direct,0.0855
mp-1196656,3.4899,Indirect,0.1158
mp-1196465,0.1913,Direct,0.2101
mp-1199269,5.4444,Indirect,0.0904
mp-1201634,5.3421,Indirect,0.0895
mp-541750,5.5362,Indirect,0.0773
mp-559393,5.8248,Indirect,0.1713
mp-566960,2.4013,Indirect,0.1665
mp-561001,2.2391,Indirect,0.3650
mp-696993,3.8681,Indirect,0.0240
mp-863004,0.1530,Indirect,0.1431
mp-643586,5.6738,Indirect,0.0000
mp-1227873,4.4312,Direct,0.0203
mp-559971,5.9008,Indirect,0.0956
mp-1215742,1.3358,Direct,1.2165
mp-1222075,1.3063,Indirect,1.3686
mp-1227460,1.6242,Indirect,1.3354
mp-2232096,3.8031,Direct,0.0539
mp-648193,3.8506,Direct,0.2741
mp-1213195,4.6564,Indirect,0.0000
mp-554732,4.6867,Indirect,0.0000
mp-1105944,5.8161,Indirect,0.0769
mp-698122,0.8905,Indirect,0.6139
mp-1235067,0.0000,Metal,0.2481
mp-1236147,0.8435,Indirect,0.2425
mp-1235827,0.8359,Indirect,0.2449
mp-1194885,2.4277,Indirect,0.0000
mp-1194982,2.5691,Direct,0.0000
mp-1195590,1.4180,Direct,0.0000
mp-652068,5.6585,Direct,0.0908
mp-720360,5.1477,Indirect,0.0060
mp-558888,4.8031,Indirect,0.2883
mp-1195326,4.8222,Direct,0.4443
mp-1203356,3.6948,Indirect,0.1686
mp-1105350,4.8046,Indirect,0.4461
mp-1192972,0.0392,Direct,1.9327
mp-555146,4.5234,Direct,0.3548
mp-554187,4.7744,Indirect,0.3255
mp-643446,5.3640,Indirect,0.0010
mp-27717,2.4626,Indirect,0.0703
mp-1209117,4.2402,Direct,0.3541
mp-16813,1.9675,Indirect,0.1912
mp-560021,1.4998,Indirect,0.0000
mp-769377,1.8907,Direct,0.0584
mp-768093,0.9792,Indirect,0.0672
mp-1225708,1.7451,Direct,0.0487
mp-695305,5.9224,Indirect,0.1466
mp-769603,1.2039,Indirect,0.0479
mp-1190551,2.0527,Direct,0.0049
mp-1181304,1.4496,Indirect,0.3582
mp-1199926,0.0000,Metal,0.0000
mp-1200256,3.3060,Indirect,0.1579
mp-1201933,6.9361,Direct,0.1814
mp-1212181,0.3744,Indirect,0.6857
mp-19488,1.7470,Indirect,0.0000
mp-18838,1.5234,Indirect,0.0000
mp-24357,6.3838,Indirect,0.1351
mp-555309,1.3824,Direct,0.3057
mp-555625,5.0565,Indirect,0.2092
mp-555503,3.6340,Indirect,0.1446
mp-558648,4.6094,Direct,0.0802
mp-559873,4.7392,Direct,0.2104
mp-560139,2.7650,Indirect,0.3550
mp-636952,6.6079,Indirect,0.1643
mp-720860,6.0024,Indirect,0.1167
mp-706514,6.2244,Indirect,0.1218
mp-769602,2.2545,Indirect,0.0907
mp-1188917,2.7068,Indirect,0.1527
mp-555016,3.2494,Indirect,0.3163
mp-557969,6.6249,Indirect,0.0100
mp-560673,6.1633,Indirect,0.0000
mp-554294,5.0262,Indirect,0.0250
mp-554643,4.9328,Indirect,0.0000
mp-769153,4.4629,Indirect,0.0745
mp-1181494,2.0947,Indirect,0.2686
mp-1191673,5.7662,Indirect,0.0000
mp-1202796,5.6433,Indirect,0.1032
mp-560125,3.3625,Indirect,0.1594
mp-768092,1.5414,Indirect,0.0589
mp-554592,5.6075,Indirect,0.1269
mp-559646,5.3392,Direct,0.1335
mp-6858,5.7327,Indirect,0.1322
mp-532575,5.2445,Indirect,0.0020
mp-1203080,5.7847,Direct,0.0000
mp-19304,1.3684,Direct,0.0009
mp-555002,6.1760,Indirect,0.0142
mp-770642,1.7329,Direct,0.0843
mp-1199815,1.1105,Indirect,0.9569
mp-557006,4.4339,Indirect,0.0000
mp-769601,1.4013,Indirect,0.0562
mp-672209,5.5640,Direct,0.1410
mp-707276,4.2670,Indirect,0.0000
mp-1201229,5.5535,Direct,0.7458
mp-1203692,1.5800,Indirect,0.0234
mp-23777,5.8094,Indirect,0.2716
mp-555329,1.5162,Direct,0.2588
mp-601228,3.1436,Indirect,0.7248
mp-696485,3.4852,Indirect,0.0165
mp-605808,3.4853,Indirect,0.3335
mp-559423,3.3148,Direct,0.2410
mp-555728,2.1838,Indirect,0.3984
mp-601202,5.7664,Direct,0.1694
mp-1202925,2.6963,Indirect,0.2882
mp-1201024,2.5456,Indirect,0.1450
mp-1204104,3.2777,Indirect,0.3264
mp-1219693,1.6573,Indirect,0.3159
mp-33107,1.1929,Indirect,0.4391
mp-1203812,4.9034,Indirect,0.0266
mp-1080739,0.0000,Metal,0.0000
mp-1205247,2.8691,Direct,0.1439
mp-28113,3.3183,Direct,0.1419
mp-560960,0.3651,Indirect,0.0063
mp-1218416,0.0000,Metal,0.0088
mp-1182437,3.6381,Indirect,0.1476
mp-1201018,0.0000,Metal,0.0000
mp-1201734,0.4207,Indirect,0.1937
mp-1214213,3.5712,Indirect,0.1489
mp-555436,4.3527,Direct,0.1284
mp-555888,6.1791,Indirect,0.2112
mp-557161,1.2306,Direct,0.1462
mp-1105132,2.3480,Indirect,0.1497
mp-1179346,0.2935,Direct,0.9829
mp-554285,4.9473,Indirect,0.0008
mp-1194736,1.7777,Direct,0.0000
mp-1201750,5.3274,Indirect,0.0356
mp-1214776,2.1892,Indirect,0.1244
mp-679630,3.8160,Indirect,0.5561
mp-1199018,2.1491,Indirect,0.0499
mp-1204862,2.4483,Direct,0.1546
mp-1204819,2.0034,Indirect,0.1535
mp-1197784,2.9405,Indirect,0.0000
mp-559029,4.9280,Indirect,0.3049
mp-849783,2.2385,Indirect,0.0978
mp-555250,3.1765,Indirect,0.2529
mp-1215373,4.5471,Indirect,0.0994
mp-1195164,3.1191,Indirect,0.0000
mp-28555,4.7124,Direct,0.0000
mp-1046702,1.2534,Indirect,0.2363
mp-1046709,1.2455,Indirect,0.1985
mp-1046747,0.2898,Indirect,0.3790
mp-1323771,0.0512,Indirect,3.0918
mp-559296,1.7123,Indirect,0.2687
mp-555255,2.2156,Indirect,0.1002
mp-558254,1.9200,Indirect,0.2686
mp-560066,3.4487,Indirect,0.0362
mp-1369435,0.0000,Metal,0.0687
mp-555513,2.9355,Indirect,0.3873
mp-1216106,3.5401,Direct,0.0092
mp-1217635,3.5880,Direct,0.0054
mp-1220289,3.4275,Direct,0.0318
mp-1219205,3.5041,Direct,0.0008
mp-1224058,3.6385,Direct,0.0102
mp-1224717,1.9623,Indirect,0.0000
mp-1225346,3.6131,Direct,0.0063
mp-560409,2.1438,Direct,0.1498
mp-556223,5.4516,Indirect,0.4230
mp-562018,4.3341,Indirect,0.5163
mp-1212674,2.8104,Indirect,0.2302
mp-559455,3.4412,Indirect,0.1215
mp-1182745,2.4838,Indirect,0.4684
mp-1214114,4.0393,Indirect,0.1989
mp-672266,4.0702,Indirect,0.2631
mp-554876,2.8314,Indirect,0.1899
mp-696078,5.0454,Indirect,0.0000
mp-699555,2.0408,Indirect,0.6032
mp-707845,0.9258,Direct,0.0621
mp-555067,1.5258,Indirect,0.2651
mp-975,5.9124,Indirect,0.0000
mp-8652,5.9243,Direct,0.0003
mp-642824,5.9606,Indirect,0.0019
mp-8560,5.8139,Direct,0.0089
mp-1023371,0.0000,Metal,2.8154
mp-1013726,2.1914,Direct,0.0266
mp-1214118,4.0187,Indirect,0.3145
mp-27578,1.2407,Indirect,0.0000
mp-1021490,2.6861,Indirect,0.0438
mp-1207067,3.2434,Indirect,1.1791
mp-1021492,0.7836,Direct,0.0277
mp-1013750,2.5945,Direct,0.0446
mp-1214177,4.3393,Indirect,0.5616
mp-12368,2.6713,Direct,0.0961
mp-8500,2.6080,Indirect,0.1084
mp-560180,2.5059,Indirect,0.3528
mp-555288,2.5320,Indirect,0.0000
mp-556050,2.2575,Indirect,0.0769
mp-558466,2.5087,Indirect,0.0000
mp-560042,1.5036,Indirect,0.1717
mp-556837,2.7650,Indirect,0.0000
mp-557628,1.1714,Indirect,0.0000
mp-558583,1.8088,Direct,0.3660
mp-559602,2.7813,Indirect,0.0000
mp-555194,2.7984,Indirect,0.0000
mp-555408,2.0126,Direct,0.1996
mp-555457,4.0479,Indirect,0.0000
mp-556705,3.7948,Indirect,0.0000
mp-560639,2.6548,Indirect,0.0012
mp-23112,0.0000,Metal,0.1037
mp-2932665,0.4967,Indirect,0.0000
mp-554289,0.5875,Indirect,0.1838
mp-637112,1.8307,Indirect,0.1855
mp-1246700,3.2989,Direct,0.4363
mp-18626,0.0000,Metal,0.0000
mp-17745,0.0000,Metal,0.0000
mp-541145,3.0337,Direct,0.3055
mp-6820,0.0000,Metal,0.0172
mp-560107,2.4223,Indirect,0.0458
mp-683956,3.3498,Indirect,0.1398
mp-769588,1.0429,Indirect,0.0725
mp-2217837,0.6807,Indirect,0.4120
mp-1199019,2.5554,Indirect,0.0000
mp-1214996,1.5211,Indirect,0.1652
mp-557904,1.5584,Indirect,0.1303
mp-557470,0.0000,Metal,0.0000
mp-557877,7.1030,Indirect,0.2326
mp-560986,1.5718,Indirect,0.1295
mp-39536,6.0209,Direct,0.1759
mp-40886,5.5260,Indirect,0.1790
mp-505281,2.6292,Indirect,0.0000
mp-638469,6.1553,Indirect,0.1717
mp-728443,1.1549,Indirect,0.4640
mp-622197,2.1952,Indirect,0.0000
mp-680169,4.9055,Direct,0.0000
mp-1179614,4.3864,Indirect,0.0000
mp-555656,0.2434,Indirect,0.1775
mp-684804,2.2023,Direct,0.5421
mp-759958,2.8520,Indirect,0.1240
mp-1194943,1.9664,Indirect,0.3104
mp-2217781,2.1246,Indirect,0.3052
mp-1204119,0.2045,Direct,0.4231
mp-556154,2.5393,Indirect,0.3600
mp-769600,1.1574,Indirect,0.0553
mp-1200466,0.0423,Indirect,0.2567
mp-1213742,0.3019,Direct,0.2672
mp-1209560,0.0000,Metal,1.0132
mp-695699,0.7743,Indirect,0.3921
mp-1200671,3.2553,Indirect,0.1654
mp-699429,2.4226,Indirect,0.1608
mp-743577,4.3131,Indirect,0.1302
mp-1194856,3.9067,Indirect,0.2824
mp-1195079,6.1847,Indirect,0.2280
mp-1194781,4.3372,Direct,0.4507
mp-560589,2.2159,Direct,0.1040
mp-561321,2.2285,Indirect,0.1462
mp-699253,5.5289,Indirect,0.2532
mp-708184,5.8948,Indirect,0.3468
mp-1196633,2.7103,Indirect,0.3155
mp-573066,5.9374,Direct,0.2162
mp-723065,5.8985,Indirect,0.2456
mp-1196643,0.0016,Indirect,0.5019
mp-1196797,1.8455,Indirect,0.4817
mp-1200245,3.3164,Direct,0.1559
mp-1209137,3.2855,Indirect,0.0359
mp-1238618,3.1991,Indirect,0.0400
mp-2229247,0.0000,Metal,0.5962
mp-649756,1.8836,Direct,0.2635
mp-557395,5.9655,Indirect,0.2422
mp-707466,6.4190,Indirect,0.2384
mp-6902,6.2589,Direct,0.2241
mp-616160,3.0643,Direct,0.5292
mp-554710,2.6314,Indirect,0.1681
mp-1204843,0.5519,Direct,0.4830
mp-1202301,3.2089,Direct,0.0035
mp-1204443,3.0185,Direct,0.0000
mp-27349,4.9968,Indirect,0.0000
mp-1197121,3.4888,Indirect,0.0435
mp-556762,4.9587,Indirect,0.2352
mp-1197346,5.0502,Indirect,0.0057
mp-605676,3.1637,Direct,0.2593
mp-565400,2.2522,Direct,0.1956
mp-1234900,3.0932,Indirect,0.0846
mp-1233665,2.7551,Indirect,0.1461
mp-1219884,2.6461,Direct,0.0000
mp-1220263,2.6690,Direct,0.0266
mp-1223425,2.6035,Direct,0.0000
mp-1224731,1.5214,Indirect,0.1000
mp-1234712,0.3839,Indirect,0.1783
mp-41092,4.0322,Indirect,0.0305
mp-1198254,0.6910,Direct,0.3398
mp-1194939,0.5619,Indirect,0.0000
mp-1214666,0.2631,Direct,0.2373
mp-1342613,0.0000,Metal,5.3169
mp-1229176,3.8372,Indirect,0.0282
mp-603276,0.0000,Metal,0.0066
mp-1247811,0.4187,Indirect,0.5051
mp-695900,4.5393,Indirect,0.1248
mp-23872,5.8611,Indirect,0.0011
mp-1247925,1.2189,Indirect,0.2499
mp-556515,3.9591,Direct,0.0466
mp-695196,0.3272,Indirect,0.5509
mp-1211985,0.3535,Indirect,0.1794
mp-1194984,1.4401,Indirect,0.4433
mp-557900,3.8215,Indirect,0.0508
mp-560077,2.2156,Indirect,0.0422
mp-561244,3.8312,Indirect,0.0858
mp-1211666,0.0000,Metal,0.8162
mp-1212475,0.0269,Indirect,0.8982
mp-558687,3.5403,Direct,0.3132
mp-696994,4.0787,Indirect,0.0024
mp-1198517,3.0538,Indirect,0.2225
mp-555189,5.9665,Direct,0.1516
mp-699914,3.1326,Direct,0.6059
mp-1198235,2.7202,Direct,0.1933
mp-540953,5.3632,Indirect,0.1445
mp-541101,5.9660,Indirect,0.1451
mp-540956,5.9591,Indirect,0.1439
mp-1199850,5.5252,Indirect,0.1419
mp-505716,0.0000,Metal,0.1492
mp-540955,5.7748,Indirect,0.1463
mp-543032,6.0577,Indirect,0.1483
mp-707824,3.6119,Indirect,0.1353
mp-1196706,4.9442,Indirect,0.0991
mp-693773,3.9347,Direct,0.1690
mp-1195293,3.0602,Indirect,0.0563
mp-1203926,1.9685,Indirect,0.1656
mp-1214334,3.1756,Indirect,0.2982
mp-1196491,4.8191,Direct,0.0000
mp-1210853,2.0929,Direct,0.3473
mp-556406,4.5450,Indirect,0.0402
mp-1204134,2.2503,Direct,0.0284
mp-1214763,0.6846,Direct,0.2056
mp-1203746,2.5478,Indirect,0.2850
mp-727093,0.7425,Indirect,0.6746
mp-1193289,4.6288,Indirect,0.0847
mp-541094,2.4645,Indirect,0.0000
mp-541093,2.3509,Indirect,0.0000
mp-554788,2.9961,Direct,0.3000
mp-560450,3.5694,Direct,0.0853
mp-561235,4.6609,Indirect,0.0968
mp-558893,4.4780,Indirect,0.0855
mp-1204430,0.5440,Indirect,0.1966
mp-555986,3.2632,Indirect,0.2020
mp-1196293,0.1027,Indirect,0.3547
mp-723419,1.9679,Indirect,0.0000
mp-28291,4.9705,Indirect,0.0000
mp-1200138,1.0470,Indirect,0.1362
mp-662789,2.0842,Direct,0.0868
mp-1195784,0.8569,Indirect,0.2106
mp-1226414,4.4739,Indirect,0.0000
mp-541204,2.2041,Indirect,0.1068
mp-1006611,0.0000,Metal,0.9499
mp-1247820,0.5332,Indirect,0.5360
mp-1198499,2.5374,Indirect,0.0656
mp-1201031,3.2295,Indirect,0.0317
mp-1204738,3.2335,Indirect,0.0967
mp-1229221,1.5494,Indirect,0.1476
mp-556926,0.7933,Indirect,0.0311
mp-559097,1.6270,Indirect,0.0200
mp-555121,3.5869,Indirect,0.0517
mp-561487,1.2366,Indirect,0.1278
mp-651154,0.0000,Metal,0.1697
mp-560703,2.0331,Indirect,0.1324
mp-562774,3.1386,Indirect,0.0012
mp-542064,1.8017,Indirect,0.0404
mp-558288,3.4985,Direct,0.0379
mp-541335,2.2799,Indirect,0.1120
mp-557791,1.2491,Indirect,0.1236
mp-1101144,0.1269,Indirect,0.3312
mp-1233092,2.2060,Indirect,0.3988
mp-1233983,2.4902,Direct,0.3182
mp-1234282,3.8085,Indirect,0.2747
mp-1234857,4.2729,Indirect,0.3114
mp-706456,0.0800,Indirect,0.3835
mp-555299,6.2686,Indirect,0.2505
mp-1180975,0.0000,Metal,1.0559
mp-1200298,1.8291,Direct,0.2084
mp-557236,1.4407,Indirect,0.0000
mp-709432,6.2926,Indirect,0.1733
mp-1197884,2.8513,Direct,0.1387
mp-1201845,1.5318,Indirect,0.2204
mp-1201380,2.8314,Direct,0.1478
mp-557010,2.1950,Indirect,0.3012
mp-558968,3.0306,Indirect,0.6184
mp-1182733,0.0000,Metal,0.6886
mp-1181934,1.5647,Direct,0.5328
mp-554761,6.1503,Direct,0.2505
mp-606304,0.3619,Indirect,0.6082
mp-556173,2.2267,Indirect,0.2468
mp-651073,3.5406,Direct,0.2285
mp-1201063,2.7930,Indirect,0.3361
mp-560424,3.0921,Indirect,0.2635
mp-1228916,5.5254,Indirect,0.0211
mp-560084,3.0622,Indirect,0.1952
mp-1204693,2.2909,Direct,0.0074
mp-1203902,1.9483,Direct,0.2059
mp-558770,2.4350,Indirect,0.2095
mp-1197776,3.0463,Indirect,0.0538
mp-650524,1.6989,Indirect,0.1406
mp-1195359,5.6331,Direct,0.2590
mp-1195523,5.6823,Direct,0.2581
mp-1196568,5.6815,Direct,0.2578
mp-1219560,2.5341,Indirect,0.1957
mp-1198212,2.2331,Indirect,0.2586
mp-1205251,3.5495,Direct,0.5080
mp-573010,3.5362,Direct,0.1882
mp-554195,1.8401,Direct,0.1409
mp-705014,2.5717,Indirect,0.5973
mp-559978,1.1666,Indirect,0.2436
mp-555028,0.8025,Indirect,0.1354
mp-560359,1.5664,Indirect,0.0432
mp-581488,1.4924,Indirect,0.0432
mp-14673,1.7301,Direct,0.0000
mp-556278,2.0161,Indirect,0.0369
mp-1186934,0.0000,Metal,0.3130
mp-28096,2.8804,Indirect,0.0000
mp-1147671,0.0000,Metal,0.0668
mp-27952,2.6955,Indirect,0.2659
mp-31263,1.2286,Indirect,0.0000
mp-30099,1.1221,Indirect,0.0204
mp-29067,2.6040,Indirect,0.2964
mp-556273,2.2113,Indirect,0.4341
mp-560901,0.9647,Indirect,0.0000
mp-561307,2.7618,Indirect,0.0000
mp-653579,1.6748,Indirect,0.0000
mp-28374,1.4232,Indirect,0.3308
mp-1210546,0.8894,Indirect,0.0214
mp-1210046,2.6929,Indirect,0.0262
mp-772534,2.5588,Indirect,0.0196
mp-1013900,0.0000,Metal,0.0096
mp-27616,2.9329,Direct,0.0000
mp-1213844,0.1365,Direct,0.0000
mp-29311,1.3453,Direct,0.2344
mp-23318,1.9636,Indirect,0.0000
mp-606912,1.9565,Indirect,0.4375
mp-1208155,1.5302,Indirect,0.0000
mp-558368,0.7834,Indirect,0.0098
mp-1197810,1.9469,Indirect,0.0000
mp-1199243,1.9586,Indirect,0.0000
mp-1212237,1.6390,Indirect,0.0032
mp-23586,1.5348,Indirect,0.0014
mp-542474,1.4043,Indirect,0.0139
mp-556541,1.5525,Indirect,0.0000
mp-559521,1.5805,Indirect,0.0000
mp-680728,0.0000,Metal,0.0921
mp-1182041,0.0000,Metal,0.6385
mp-1192852,1.3845,Indirect,0.0371
mp-1213106,1.2200,Indirect,0.0803
mp-555237,4.7054,Direct,0.0000
mp-558122,1.9163,Indirect,0.0000
mp-558295,2.2843,Indirect,0.4944
mp-559889,2.7545,Indirect,0.3712
mp-559820,4.0939,Indirect,0.0000
mp-667281,3.4976,Direct,0.3030
mp-672675,0.0000,Metal,0.9420
mp-1205371,2.8257,Indirect,0.0130
mp-542133,0.1024,Indirect,0.0000
mp-556246,2.6154,Direct,0.0000
mp-556179,2.7409,Indirect,0.0000
mp-558667,2.3178,Indirect,0.2680
mp-557510,0.7673,Indirect,0.0661
mp-1224076,1.0880,Direct,0.0000
mp-1210484,0.0000,Metal,0.0857
mp-559355,1.5138,Indirect,0.0042
mp-1226127,0.8113,Indirect,0.0046
mp-1193300,2.3960,Indirect,0.0000
mp-555567,1.3093,Indirect,0.1221
mp-985592,2.2955,Direct,0.0829
mp-1226363,0.0000,Metal,0.0000
mp-1219229,1.8437,Indirect,0.0280
mp-672253,0.5616,Indirect,0.0238
mp-23567,0.5700,Indirect,0.0132
mp-729158,0.0398,Indirect,1.3927
mp-558199,1.6696,Direct,0.0042
mp-628633,1.4706,Indirect,0.3373
mp-1181082,0.6272,Indirect,0.6619
mp-1198976,3.1691,Direct,0.0000
mp-555012,1.2950,Indirect,0.0512
mp-555844,0.0000,Metal,0.0066
mp-556087,1.2595,Indirect,0.0445
mp-557049,1.6373,Indirect,0.0075
mp-557029,1.5036,Indirect,0.4396
mp-556910,2.6328,Indirect,0.0000
mp-558130,0.8540,Indirect,0.0000
mp-558844,4.0556,Direct,0.2845
mp-558849,1.9160,Indirect,0.0120
mp-559779,2.6289,Indirect,0.0000
mp-561469,1.2529,Indirect,0.0283
mp-556856,4.1666,Indirect,0.0139
mp-677013,4.1483,Indirect,0.0006
mp-1202298,0.0626,Direct,0.6025
mp-558745,0.1333,Indirect,0.0000
mp-553977,0.1226,Indirect,0.0000
mp-1194731,2.5537,Direct,0.0000
mp-1203697,1.8362,Direct,0.0018
mp-1212759,3.0664,Indirect,0.0350
mp-1215161,0.0000,Metal,0.8550
mp-23146,4.3633,Indirect,0.0000
mp-559540,4.5467,Indirect,0.0000
mp-644221,2.3655,Direct,0.3223
mp-679669,1.9293,Indirect,0.0767
mp-1202430,5.3509,Direct,0.0022
mp-1215129,0.0000,Metal,0.6902
mp-1197298,2.2937,Indirect,0.0000
mp-1220698,1.1212,Indirect,0.0918
mp-2240378,0.3029,Indirect,0.2359
mp-1201802,1.8421,Indirect,0.0058
mp-1211928,0.0000,Metal,0.2466
mp-726331,0.5571,Direct,0.5777
mp-532767,0.0000,Metal,0.0873
mp-555092,2.7764,Direct,0.1616
mp-23150,2.7134,Indirect,0.3042
mp-561299,1.8290,Indirect,0.0106
mp-555595,0.0000,Metal,0.0125
mp-1224128,0.8936,Indirect,0.5463
mp-1223492,4.2515,Indirect,0.0000
mp-42091,3.9145,Indirect,0.0056
mp-554279,2.7629,Indirect,0.0000
mp-560324,2.4564,Indirect,0.0000
mp-1097034,2.3724,Indirect,0.0355
mp-1040451,2.3936,Indirect,0.0353
mp-1097035,2.3076,Indirect,0.0305
mp-720300,3.6373,Direct,0.0494
mp-1192535,0.0000,Metal,0.9407
mp-1196906,0.6526,Indirect,1.0998
mp-23652,1.8506,Direct,0.0142
mp-559882,2.4401,Direct,0.1754
mp-672333,3.1395,Indirect,0.1194
mp-2240084,0.0000,Metal,0.2803
mp-1189777,0.0000,Metal,0.8984
mp-1183000,0.0004,Indirect,0.9474
mp-1183010,0.0000,Metal,0.9131
mp-560773,5.1595,Direct,0.0117
mp-560045,4.3987,Indirect,0.0679
mp-653840,0.0000,Metal,0.0000
mp-1196734,2.7072,Indirect,0.0330
mp-1198154,3.5272,Direct,0.1562
mp-1199373,3.3939,Indirect,0.5895
mp-1202929,0.0000,Metal,0.0242
mp-1204384,0.3084,Indirect,0.5528
mp-1213279,3.0812,Direct,0.1932
mp-735513,2.6821,Indirect,0.0453
mp-849796,3.2835,Indirect,0.0131
mp-1196696,1.8720,Indirect,0.0077
mp-1200739,3.3228,Indirect,0.0281
mp-680067,2.5318,Direct,0.8971
mp-1201631,0.5487,Direct,0.0514
mp-1229293,0.0052,Indirect,0.1169
mp-23660,4.3533,Direct,0.0000
mp-1201712,3.6582,Direct,0.2181
mp-1181719,0.4931,Indirect,0.0000
mp-1202744,4.0958,Indirect,0.3569
mp-1204845,3.4124,Direct,0.4775
mp-1204531,0.0229,Indirect,0.1275
mp-1205047,3.4600,Direct,0.1123
mp-1205165,0.0114,Indirect,0.0773
mp-558541,3.4454,Indirect,0.4082
mp-706670,0.8977,Indirect,0.0069
mp-707816,2.4905,Indirect,0.6177
mp-1205234,3.4640,Indirect,0.5889
mp-1198652,2.8664,Direct,0.1402
mp-1198531,0.5902,Indirect,1.0974
mp-1200704,2.8692,Direct,0.1900
mp-1201812,2.6044,Direct,0.0431
mp-600205,2.6260,Direct,0.2188
mp-721604,1.0156,Indirect,0.1145
mp-603254,3.0168,Direct,0.0546
mp-720855,0.4714,Indirect,0.0731
mp-1199396,2.7683,Direct,0.0225
mp-1196726,2.7848,Indirect,0.0339
mp-559704,4.0792,Indirect,0.3900
mp-706304,2.4583,Direct,0.3354
mp-1199124,5.0711,Indirect,0.0000
mp-707645,5.6809,Indirect,0.0017
mp-1200476,3.0284,Indirect,0.0298
mp-1202475,3.3139,Indirect,0.3013
mp-1215002,2.4575,Indirect,0.1878
mp-1223113,0.3830,Indirect,0.6617
mp-721059,3.3226,Direct,0.3975
mp-705526,3.4106,Indirect,0.3822
mp-643643,4.8714,Indirect,0.0897
mp-728472,3.1831,Indirect,0.1360
mp-746679,2.0123,Indirect,0.1355
mp-28128,2.0930,Indirect,0.0534
mp-27362,1.5102,Direct,0.0000
mp-1206395,2.1340,Indirect,0.6175
mp-28406,3.6424,Indirect,0.0000
mp-554711,2.9570,Indirect,0.1606
mp-23418,1.9398,Indirect,0.0000
mp-1013760,1.1857,Indirect,0.0873
mp-1198863,1.8038,Direct,0.0055
mp-1224250,0.5971,Direct,0.0763
mp-1014204,0.8334,Direct,0.0387
mp-27699,1.7172,Indirect,0.1932
mp-28405,3.7871,Indirect,0.0000
mp-1215990,1.5051,Indirect,0.2743
mp-1179246,0.9757,Direct,0.2108
mp-29573,1.9430,Indirect,0.0060
mp-672186,2.3049,Direct,0.0000
mp-1013730,1.9571,Indirect,0.0677
mp-1021494,1.3910,Indirect,0.0469
mp-560845,1.4078,Indirect,0.0286
mp-1219905,0.7040,Indirect,0.0661
mp-1147535,0.0000,Metal,0.3640
mp-1147576,0.0000,Metal,0.3243
mp-1147578,0.0000,Metal,0.2441
mp-1147581,0.0000,Metal,0.0479
mp-1147601,0.0000,Metal,0.2751
mp-1147579,0.0000,Metal,0.1049
mp-1203568,1.8109,Indirect,0.0000
mp-555435,1.6486,Indirect,0.2603
mp-561329,1.7657,Direct,0.3363
mp-722472,0.5080,Indirect,0.5830
mp-556430,1.9841,Direct,0.3179
mp-1194018,0.1610,Indirect,0.6330
mp-559071,1.6368,Indirect,0.0050
mp-558979,0.8630,Indirect,0.2712
mp-559033,0.8105,Indirect,0.2754
mp-560005,1.8577,Indirect,0.0000
mp-726564,0.0000,Metal,0.3537
mp-1223145,2.7466,Direct,0.0140
mp-1220227,2.8926,Indirect,0.0206
mp-1227009,0.0000,Metal,0.0370
mp-1040450,2.7793,Indirect,0.0163
mp-559847,1.2689,Indirect,0.0000
mp-556040,4.7193,Direct,0.0000
mp-559231,1.6977,Direct,0.2860
mp-653096,1.7076,Indirect,0.2959
mp-1214971,0.6229,Indirect,0.0110
mp-653586,0.2488,Indirect,0.3099
mp-556094,1.0752,Direct,0.0000
mp-554238,0.6432,Direct,0.0370
mp-1190453,2.1611,Indirect,0.0000
mp-1224553,0.0467,Indirect,0.0095
mp-1095455,0.0000,Metal,1.6430
mp-1204181,0.0000,Metal,1.1808
mp-1183030,0.0853,Direct,0.9203
mp-557645,5.1579,Indirect,0.0151
mp-1182214,0.8439,Direct,0.5526
mp-1193396,0.9139,Indirect,0.5234
mp-1201879,0.0000,Metal,0.2599
mp-1201798,4.0761,Indirect,0.0917
mp-1202858,2.1278,Direct,0.0000
mp-1204852,0.3979,Indirect,0.4519
mp-732271,0.6355,Indirect,0.5566
mp-1179294,0.4776,Indirect,0.6128
mp-1179382,0.0340,Indirect,0.4997
mp-1191376,0.0000,Metal,1.0584
mp-1227702,4.2895,Indirect,0.0301
mp-23645,4.2054,Indirect,0.0000
mp-1189153,0.2035,Indirect,0.4578
mp-1214018,0.6080,Indirect,0.6174
mp-1198665,0.0000,Metal,0.7571
mp-1104712,0.0000,Metal,1.0355
mp-42163,4.4998,Indirect,0.0283
mp-695095,3.9740,Indirect,0.0450
mp-23650,2.0902,Indirect,0.3380
mp-605665,2.2877,Indirect,0.0564
mp-1198427,0.5038,Indirect,1.2056
mp-560601,0.7310,Indirect,0.0000
mp-572902,0.1059,Direct,0.0271
mp-1204699,0.9189,Indirect,0.2639
mp-1179389,0.6685,Indirect,0.7314
mp-1196751,0.0000,Metal,0.8674
mp-1199733,0.0000,Metal,1.7698
mp-1200189,4.0150,Indirect,0.1752
mp-707208,2.8942,Indirect,0.0554
mp-726682,0.5733,Indirect,0.7670
mp-773893,3.1101,Indirect,0.1269
mp-1197935,1.3071,Indirect,0.4824
mp-766411,2.0104,Indirect,0.0352
mp-722401,4.1704,Indirect,0.1189
mp-680331,2.0705,Direct,0.1883
mp-1180029,0.0000,Metal,1.2933
mp-1202335,4.3852,Indirect,0.1293
mp-1204310,2.4561,Indirect,0.1892
mp-1205055,0.0000,Metal,1.0377
mp-1229204,0.8687,Direct,0.0070
mp-1200842,3.8023,Indirect,0.0409
mp-1204275,2.0399,Indirect,0.0376
mp-706983,3.0173,Indirect,0.0491
mp-697127,2.0652,Indirect,0.0606
mp-1202516,3.0082,Direct,0.1690
mp-1199791,3.6840,Indirect,0.1865
mp-558736,2.6715,Indirect,0.5060
mp-773113,1.8784,Indirect,0.0562
mp-695946,0.0000,Metal,0.0588
mp-1199306,0.0000,Metal,0.0758
mp-699261,3.3443,Direct,0.0336
mp-1199490,1.6434,Direct,0.0476
mp-723036,0.3877,Indirect,0.1010
mp-555563,3.8268,Direct,0.4016
mp-698381,2.0271,Indirect,0.4693
mp-1227599,3.7859,Direct,0.1302
mp-1199171,1.4274,Indirect,0.3303
mp-1205229,4.1546,Direct,0.3083
mp-1199187,5.1150,Indirect,0.2902
mp-675345,1.4488,Indirect,0.0638
mp-27866,1.4385,Indirect,0.0000
mp-28064,2.8648,Indirect,0.0000
mp-676611,0.9447,Indirect,0.1700
mp-1209339,0.0000,Metal,0.0299
mp-1181100,0.4761,Indirect,0.4272
mp-1194026,0.2995,Indirect,0.0541
mp-1199227,3.5585,Direct,0.2786
mp-1203684,2.9250,Indirect,0.2776
mp-1214856,2.4413,Indirect,0.0853
mp-555688,0.8792,Indirect,0.2335
mp-557085,0.8885,Direct,0.2537
mp-557331,0.9611,Indirect,0.2530
mp-558545,3.1886,Indirect,0.1307
mp-558865,0.9719,Indirect,0.2643
mp-669471,1.9589,Indirect,0.1649
mp-556112,1.9912,Indirect,0.0285
mp-1191097,0.0000,Metal,0.0038
mp-559256,2.9165,Indirect,0.0000
mp-558143,3.0308,Indirect,0.0000
mp-559514,3.0831,Indirect,0.0000
mp-1214223,1.2726,Indirect,0.2116
mp-556418,3.9643,Indirect,0.0000
mp-560879,2.7125,Direct,0.2450
mp-560328,1.2888,Indirect,0.0000
mp-1212663,5.0754,Direct,0.0372
mp-559558,1.8726,Indirect,0.0000
mp-1173865,3.8486,Direct,0.0799
mp-1229155,1.5994,Indirect,0.0000
mp-721012,5.0397,Indirect,0.0153
mp-1223572,1.7769,Indirect,0.0270
mp-690978,1.7566,Indirect,0.0273
mp-1204034,0.7111,Direct,0.9092
mp-1210318,0.6567,Indirect,0.5839
mp-727099,1.3077,Indirect,0.6595
mp-759409,0.3388,Direct,0.0572
mp-1189737,0.0294,Indirect,0.6772
mp-1227756,2.4410,Indirect,0.0117
mp-559765,2.6937,Indirect,0.0515
mp-1191992,1.4860,Indirect,0.8540
mp-722022,0.5370,Indirect,1.1798
mp-1223192,4.3510,Direct,0.0120
mp-1195210,2.6683,Direct,0.2388
mp-1204839,4.0119,Indirect,0.4015
mp-23830,2.6565,Indirect,0.1818
mp-24764,3.8105,Indirect,0.1854
mp-1179444,0.6019,Indirect,0.7165
mp-1204366,0.3590,Direct,0.4286
mp-1204316,1.8301,Indirect,0.3613
mp-738597,2.9000,Indirect,0.2423
mp-1195191,2.2261,Indirect,0.2486
mp-1204771,1.8271,Indirect,0.2867
mp-706528,1.4119,Indirect,0.4637
mp-728315,0.3419,Indirect,1.0548
mp-572601,3.3623,Indirect,0.1172
mp-1209817,0.7563,Indirect,0.5849
mp-711343,0.6185,Indirect,1.3192
mp-1210452,2.7585,Direct,0.0000
mp-29051,1.2552,Direct,0.0000
mp-28242,1.7994,Direct,0.0157
mp-572970,1.9445,Direct,0.0013
mp-640341,1.6862,Indirect,0.0000
mp-1182355,1.1898,Indirect,0.1309
mp-29880,3.5037,Indirect,0.0000
mp-865182,1.7563,Indirect,0.0000
mp-1205307,1.8865,Indirect,0.0059
mp-2017401,2.1759,Direct,0.0036
mp-2017348,2.2983,Direct,0.0078
mp-2422943,2.0094,Indirect,0.0009
mp-27475,1.9734,Indirect,0.0011
mp-756473,1.9497,Indirect,0.0038
mp-979414,1.9830,Indirect,0.0044
mp-558360,2.2534,Indirect,0.0000
mp-561470,1.7334,Indirect,0.3248
mp-1181548,0.0000,Metal,0.3414
mp-652180,0.0706,Indirect,0.7804
mp-672345,0.0000,Metal,0.3548
mp-1191374,0.8916,Indirect,0.1669
mp-1203609,0.4962,Indirect,0.2372
mp-556297,1.3014,Direct,0.1221
mp-557272,1.0462,Indirect,0.1192
mp-560840,2.0362,Indirect,0.2278
mp-614997,2.1230,Indirect,0.0471
mp-1200983,2.0921,Direct,0.0000
mp-1180071,0.0440,Indirect,0.0678
mp-557484,2.0317,Indirect,0.1112
mp-566296,1.6015,Direct,0.2596
mp-1105779,0.0392,Indirect,0.3302
mp-1198672,1.4276,Indirect,0.0000
mp-2217903,0.9003,Indirect,0.2306
mp-2241078,0.8791,Indirect,0.2526
mp-558270,2.3109,Indirect,0.1710
mp-559963,2.1196,Direct,0.0401
mp-560637,2.3285,Indirect,0.1738
mp-2234083,1.1116,Indirect,0.2411
mp-561350,2.8305,Indirect,0.0000
mp-866713,2.3274,Indirect,0.0000
mp-554646,1.9097,Indirect,0.3182
mp-1224205,2.3966,Indirect,0.1459
mp-2229527,0.0000,Metal,0.3931
mp-2229444,0.1962,Indirect,0.3179
mp-2229416,0.4755,Indirect,0.3675
mp-2228916,0.0000,Metal,0.3909
mp-677337,0.0948,Indirect,0.2873
mp-1191290,2.7911,Indirect,0.8974
mp-559061,2.2126,Indirect,0.0325
mp-1179746,0.4274,Indirect,1.3602
mp-1181321,0.0000,Metal,0.9707
mp-1198123,4.6652,Direct,0.0000
mp-1200341,3.9804,Direct,0.1356
mp-1201166,1.7119,Indirect,0.0791
mp-1203285,2.6570,Direct,0.0064
mp-555090,4.6504,Indirect,0.0091
mp-559089,4.0102,Indirect,0.2511
mp-1225472,2.9482,Indirect,0.0000
mp-1238685,2.6601,Indirect,0.0002
mp-2229780,0.6457,Indirect,0.4018
mp-557775,4.1083,Direct,0.1307
mp-556310,1.9832,Indirect,0.0310
mp-560423,4.6462,Indirect,0.0000
mp-1196156,3.1283,Indirect,0.0335
mp-1197904,3.5551,Indirect,0.1219
mp-1204262,0.0000,Metal,0.2079
mp-1204634,0.2273,Direct,0.1877
mp-1204695,1.0245,Indirect,0.2008
mp-1205052,0.2581,Indirect,1.4461
mp-1202327,0.1848,Indirect,0.2309
mp-1202543,0.0690,Indirect,0.2201
mp-1194676,1.6528,Indirect,0.1836
mp-1337931,1.3047,Indirect,0.0064
mp-28192,1.7772,Indirect,0.0000
mp-556023,3.2203,Indirect,0.0000
mp-1179727,1.5419,Direct,0.0000
mp-30157,3.4108,Indirect,0.0201
mp-657300,1.5402,Indirect,0.0045
mp-559738,1.8036,Direct,0.1367
mp-1203263,1.3868,Indirect,0.3550
mp-554079,1.3789,Indirect,0.0924
mp-554153,1.5929,Direct,0.2990
mp-554353,1.4847,Indirect,0.2978
mp-556728,2.3564,Indirect,0.0000
mp-558716,1.0193,Indirect,0.1061
mp-559233,2.3948,Indirect,0.2034
mp-561020,1.6067,Indirect,0.0043
mp-572763,2.1596,Indirect,0.0072
mp-669462,0.4743,Indirect,0.3034
mp-679987,1.7050,Indirect,0.0000
mp-560907,2.0160,Indirect,0.0000
mp-573078,2.2845,Indirect,0.0275
mp-572707,2.3395,Indirect,0.2086
mp-1196151,1.4549,Indirect,0.0000
mp-1208658,1.7349,Indirect,0.0022
mp-555967,1.8505,Indirect,0.0079
mp-557016,2.2644,Indirect,0.0069
mp-558183,0.5402,Indirect,0.1388
mp-560192,2.1827,Indirect,0.0064
mp-559716,0.4905,Indirect,0.1911
mp-561160,1.1910,Indirect,0.0002
mp-1190557,2.3713,Direct,0.0000
mp-572131,1.5149,Indirect,0.2777
mp-556831,2.2488,Indirect,0.1734
mp-638705,1.3164,Indirect,0.2374
mp-556186,4.0553,Indirect,0.1659
mp-662720,3.7997,Direct,0.1679
mp-729342,1.1148,Indirect,0.1986
mp-560777,2.3443,Indirect,0.0457
mp-624218,2.6243,Indirect,0.1134
mp-722501,1.8465,Indirect,0.1746
mp-720928,0.5965,Direct,0.1031
mp-28174,1.7553,Indirect,0.0000
mp-28575,0.6399,Indirect,0.0000
mp-28722,1.8217,Indirect,0.0559
mp-29477,2.9242,Indirect,0.0892
mp-559940,1.7401,Indirect,0.0127
mp-1205421,3.3005,Direct,0.0000
mp-1213776,0.1448,Direct,0.0138
mp-554183,2.5687,Direct,0.0000
mp-554265,3.2869,Indirect,0.0001
mp-557792,3.2563,Indirect,0.0000
mp-560517,2.6561,Indirect,0.0208
mp-561355,2.6504,Indirect,0.0220
mp-558135,1.5970,Indirect,0.0000
mp-554370,2.6537,Indirect,0.0222
mp-559350,1.5597,Direct,0.1689
mp-608398,1.8326,Indirect,0.0937
mp-661715,0.0000,Metal,1.3660
mp-989517,0.0000,Metal,0.0644
mp-989518,0.0000,Metal,0.0679
mp-989587,0.0000,Metal,0.1113
mp-647878,1.7915,Indirect,0.2878
mp-1208924,1.0792,Direct,0.0000
mp-555056,1.6653,Direct,0.1244
mp-1197977,3.6248,Direct,0.1789
mp-1200783,1.7539,Indirect,0.5651
mp-1204112,2.1793,Indirect,0.1757
mp-1196966,1.5094,Indirect,0.5758
mp-866812,0.1830,Indirect,0.0000
mp-1201123,1.7797,Indirect,0.5303
mp-2239851,0.7640,Indirect,0.2111
mp-559879,2.6688,Direct,0.1316
mp-2217785,0.1388,Indirect,0.3060
mp-2223676,0.7927,Indirect,0.2111
mp-1200711,2.5541,Indirect,0.2437
mp-561214,2.0460,Direct,0.1568
mp-1204218,2.6062,Direct,0.1677
mp-1198926,1.0400,Indirect,0.0568
mp-698272,1.1369,Indirect,0.1966
mp-1220771,0.0900,Indirect,0.6288
mp-29264,1.6685,Indirect,0.0000
mp-556587,1.8191,Direct,0.0000
mp-649334,1.4278,Indirect,0.0000
mp-866711,0.6859,Direct,0.0544
mp-680059,1.6865,Indirect,0.0000
mp-555805,2.4961,Direct,0.0000
mp-555282,2.5190,Indirect,0.1301
mp-585964,1.8447,Indirect,0.1512
mp-699535,1.8759,Indirect,0.1640
mp-1217392,2.3490,Indirect,0.0015
mp-1228296,2.6061,Direct,0.0000
mp-554511,1.5236,Indirect,0.0157
mp-1227999,2.3721,Indirect,0.0000
mp-560884,2.8827,Indirect,0.0000
mp-555254,0.6693,Indirect,0.1492
mp-28721,1.9198,Direct,0.0000
mp-29568,1.8602,Indirect,0.0000
mp-2218333,0.1396,Indirect,0.2043
mp-2218459,0.3822,Indirect,0.1743
mp-2218594,0.5906,Indirect,0.1822
mp-2218742,0.4474,Indirect,0.1872
mp-1104411,2.7814,Indirect,0.0000
mp-554625,1.8257,Indirect,0.0573
mp-559303,0.5156,Direct,0.0755
mp-1220410,0.1225,Indirect,0.1220
mp-648140,2.5981,Indirect,0.0201
mp-1195160,1.2722,Direct,0.0060
mp-1194539,1.9032,Direct,0.0000
mp-1105330,0.0000,Metal,0.0000
mp-735424,1.7207,Indirect,0.3759
mp-1210407,0.0000,Metal,0.8815
mp-720895,1.3492,Direct,0.0854
mp-707926,1.4461,Indirect,0.0816
mp-557809,1.7743,Direct,0.0000
mp-1209710,2.1879,Direct,0.0150
mp-559337,1.2212,Indirect,0.0174
mp-28772,1.6343,Direct,0.0124
mp-28103,0.4958,Indirect,0.0137
mp-669465,2.1287,Indirect,0.1497
mp-1188245,0.0000,Metal,1.1673
mp-555900,1.6183,Indirect,0.0020
mp-621112,1.7925,Indirect,0.0000
mp-601227,0.0164,Indirect,0.3773
mp-1205281,0.1064,Indirect,1.4834
mp-704608,2.0977,Direct,0.2023
mp-648469,1.8468,Indirect,0.0720
mp-28211,1.8369,Indirect,0.0000
mp-555493,0.3737,Indirect,0.0728
mp-556726,0.7012,Indirect,0.0384
mp-624474,0.0961,Direct,0.0442
mp-649080,1.9423,Indirect,0.0161
mp-28865,0.0327,Indirect,0.0202
mp-1214681,3.3273,Indirect,0.1833
mp-2230438,0.5763,Indirect,0.1484
mp-2230365,0.6648,Indirect,0.1278
mp-653758,0.0005,Indirect,0.0668
mp-706455,1.2323,Direct,0.2546
mp-1196451,2.0643,Direct,0.0000
mp-1203403,1.5729,Indirect,0.3152
mp-1212273,0.0220,Indirect,0.3346
mp-676473,2.8019,Indirect,0.0258
mp-974332,0.0000,Metal,0.6185
mp-28099,2.2489,Indirect,0.0000
mp-721815,0.0000,Metal,0.0878
mp-1208299,2.9277,Indirect,0.0000
mp-1208844,2.9463,Indirect,0.0000
mp-1209293,2.8424,Indirect,0.0000
mp-1212521,1.6455,Indirect,0.0846
mp-27180,2.6382,Indirect,0.0000
mp-27245,3.6835,Direct,0.0000
mp-555279,3.6178,Indirect,0.0014
mp-652046,1.6485,Indirect,0.0000
mp-29231,0.0000,Metal,0.0280
mp-1209893,0.0000,Metal,0.0259
mp-554769,0.7950,Indirect,0.0172
mp-1215080,0.3945,Direct,1.7073
mp-510347,1.1149,Indirect,0.0000
mp-1103194,1.7634,Indirect,0.0020
mp-36600,0.3977,Indirect,0.0683
mp-1207325,1.6791,Indirect,1.9467
mp-1207375,0.0295,Indirect,1.9483
mp-27246,2.9943,Direct,0.0000
mp-22998,0.0000,Metal,0.0000
mp-28928,2.8776,Direct,0.0000
mp-560054,2.7179,Indirect,0.4012
mp-1229116,0.3987,Indirect,0.0637
mp-1209341,2.7479,Indirect,0.0022
mp-1211452,2.7908,Indirect,0.0000
mp-1213818,0.0000,Metal,0.0272
mp-22971,1.7767,Indirect,0.0000
mp-23324,2.0320,Indirect,0.0000
mp-1105645,0.2964,Indirect,0.0983
mp-1229151,0.5666,Indirect,0.0653
mp-703875,2.6796,Indirect,0.0110
mp-1078379,0.2637,Indirect,0.2748
mp-1206068,1.6270,Indirect,0.0027
mp-554061,0.6737,Direct,0.0138
mp-557805,0.7358,Direct,0.0001
mp-559864,1.5308,Indirect,0.0000
mp-559588,1.5285,Indirect,0.0136
mp-561079,1.7295,Indirect,0.0177
mp-1213133,1.2396,Indirect,0.0945
mp-557980,0.9281,Indirect,0.3570
mp-1194050,0.0000,Metal,0.0769
mp-555527,2.6145,Direct,0.0000
mp-559237,2.6640,Direct,0.0000
mp-560523,2.5520,Indirect,0.0000
mp-560468,2.6881,Direct,0.0000
mp-669378,0.0883,Indirect,0.0000
mp-1224043,0.9666,Direct,0.0085
mp-555074,1.5415,Indirect,0.0017
mp-1225964,0.8068,Indirect,0.0081
mp-1196166,1.9335,Indirect,0.0005
mp-985591,2.1394,Indirect,0.0505
mp-1229171,0.5861,Indirect,0.0811
mp-555267,0.5100,Indirect,0.0309
mp-560067,1.2604,Indirect,0.0000
mp-554879,0.4492,Indirect,0.0288
mp-555645,0.5368,Direct,0.0328
mp-1195713,0.4962,Indirect,0.0119
mp-1202647,1.8641,Indirect,0.0000
mp-1204726,3.0328,Direct,0.0000
mp-554459,1.3802,Indirect,0.0000
mp-559019,1.3990,Indirect,0.0000
mp-559994,1.4091,Indirect,0.0000
mp-629511,0.0000,Metal,0.0000
mp-680421,0.0000,Metal,0.0000
mp-1197804,1.7400,Indirect,0.0000
mp-1188137,0.0000,Metal,0.3000
mp-554627,0.8184,Direct,0.0015
mp-1199707,0.0000,Metal,0.5745
mp-1198103,1.8225,Direct,0.0000
mp-1214973,0.0000,Metal,0.7260
mp-1197719,2.2876,Indirect,0.0000
mp-695929,4.9149,Indirect,0.0000
mp-1223297,0.3095,Indirect,0.0354
mp-849797,4.5168,Direct,0.0231
mp-1212553,3.2492,Indirect,0.0376
mp-1238949,3.1361,Indirect,0.0382
mp-559836,3.3437,Indirect,0.4138
mp-1224197,0.8789,Indirect,0.5993
mp-676501,3.4126,Indirect,0.0108
mp-703380,3.5399,Indirect,0.1852
mp-1199516,4.4523,Indirect,0.0361
mp-1202066,2.9647,Direct,0.0238
mp-1212907,3.0420,Indirect,0.2526
mp-555975,4.3157,Indirect,0.1836
mp-740707,3.1406,Indirect,0.0286
mp-1196395,0.0000,Metal,0.1909
mp-1196575,4.3089,Direct,0.2589
mp-600217,2.5243,Direct,0.2137
mp-1224979,3.9773,Indirect,0.2744
mp-1197738,2.7521,Direct,0.0233
mp-1200682,3.1030,Indirect,0.0236
mp-1079264,1.4107,Indirect,0.0008
mp-29096,1.4870,Indirect,0.0000
mp-559832,1.6090,Indirect,0.0015
mp-1079487,1.5000,Indirect,0.0000
mp-540792,2.4518,Indirect,0.0000
mp-28407,2.7573,Direct,0.0000
mp-1201162,2.0926,Indirect,0.0000
mp-683875,2.2651,Direct,0.0035
mp-28037,0.9875,Direct,0.0000
mp-1147540,0.0000,Metal,0.2801
mp-1147542,0.0000,Metal,0.0129
mp-1194529,2.1758,Indirect,0.1329
mp-1226093,0.0000,Metal,0.0538
mp-554096,2.3372,Direct,0.0520
mp-622294,2.2960,Indirect,0.0917
mp-622273,2.3956,Indirect,0.0719
mp-643460,1.9290,Indirect,0.0057
mp-683890,1.8417,Indirect,0.0000
mp-680334,2.1637,Indirect,0.0000
mp-680417,0.0000,Metal,0.0202
mp-860792,2.4037,Indirect,0.0141
mp-555484,0.7769,Indirect,0.2175
mp-1214970,0.5586,Indirect,0.0143
mp-1179209,0.1191,Indirect,0.7679
mp-1190896,0.0000,Metal,1.0532
mp-1199674,0.3125,Indirect,0.8798
mp-1328634,0.0006,Indirect,1.9461
mp-1228968,2.0767,Indirect,0.0021
mp-1228355,1.9955,Indirect,0.0025
mp-1104819,0.3750,Indirect,0.5042
mp-1179978,0.0955,Indirect,0.7840
mp-1192716,0.0549,Indirect,0.6296
mp-733454,0.5436,Indirect,0.7304
mp-1204117,4.4445,Direct,0.0151
mp-1202739,2.6829,Indirect,0.6660
mp-849798,3.1878,Direct,0.0701
mp-1205035,0.0292,Direct,0.2529
mp-1202797,2.7767,Direct,0.0356
mp-1201772,2.5453,Indirect,0.3124
mp-1205248,2.8523,Indirect,0.1138
mp-707239,2.5558,Indirect,0.1117
mp-1202532,1.0839,Indirect,0.0378
mp-556327,2.4046,Indirect,0.1230
mp-697260,3.3531,Direct,0.0421
mp-1106319,0.3846,Indirect,0.7050
mp-974330,0.0000,Metal,0.1934
mp-27378,1.7302,Indirect,0.1775
mp-1228012,1.3293,Indirect,0.0107
mp-1079481,0.1479,Indirect,0.3612
mp-1209349,0.0000,Metal,0.0275
mp-863030,2.6424,Indirect,0.0077
mp-558847,1.8744,Indirect,0.0690
mp-669564,1.6143,Indirect,0.0057
mp-1224301,0.0000,Metal,0.1156
mp-1202203,1.4823,Direct,0.0061
mp-1199298,0.3490,Direct,0.2163
mp-1182632,1.5168,Indirect,0.1927
mp-1196552,0.1294,Indirect,0.1706
mp-1204309,0.0000,Metal,0.2793
mp-28518,1.8121,Direct,0.0044
mp-559911,0.6915,Indirect,0.0000
mp-561582,1.2761,Indirect,0.0000
mp-1214257,2.6761,Direct,0.1336
mp-1214179,2.7805,Indirect,0.1297
mp-2217831,1.1908,Indirect,0.1606
mp-2240954,0.6305,Indirect,0.2838
mp-559900,1.2881,Direct,0.1139
mp-2241507,0.8101,Indirect,0.2864
mp-1193765,0.0000,Metal,0.6117
mp-731744,0.8111,Indirect,0.5037
mp-2229216,0.7182,Indirect,0.3708
mp-1191291,2.4712,Direct,0.9014
mp-1223434,0.4332,Indirect,0.0107
mp-2229658,0.6042,Indirect,0.3680
mp-2229921,0.4932,Indirect,0.3699
mp-557580,1.9085,Indirect,0.1870
mp-28297,2.8500,Indirect,0.0202
mp-1204377,2.1407,Direct,0.0097
mp-561414,2.0351,Indirect,0.0611
mp-555088,2.8096,Indirect,0.0189
mp-1245640,2.2614,Indirect,0.0430
mp-1207395,1.8586,Direct,0.0000
mp-555833,1.7802,Indirect,0.0000
mp-556341,1.4006,Indirect,0.0000
mp-1196084,1.7688,Direct,0.6149
mp-29057,0.7444,Direct,0.0000
mp-29599,1.3351,Direct,0.0000
mp-31015,0.8133,Indirect,0.0049
mp-573274,0.0380,Indirect,0.0000
mp-1182756,1.7601,Indirect,0.0000
mp-559724,1.2971,Indirect,0.1319
mp-1197449,0.1156,Indirect,0.4824
mp-556239,1.7750,Indirect,0.0000
mp-558099,1.6588,Indirect,0.0141
mp-674324,2.0136,Indirect,0.1110
mp-1180384,0.1464,Indirect,0.2742
mp-1211937,0.5802,Indirect,0.0051
mp-1213734,0.5780,Indirect,0.0000
mp-559037,0.5826,Indirect,0.0000
mp-680340,0.3199,Indirect,0.2523
mp-1197248,0.0000,Metal,0.7045
mp-632480,0.1676,Indirect,0.0737
mp-673825,0.2570,Indirect,0.0848
mp-676121,0.3739,Indirect,0.0739
mp-685999,0.0000,Metal,0.2730
mp-22995,0.5478,Indirect,0.0668
mp-1214225,1.6642,Indirect,0.1104
mp-676561,0.3330,Indirect,0.0776
mp-2762805,0.5914,Indirect,0.0000
mp-541073,2.4395,Indirect,0.0000
mp-1211900,1.0356,Direct,0.1631
mp-2912506,1.3709,Direct,0.1484
mp-1080544,0.0000,Metal,0.5026
mp-1207611,1.0647,Indirect,0.3283
mp-1208330,1.1186,Indirect,0.2979
mp-1207695,1.1277,Indirect,0.3465
mp-1212974,1.1142,Indirect,0.3235
mp-1210823,1.1589,Indirect,0.3525
mp-1062795,0.0000,Metal,0.6646
mp-1209965,0.0000,Metal,0.0112
mp-1210554,0.9080,Indirect,0.0229
mp-1215073,0.4024,Direct,1.6990
mp-558189,0.6243,Indirect,0.1164
mp-1095595,1.6628,Indirect,0.0025
mp-675879,0.3216,Direct,0.0755
mp-1173025,0.3398,Indirect,0.0867
mp-1018731,2.7206,Direct,0.0000
mp-28929,2.7811,Direct,0.0000
mp-556135,1.4872,Indirect,0.0000
mp-674981,0.2624,Indirect,0.0772
mp-1211464,2.1752,Direct,0.0000
mp-1209894,2.0315,Direct,0.0000
mp-1209328,2.0481,Direct,0.0000
mp-680698,0.0000,Metal,0.0360
mp-23041,1.6276,Indirect,0.0000
mp-23007,0.7998,Indirect,0.2679
mp-23514,1.8669,Indirect,0.0028
mp-973217,1.5064,Indirect,0.0200
mp-1181832,0.0000,Metal,0.1063
mp-1222482,1.5398,Direct,0.0000
mp-1147584,0.0000,Metal,0.5532
mp-1203795,3.4062,Direct,0.0000
mp-729448,0.0000,Metal,0.0482
mp-765597,2.8262,Indirect,0.0000
mp-23090,2.5070,Indirect,0.0000
mp-555409,0.1101,Indirect,0.0000
mp-558259,2.5715,Indirect,0.0000
mp-560356,2.5736,Direct,0.0000
mp-560853,2.4577,Direct,0.0156
mp-561126,2.5480,Direct,0.0000
mp-23140,1.3584,Direct,0.0000
mp-766881,2.3634,Indirect,0.0223
mp-985582,2.1923,Indirect,0.0189
mp-542426,0.4529,Direct,0.0210
mp-558446,1.1391,Indirect,0.0011
mp-1214805,1.8295,Indirect,0.0066
mp-554724,1.7314,Indirect,0.0000
mp-1105564,0.0000,Metal,0.0000
mp-849800,2.5839,Indirect,0.0213
mp-1211176,1.5998,Direct,0.0054
mp-950995,2.5333,Direct,0.0021
mp-1212742,2.8495,Indirect,0.0338
mp-849805,4.2823,Indirect,0.0368
mp-1181731,0.2897,Direct,0.6921
mp-1204670,2.2301,Indirect,0.0640
mp-1223524,0.3400,Indirect,0.0013
mp-1238470,2.2320,Indirect,0.0577
mp-1194606,2.8490,Indirect,0.1367
mp-1194969,2.9546,Indirect,0.1188
mp-1213452,3.0050,Indirect,0.2192
mp-1226404,3.0379,Indirect,0.1067
mp-1197963,2.4325,Direct,0.0000
mp-1194627,3.0963,Indirect,0.1099
mp-1196314,2.6997,Indirect,0.1006
mp-1199530,2.7447,Direct,0.0222
mp-1191944,2.3744,Indirect,0.0000
mp-1247930,0.0000,Metal,0.1669
mp-675987,0.0000,Metal,0.1832
mp-1205799,0.0000,Metal,0.1212
mp-1207211,1.5577,Indirect,0.5770
mp-29492,2.6242,Indirect,0.0050
mp-27928,2.2543,Indirect,0.0000
mp-1197503,2.7380,Indirect,0.0000
mp-30984,1.8938,Indirect,0.0000
mp-1179634,1.6295,Indirect,0.6335
mp-541352,2.2588,Indirect,0.0000
mp-616514,1.4357,Indirect,0.6433
mp-1173335,0.0000,Metal,0.2673
mp-1173327,0.0000,Metal,0.2682
mp-1202716,2.6141,Indirect,0.0000
mp-23386,1.6389,Direct,0.0000
mp-608106,1.8299,Direct,0.0184
mp-29956,1.3129,Indirect,0.0000
mp-2646936,0.1360,Direct,0.1201
mp-2646986,0.1128,Indirect,0.1712
mp-557605,1.6317,Indirect,0.0201
mp-1200918,0.0796,Direct,1.3834
mp-554735,2.0573,Indirect,0.0044
mp-2646919,0.1339,Direct,0.1101
mp-1220146,0.0000,Metal,0.0000
mp-1216409,0.6008,Direct,0.3000
mp-556866,1.2212,Direct,0.0000
mp-2647049,0.0720,Direct,0.1185
mp-559814,2.7011,Direct,0.0000
mp-2646928,0.1231,Indirect,0.1344
mp-2646926,0.1458,Indirect,0.1216
mp-2647159,0.0000,Metal,0.1347
mp-1179210,0.2279,Direct,0.8131
mp-1182432,1.0441,Indirect,0.6732
mp-1200181,2.0858,Indirect,0.0000
mp-1199995,0.0000,Metal,0.8761
mp-1179989,0.2080,Indirect,0.8459
mp-1192128,0.0000,Metal,0.7448
mp-1202068,0.1354,Indirect,0.7052
mp-1102535,0.0000,Metal,1.3539
mp-1196199,3.1576,Direct,0.0631
mp-1197502,2.6872,Direct,0.0693
mp-1204018,3.6644,Indirect,0.0359
mp-1215087,0.2800,Direct,1.1209
mp-1227984,1.2929,Direct,0.0113
mp-30934,2.0753,Indirect,0.0000
mp-540656,2.5185,Indirect,0.0000
mp-729020,0.0000,Metal,0.0794
mp-1215096,0.3660,Indirect,1.1158
mp-578882,1.9425,Direct,0.0273
mp-565597,1.6260,Direct,0.0000
mp-1219558,1.4019,Indirect,0.0483
mp-1219046,1.0658,Direct,0.0559
mp-1197482,2.1989,Indirect,0.0467
mp-559307,1.6135,Indirect,0.0059
mp-561134,0.6252,Indirect,0.0889
mp-1195374,2.3803,Indirect,0.0068
mp-24280,3.0529,Indirect,0.1742
mp-24281,2.5131,Indirect,0.1836
mp-24279,3.3840,Indirect,0.1541
mp-1202038,1.8029,Direct,0.1695
mp-1204081,1.9696,Direct,0.1377
mp-27938,1.7784,Direct,0.0000
mp-1179755,0.3027,Direct,0.1588
mp-557101,1.7979,Direct,0.0000
mp-649878,1.0174,Direct,0.0554
mp-676430,0.0000,Metal,0.1168
mp-560411,1.5565,Indirect,0.0022
mp-669364,2.4339,Indirect,0.0000
mp-1219479,1.3967,Indirect,0.0043
mp-1225117,0.4765,Indirect,0.0073
mp-1198506,2.6151,Direct,0.0122
mp-766473,1.8746,Indirect,0.1951
mp-1182270,1.3411,Indirect,0.5072
mp-730258,0.6260,Indirect,0.5937
mp-555458,0.0000,Metal,0.0222
mp-1208893,0.2026,Indirect,0.0783
mp-23066,1.8469,Direct,0.0257
mp-540644,1.2495,Indirect,0.0006
mp-1205269,1.1777,Indirect,0.6368
mp-541158,0.5787,Indirect,0.0000
mp-1208574,1.0721,Direct,0.0000
mp-654051,0.0000,Metal,0.0000
mp-1210167,0.0305,Indirect,0.0000
mp-583476,0.4354,Indirect,0.0000
mp-29172,4.1424,Indirect,0.0000
mp-696195,2.1589,Direct,0.0124
mp-12620,0.9158,Direct,0.0000
mp-1209033,3.1929,Direct,0.0210
mp-27312,4.8456,Indirect,0.0016
mp-27313,5.0491,Indirect,0.0000
mp-27617,0.0000,Metal,0.0000
mp-1207668,1.8704,Indirect,0.0000
mp-1210620,1.9077,Indirect,0.0418
mp-7738,1.7261,Direct,0.0000
mp-27367,4.0833,Direct,0.0000
mp-555582,2.8620,Direct,0.2950
mp-1095263,2.8304,Indirect,0.0000
mp-1187888,2.4302,Indirect,0.0124
mp-1195065,2.1005,Direct,0.0221
mp-27123,2.1822,Direct,0.0218
mp-556111,1.5788,Indirect,0.1034
mp-1208982,3.2282,Indirect,0.0192
mp-1095437,3.8707,Indirect,0.0000
mp-1101793,3.8843,Indirect,0.0000
mp-9205,3.3338,Indirect,0.0000
mp-1079647,1.2693,Direct,0.0000
mp-22392,0.0000,Metal,0.3909
mp-21228,1.1989,Direct,0.0005
mp-21356,0.0305,Indirect,0.0000
mp-9195,1.4265,Direct,0.0000
mp-1190442,1.4261,Indirect,0.0000
mp-1214921,2.5724,Indirect,0.0000
mp-554706,3.7178,Indirect,0.0000
mp-555022,4.2951,Indirect,0.0389
mp-555955,3.8060,Indirect,0.0000
mp-556169,4.2667,Indirect,0.0237
mp-556999,4.3039,Indirect,0.0023
mp-557457,4.3012,Indirect,0.0000
mp-558026,1.4501,Indirect,0.0000
mp-558538,4.2961,Indirect,0.0009
mp-559575,1.4197,Indirect,0.0000
mp-683911,3.0765,Indirect,0.3203
mp-9405,3.6512,Indirect,0.0069
mp-1195159,2.8113,Direct,0.0000
mp-1194932,2.7810,Direct,0.0000
mp-1195358,2.8658,Indirect,0.0046
mp-1194579,2.8498,Direct,0.0000
mp-1194517,2.6633,Direct,0.0068
mp-1194754,1.3484,Indirect,0.0000
mp-1209762,1.4719,Direct,0.0606
mp-561328,2.6001,Indirect,0.0000
mp-1102514,3.6881,Indirect,0.0021
mp-558073,1.4139,Indirect,0.0105
mp-561326,3.9164,Indirect,0.0016
mp-989544,0.0000,Metal,0.0000
mp-557635,1.5474,Direct,0.0553
mp-647549,2.9299,Direct,0.1140
mp-17921,4.5144,Indirect,0.0000
mp-1106130,0.0000,Metal,0.3224
mp-1196236,0.1897,Indirect,0.2853
mp-1203046,3.5314,Indirect,0.3138
mp-1195199,2.8394,Direct,0.0000
mp-1196487,2.2095,Indirect,0.0000
mp-1206897,0.0000,Metal,1.9195
mp-1207276,0.0000,Metal,1.6723
mp-1207301,0.0000,Metal,1.7299
mp-1212164,1.9752,Indirect,0.0000
mp-1208978,0.0000,Metal,1.3361
mp-1214731,0.0000,Metal,1.2560
mp-556194,0.1201,Direct,0.0106
mp-1202255,1.1750,Direct,0.0012
mp-667447,1.4618,Direct,0.1470
mp-662919,1.4471,Direct,0.1970
mp-558946,1.3343,Indirect,0.0039
mp-651161,1.7121,Direct,0.0647
mp-6407,1.7292,Direct,0.0147
mp-1080029,0.0000,Metal,0.0000
mp-549058,1.8100,Indirect,0.0039
mp-550944,0.0000,Metal,0.0103
mp-555942,4.1220,Indirect,0.0000
mp-558478,1.4586,Direct,0.0000
mp-1193369,2.4534,Indirect,0.0000
mp-651106,2.2834,Direct,0.3603
mp-1229037,1.6873,Indirect,0.0147
mp-710062,3.6908,Indirect,0.0212
mp-1191037,1.6736,Direct,0.0000
mp-23575,1.9559,Indirect,0.0000
mp-560263,4.0058,Indirect,0.0000
mp-1209641,1.3800,Direct,0.0604
mp-556763,1.2297,Indirect,0.1558
mp-541146,2.4240,Direct,0.2674
mp-541401,2.3512,Indirect,0.1080
mp-1208562,1.1084,Direct,0.0684
mp-17057,1.4479,Direct,0.0113
mp-17805,2.0002,Direct,0.0000
mp-1194712,3.9696,Indirect,0.0000
mp-15380,1.9538,Direct,0.0000
mp-557606,1.8713,Indirect,0.0392
mp-555217,3.7411,Indirect,0.0000
mp-559447,2.7821,Direct,0.0000
mp-561124,3.7121,Indirect,0.0074
mp-1219891,0.0607,Indirect,1.1424
mp-650674,1.4762,Direct,0.0000
mp-1205478,1.4680,Direct,0.0000
mp-667742,0.0446,Direct,0.1497
mp-1192196,1.1988,Direct,0.0250
mp-23569,1.5770,Direct,0.0000
mp-559000,1.5285,Direct,0.0000
mp-1195190,0.0000,Metal,0.7926
mp-28684,1.9030,Direct,0.0127
mp-1212165,0.0000,Metal,0.7828
mp-1216262,0.1477,Indirect,0.1910
mp-504825,2.1951,Indirect,0.0192
mp-568603,0.8961,Indirect,0.0247
mp-28920,0.7829,Direct,0.0000
mp-31038,0.8067,Indirect,0.0000
mp-580748,1.1641,Indirect,0.0000
mp-676712,1.5368,Indirect,0.0000
mp-962058,1.8941,Direct,0.8288
mp-631529,0.0000,Metal,1.9074
mp-1223184,1.2078,Direct,0.0034
mp-1120728,2.5100,Direct,0.0000
mp-1102246,1.3360,Direct,0.0000
mp-610491,1.8404,Indirect,0.0000
mp-1045211,1.3434,Indirect,0.2872
mp-1048591,0.4265,Indirect,0.1932
mp-569939,0.5500,Indirect,0.0041
mp-1196912,1.6399,Indirect,0.0000
mp-1213116,1.0564,Indirect,0.0871
mp-1105941,2.4336,Direct,0.0347
mp-1223776,0.7235,Indirect,0.0101
mp-556378,3.5272,Indirect,0.0000
mp-1048546,1.6650,Indirect,0.2081
mp-1213819,0.0000,Metal,0.7232
mp-560549,1.3674,Indirect,0.0000
mp-569687,0.6295,Indirect,0.0027
mp-1048178,0.5571,Indirect,0.2784
mp-1048225,0.7315,Indirect,0.2915
mp-1045028,0.6045,Indirect,0.6349
mp-1198762,3.3798,Direct,0.0000
mp-1204472,4.2071,Indirect,0.0000
mp-1205081,2.6100,Indirect,0.0096
mp-1207618,4.3562,Indirect,0.0000
mp-1213564,0.0200,Direct,0.6206
mp-23096,4.3364,Indirect,0.0000
mp-23086,4.3487,Indirect,0.0000
mp-23587,4.3572,Indirect,0.0000
mp-554063,4.4293,Indirect,0.0000
mp-554903,4.3868,Indirect,0.0000
mp-555650,4.2031,Indirect,0.0000
mp-556362,3.6197,Indirect,0.0071
mp-556551,2.9930,Indirect,0.0000
mp-558516,4.3368,Indirect,0.0000
mp-558257,4.3669,Indirect,0.0000
mp-558490,4.0860,Indirect,0.0000
mp-639138,0.0000,Metal,0.0000
mp-1045980,1.4901,Indirect,0.3546
mp-1045584,0.6001,Indirect,0.4555
mp-1048499,2.5163,Direct,0.2575
mp-1048604,1.1446,Indirect,0.3353
mp-1048587,0.3958,Indirect,0.5273
mp-1266944,0.1970,Indirect,0.5059
mp-1340471,0.1385,Indirect,0.5326
mp-1048592,1.0973,Indirect,0.3969
mp-1192990,1.9036,Direct,0.5734
mp-1197914,2.6288,Indirect,0.0670
mp-722563,1.8027,Direct,0.6160
mp-1045601,2.3164,Direct,0.1623
mp-1045114,1.3073,Indirect,0.3908
mp-1193691,0.3467,Indirect,0.2292
mp-1264957,1.8001,Indirect,0.2032
mp-554419,0.7540,Indirect,0.1072
mp-559195,2.6978,Indirect,0.0000
mp-562836,2.7367,Indirect,0.0021
mp-1048241,0.0000,Metal,0.4414
mp-1192566,1.5448,Indirect,0.0047
mp-1193560,2.3641,Indirect,0.0000
mp-1250779,2.6140,Direct,0.2493
mp-1048276,0.0000,Metal,0.3979
mp-1045571,1.5065,Direct,0.1872
mp-1048247,0.5799,Indirect,0.4419
mp-1048242,0.0000,Metal,0.3720
mp-1048596,2.5557,Direct,0.0648
mp-1048555,1.6680,Indirect,0.1446
mp-1048246,0.0000,Metal,0.3148
mp-1048385,1.8113,Direct,0.0472
mp-1048488,2.0598,Indirect,0.1792
mp-1048551,1.3035,Indirect,0.0505
mp-505104,0.0000,Metal,0.0000
mp-581370,0.2385,Indirect,0.0012
mp-572807,0.0162,Indirect,0.0000
mp-555517,0.0000,Metal,0.0135
mp-776636,2.9561,Indirect,0.0083
mp-863023,4.3352,Indirect,0.0000
mp-1192921,4.4320,Indirect,0.3215
mp-707509,0.3301,Direct,0.0748
mp-720985,2.5753,Direct,0.0388
mp-1402587,0.0000,Metal,0.4698
mp-29469,1.1490,Indirect,0.0993
mp-27851,1.7701,Indirect,0.0000
mp-27361,0.9934,Indirect,0.0000
mp-567437,1.3609,Indirect,0.0000
mp-1105005,3.1114,Indirect,0.0000
mp-1105151,2.6502,Indirect,0.0011
mp-557136,0.0000,Metal,0.0058
mp-1201155,0.0000,Metal,0.0000
mp-23119,0.0000,Metal,0.0079
mp-554163,0.0000,Metal,0.0000
mp-561112,4.0939,Direct,0.0001
mp-1194971,3.1026,Indirect,0.0000
mp-1219275,1.2869,Indirect,0.0000
mp-23144,1.5063,Indirect,0.0016
mp-557946,0.0065,Indirect,0.0176
mp-572877,2.5561,Direct,0.0014
mp-1218418,4.2893,Indirect,0.0000
mp-557746,4.1240,Direct,0.0000
mp-1195181,2.4618,Direct,0.0000
mp-554805,3.4263,Indirect,0.0000
mp-1219635,2.2064,Indirect,0.0137
mp-1223536,2.2139,Indirect,0.0176
mp-1225999,2.2057,Indirect,0.0141
mp-1181555,0.7650,Indirect,0.4297
mp-1193439,0.3384,Indirect,0.0240
mp-1194403,1.4560,Indirect,0.0000
mp-1204801,1.8892,Direct,0.0534
mp-553947,3.3870,Indirect,0.0000
mp-557019,4.3055,Indirect,0.0000
mp-556414,4.3242,Indirect,0.0000
mp-555160,4.4011,Indirect,0.0000
mp-561998,2.1714,Indirect,0.0000
mp-1193833,0.0000,Metal,0.0053
mp-1106362,0.0000,Metal,0.6827
mp-1179167,0.0000,Metal,0.7969
mp-1192430,0.1087,Indirect,0.6134
mp-1209082,4.3130,Indirect,0.0000
mp-1193551,0.2982,Indirect,0.0065
mp-562762,1.4480,Indirect,0.0000
mp-1214108,0.0000,Metal,0.5704
mp-729033,0.3221,Direct,0.0406
mp-571061,1.1681,Indirect,0.0000
mp-570270,0.7559,Indirect,0.0000
mp-571134,1.2001,Direct,0.1843
mp-28791,1.4432,Direct,0.1809
mp-555909,3.7466,Indirect,0.0000
mp-1197266,3.7944,Indirect,0.0000
mp-23635,1.4347,Indirect,0.0000
mp-1192577,1.3914,Indirect,0.0000
mp-1200831,4.5994,Indirect,0.0000
mp-1204093,2.9381,Indirect,0.0059
mp-1196410,0.0682,Direct,0.0163
mp-1228026,2.1060,Indirect,0.0000
mp-1201000,3.3684,Direct,0.0253
mp-540675,3.0664,Indirect,0.0000
mp-667320,2.9348,Direct,0.0138
mp-683984,1.1219,Indirect,0.0000
mp-574529,1.4066,Direct,0.0000
mp-671913,1.0987,Indirect,0.1665
mp-683684,1.0025,Indirect,0.0643
mp-567734,2.1167,Direct,0.0000
mp-1192837,1.3956,Indirect,0.0004
mp-1194909,1.1220,Indirect,0.0000
mp-637206,2.5424,Indirect,0.0000
mp-866695,2.3069,Indirect,0.0000
mp-1232974,0.0000,Metal,0.0640
mp-1233222,0.9660,Indirect,0.0915
mp-1233629,0.9049,Indirect,0.1116
mp-1234080,0.7350,Indirect,0.1206
mp-1233961,0.0000,Metal,0.0689
mp-1234154,1.2762,Indirect,0.0553
mp-1234009,0.8398,Indirect,0.0975
mp-1234333,1.0606,Indirect,0.0868
mp-1234385,0.2998,Indirect,0.1084
mp-1234428,0.7101,Indirect,0.0821
mp-1234732,1.0540,Indirect,0.0655
mp-1234500,0.4971,Indirect,0.0419
mp-1235050,0.0000,Metal,0.0473
mp-1235220,0.0000,Metal,0.0493
mp-1235328,0.0000,Metal,0.0501
mp-1235291,0.0000,Metal,0.0462
mp-1235582,0.0459,Indirect,0.0496
mp-1236013,0.1322,Indirect,0.0445
mp-1236160,0.0000,Metal,0.0561
mp-1197302,0.6891,Direct,0.0591
mp-1195170,3.0001,Indirect,0.0000
mp-1198565,0.6854,Indirect,0.0000
mp-1204736,0.3869,Indirect,0.3010
mp-1190020,1.1162,Indirect,0.0074
mp-1173448,0.9387,Direct,0.0073
mp-29124,2.6877,Indirect,0.1637
mp-1194941,2.1050,Indirect,0.0000
mp-569902,1.8425,Indirect,0.1588
mp-570486,1.3286,Indirect,0.0000
mp-571250,1.9078,Direct,0.0000
mp-1225822,0.0677,Indirect,0.0000
mp-1196140,1.4437,Indirect,0.0062
mp-643203,0.0000,Metal,0.0089
mp-1192701,2.2733,Direct,0.0000
mp-619928,1.3208,Indirect,0.0000
mp-29420,1.3426,Direct,0.0000
mp-28175,1.7002,Indirect,0.0000
mp-1080652,0.0000,Metal,1.2334
mp-27829,2.6051,Indirect,0.0000
mp-27830,2.7509,Indirect,0.0000
mp-680308,0.1172,Direct,0.0990
mp-30113,1.3568,Direct,0.0000
mp-1196619,1.5989,Indirect,0.0000
mp-558647,0.0000,Metal,0.0055
mp-1195946,0.0000,Metal,0.0184
mp-1207516,1.0312,Direct,0.0013
mp-1212434,1.0147,Direct,0.0000
mp-567956,1.6410,Direct,0.0870
mp-568653,0.0000,Metal,0.2724
mp-570520,2.5759,Indirect,0.0000
mp-571445,2.5501,Indirect,0.0000
mp-680211,0.0000,Metal,0.0141
mp-568572,0.0000,Metal,0.0158
mp-720110,1.3125,Indirect,0.0000
mp-1197752,0.0000,Metal,0.3447
mp-1205403,2.5979,Indirect,0.0000
mp-28189,1.3187,Indirect,0.0000
mp-649130,0.0541,Direct,0.1415
mp-540615,1.0202,Indirect,0.0000
mp-28372,1.7274,Direct,0.0000
mp-504937,1.1943,Indirect,0.0061
mp-613545,1.8700,Indirect,0.0407
mp-1200639,1.4358,Indirect,0.0089
mp-505564,1.0179,Indirect,0.0000
mp-679999,1.5553,Direct,0.0000
mp-29843,1.1039,Indirect,0.0043
mp-570693,1.6952,Indirect,0.1758
mp-572726,1.9455,Direct,0.0000
mp-1217182,2.0160,Indirect,0.0036
mp-557464,2.4435,Indirect,0.0328
mp-1223737,0.1799,Indirect,0.2844
mp-1198176,1.9186,Indirect,0.0000
mp-560193,2.7633,Indirect,0.0000
mp-1203978,1.5329,Indirect,0.1222
mp-686599,0.2500,Direct,0.8245
mp-1218343,3.8330,Direct,0.0000
mp-556693,1.0677,Indirect,0.0490
mp-28985,2.0148,Indirect,0.0000
mp-29968,2.0780,Direct,0.0043
mp-1228808,1.1266,Direct,0.0055
mp-662547,2.2607,Indirect,0.0000
mp-553914,0.0000,Metal,0.0258
mp-671888,0.7896,Indirect,0.0193
mp-541510,0.0000,Metal,0.0075
mp-573340,1.3168,Indirect,0.0000
mp-582444,0.0736,Indirect,0.0026
mp-652695,0.8805,Direct,0.0126
mp-571313,2.7990,Indirect,0.0000
mp-568726,0.0000,Metal,0.0339
mp-570544,2.8159,Indirect,0.0000
mp-554217,1.1895,Direct,0.0782
mp-560057,1.1869,Direct,0.0669
mp-1200489,2.4765,Indirect,0.1070
mp-1173102,0.0058,Indirect,0.2053
mp-693432,0.0000,Metal,0.4477
mp-607785,3.1133,Direct,0.0000
mp-645405,3.0734,Direct,0.0000
mp-1217613,0.3528,Indirect,0.1491
mp-1203849,1.6847,Indirect,0.0000
mp-1187019,0.0000,Metal,0.0020
mp-540943,1.7553,Indirect,0.0615
mp-570589,1.5238,Indirect,0.0649
mp-1225212,0.0000,Metal,0.3544
mp-29857,1.0710,Indirect,0.0276
mp-1218308,0.5301,Indirect,0.0000
mp-29567,0.8486,Indirect,0.0000
mp-624200,1.4268,Indirect,0.0000
mp-28921,0.3854,Direct,0.0000
mp-1100439,1.5458,Indirect,0.8503
mp-1209865,0.0000,Metal,0.0012
mp-631257,0.0000,Metal,0.8448
mp-510346,0.7435,Indirect,0.0254
mp-1206174,0.1027,Indirect,1.8544
mp-28741,1.0299,Indirect,0.0000
mp-1209072,1.4378,Indirect,0.0000
mp-27199,0.6303,Indirect,0.0000
mp-569707,1.6912,Indirect,0.0095
mp-1224081,0.4908,Indirect,0.0498
mp-570321,1.1103,Indirect,0.0009
mp-571169,1.2945,Indirect,0.0178
mp-1213194,1.0535,Direct,0.0865
mp-1223994,0.2181,Indirect,0.0282
mp-1226394,0.0000,Metal,0.0614
mp-567949,1.3281,Indirect,0.0037
mp-567720,0.4656,Indirect,0.0097
mp-655834,0.1502,Indirect,0.1265
mp-639335,0.1832,Indirect,0.1250
mp-567478,0.6252,Indirect,0.0077
mp-570590,1.3886,Indirect,0.0290
mp-605821,1.2122,Indirect,0.0417
mp-740711,4.4945,Indirect,0.0000
mp-628637,0.0000,Metal,0.0000
mp-863017,4.0088,Indirect,0.0000
mp-861891,0.8221,Direct,0.1675
mp-31075,1.3272,Indirect,0.0000
mp-569623,0.9702,Indirect,0.0030
mp-1201169,2.0140,Indirect,0.0000
mp-2422143,1.0940,Indirect,0.0000
mp-541667,0.9901,Indirect,0.0004
mp-568146,0.9344,Indirect,0.0035
mp-28131,1.5997,Indirect,0.0000
mp-567556,1.1429,Indirect,0.0012
mp-1198737,1.0219,Indirect,0.0000
mp-1202357,1.4231,Indirect,0.0000
mp-1194412,2.8329,Direct,0.0000
mp-1197501,3.1938,Indirect,0.0046
mp-1205460,0.7927,Indirect,0.1645
mp-555343,2.8709,Indirect,0.0000
mp-562833,2.5280,Direct,0.0000
mp-683899,1.5045,Indirect,0.0000
mp-1191103,0.0333,Indirect,0.6108
mp-1228759,1.3865,Indirect,0.0146
mp-972874,0.0000,Metal,0.5148
mp-567731,1.2470,Indirect,0.0000
mp-998413,1.2544,Indirect,0.0395
mp-998299,1.2364,Indirect,0.0507
mp-23498,0.7364,Indirect,0.0000
mp-679967,1.2212,Indirect,0.0035
mp-1209495,0.0000,Metal,0.0471
mp-1944812,0.0000,Metal,0.0385
mp-29123,1.2256,Indirect,0.2412
mp-2014596,1.8330,Indirect,0.0000
mp-998415,0.0000,Metal,0.0363
mp-998366,0.0000,Metal,0.0601
mp-567060,1.8781,Indirect,0.1067
mp-680446,1.3783,Direct,0.0000
mp-1200788,1.3646,Indirect,0.0000
mp-651332,2.2169,Indirect,0.0000
mp-1214253,2.7672,Direct,0.4003
mp-1219630,1.6949,Direct,0.0000
mp-1173441,1.7270,Indirect,0.0000
mp-1173580,0.0032,Indirect,0.2948
mp-1202157,1.9890,Direct,0.0130
mp-29589,0.0000,Metal,0.0000
mp-29496,1.3249,Indirect,0.0767
mp-1079970,0.0000,Metal,1.2354
mp-23036,1.6978,Indirect,0.0000
mp-723017,0.0000,Metal,1.1893
mp-655489,1.9666,Indirect,0.0537
mp-630927,1.9784,Indirect,0.0528
mp-1194813,1.3799,Direct,0.0000
mp-1195597,1.5193,Indirect,0.0000
mp-569970,1.9368,Indirect,0.0000
mp-1204113,1.1803,Direct,0.0991
mp-1210250,0.9682,Indirect,0.0084
mp-680015,1.3216,Direct,0.0000
mp-23376,2.2203,Direct,0.0237
mp-29408,2.1939,Indirect,0.0173
mp-607953,0.0864,Indirect,0.0000
mp-1194789,1.4534,Indirect,0.0948
mp-1195337,1.6510,Direct,0.0805
mp-1192469,1.6213,Indirect,0.0746
mp-1196459,1.8019,Direct,0.0000
mp-645663,1.4869,Indirect,0.0000
mp-1104676,0.0757,Indirect,0.0000
mp-541758,1.3963,Indirect,0.0000
mp-567252,0.0832,Direct,0.0004
mp-1208533,0.1797,Direct,0.0000
mp-23410,0.0718,Direct,0.0000
mp-1202969,0.9837,Direct,0.0000
mp-28393,1.6621,Indirect,0.0000
mp-505373,1.2345,Indirect,0.0000
mp-23488,0.7102,Direct,0.0000
mp-2012385,0.6127,Indirect,0.0000
mp-29450,1.2273,Indirect,0.1256
mp-23051,0.0000,Metal,0.0083
mp-2748369,0.2872,Indirect,0.0000
mp-2355707,0.1055,Direct,0.0000
mp-1206203,0.0070,Indirect,2.9309
mp-1206671,0.0479,Indirect,2.8841
mp-1207331,0.0647,Indirect,2.9858
mp-1206751,0.0658,Indirect,2.9702
mp-1206385,0.0950,Indirect,2.9088
mp-1206872,0.0762,Direct,2.9642
mp-569052,1.3964,Indirect,0.0161
mp-28458,2.3090,Direct,0.0000
mp-22996,1.3811,Indirect,0.0000
mp-23020,1.5764,Indirect,0.0128
mp-505357,1.6754,Direct,0.0000
mp-30531,0.0000,Metal,0.0000
mp-569109,0.7160,Indirect,0.0058
mp-570268,0.5352,Indirect,0.0043
mp-570961,1.2705,Indirect,0.0451
mp-1213068,1.0381,Indirect,0.0583
mp-1224031,0.0308,Indirect,0.0476
mp-570084,1.2264,Direct,0.0044
mp-1198248,1.1487,Direct,0.0123
mp-1201600,1.4904,Indirect,0.0117
mp-1202250,0.0097,Direct,0.0439
mp-1202691,1.1734,Indirect,0.0354
mp-571015,1.7151,Direct,0.0000
mp-1224181,0.1767,Direct,0.0289
mp-1202646,2.4681,Indirect,0.0515
mp-669425,0.0000,Metal,0.0000
mp-861871,0.9079,Direct,0.0000
mp-1205627,0.9593,Indirect,0.0000
mp-571404,1.2692,Indirect,0.0053
mp-28089,2.0743,Indirect,0.0000
mp-653559,1.7729,Direct,0.0183
mp-29955,1.2970,Indirect,0.0000
mp-1204730,0.6483,Indirect,0.5245
mp-1193210,2.6330,Indirect,0.0000
mp-556570,1.2752,Indirect,0.0185
mp-570817,1.4117,Indirect,0.0000
mp-1200930,2.7977,Indirect,0.0062
mp-1197713,3.7575,Indirect,0.0000
mp-569026,0.0000,Metal,0.3558
mp-1204878,0.1289,Indirect,0.0000
mp-541817,0.6270,Indirect,0.0000
mp-1214500,2.0776,Direct,0.0000
mp-680185,1.2321,Indirect,0.0000
mp-1219043,1.0447,Indirect,0.0612
mp-1204573,1.3756,Indirect,0.0170
mp-1201119,2.6474,Direct,0.0000
mp-1203230,2.3864,Indirect,0.0076
mp-28517,1.6854,Direct,0.0012
mp-1226181,0.0000,Metal,0.0355
mp-1219041,0.9176,Indirect,0.0695
mp-645655,1.0701,Indirect,0.0000
mp-653891,0.9365,Direct,0.0007
mp-29116,0.5727,Indirect,0.0103
mp-569258,0.8800,Indirect,0.0000
mp-556938,0.1791,Direct,0.0000
mp-1396578,4.4352,Indirect,0.0005
mp-561664,4.0186,Indirect,0.0000
mp-1875,4.3975,Direct,0.0000
mp-12621,0.4181,Direct,0.0713
mp-27473,3.9651,Direct,0.0000
mp-29178,4.6038,Indirect,0.0000
mp-29429,2.5075,Indirect,0.3336
mp-27379,2.1908,Indirect,0.1119
mp-554085,4.4226,Indirect,0.2447
mp-1204577,3.5551,Direct,0.4632
mp-28836,1.6616,Indirect,0.6281
mp-558387,4.2002,Direct,0.0000
mp-556778,4.8518,Indirect,0.0007
mp-4648,5.2046,Direct,0.0000
mp-29355,5.2511,Indirect,0.0000
mp-29903,4.4542,Indirect,0.0000
mp-541628,4.6339,Direct,0.0000
mp-556785,4.8863,Indirect,0.0000
mp-1091416,1.5171,Direct,0.0181
mp-1080438,1.2847,Direct,0.0000
mp-13287,0.9884,Direct,0.0000
mp-13339,0.7291,Indirect,0.0095
mp-16742,1.5110,Direct,0.0000
mp-1198428,2.8930,Direct,0.4592
mp-1208401,2.7599,Indirect,0.3266
mp-1208586,3.1123,Indirect,0.3180
mp-1216939,2.7386,Indirect,0.0000
mp-510727,3.1780,Indirect,0.0000
mp-554532,4.4880,Indirect,0.0000
mp-554523,2.7668,Indirect,0.0000
mp-554942,1.9198,Indirect,0.0000
mp-555034,1.9259,Indirect,0.0153
mp-556325,3.9746,Indirect,0.0000
mp-557231,3.7470,Indirect,0.0000
mp-557570,3.0984,Indirect,0.0000
mp-558502,1.4996,Indirect,0.0000
mp-558984,3.7146,Indirect,0.0000
mp-560280,3.3316,Indirect,0.2092
mp-560559,3.0474,Indirect,0.4563
mp-1331846,0.0245,Indirect,2.0413
mp-556053,3.5902,Indirect,0.3323
mp-559902,2.5918,Indirect,0.4604
mp-1192381,0.0494,Direct,0.1297
mp-1189372,2.7240,Indirect,0.2211
mp-612946,3.9669,Indirect,0.1073
mp-13551,3.2415,Indirect,0.0000
mp-555629,3.7741,Indirect,0.0000
mp-11014,4.8881,Indirect,0.0052
mp-561647,5.0319,Indirect,0.0000
mp-559932,4.2547,Indirect,0.0000
mp-1193891,0.0000,Metal,0.1775
mp-560578,3.3979,Indirect,0.0000
mp-1202734,2.4536,Indirect,0.0680
mp-1198846,0.6209,Indirect,0.5177
mp-633158,3.5809,Indirect,0.0000
mp-1204740,1.4780,Indirect,0.1399
mp-557736,2.2532,Indirect,0.3171
mp-669474,3.1862,Indirect,0.0103
mp-650943,2.1624,Direct,0.4934
mp-555202,5.0324,Indirect,0.0025
mp-720815,3.0626,Direct,0.0927
mp-698479,4.8825,Indirect,0.0000
mp-1179213,3.5886,Indirect,0.1757
mp-1179533,2.1588,Indirect,0.3826
mp-1200870,2.4156,Direct,0.2331
mp-29177,4.8686,Indirect,0.0000
mp-29144,4.5077,Indirect,0.0000
mp-29185,3.3892,Indirect,0.0000
mp-754462,0.9945,Indirect,0.0870
mp-1214752,0.0000,Metal,1.2003
mp-1214778,0.0000,Metal,1.1986
mp-1195320,2.5014,Indirect,0.2242
mp-557213,2.2919,Indirect,0.0470
mp-1192364,2.4788,Indirect,0.0000
mp-554413,0.0000,Metal,0.0432
mp-1204544,3.2424,Indirect,0.0214
mp-728416,0.5386,Indirect,0.1069
mp-1191341,4.6208,Indirect,0.0000
mp-1208334,0.0000,Metal,0.0714
mp-2228522,1.6392,Indirect,0.1854
mp-558138,1.5926,Indirect,0.1173
mp-2227262,1.3893,Indirect,0.1786
mp-2228593,1.5250,Indirect,0.1971
mp-558806,2.1512,Direct,0.1816
mp-1209223,0.0346,Indirect,0.7751
mp-554957,2.0111,Indirect,0.0168
mp-554818,3.1053,Indirect,0.0000
mp-561226,3.7899,Indirect,0.0000
mp-1179966,0.2650,Indirect,0.4515
mp-1198791,1.9537,Indirect,0.2064
mp-558675,2.1121,Indirect,0.2026
mp-1195987,0.4898,Indirect,1.1388
mp-560414,2.9955,Indirect,0.0052
mp-1208322,2.4973,Direct,0.0787
mp-1217532,2.9326,Direct,0.0079
mp-1217460,0.2658,Indirect,0.0253
mp-558136,3.0745,Indirect,0.0160
mp-1233467,1.5272,Indirect,0.1047
mp-1233771,2.2941,Indirect,0.1037
mp-1234072,1.9457,Indirect,0.1243
mp-1235055,0.9102,Indirect,0.0680
mp-1235165,0.8481,Indirect,0.0677
mp-1235761,0.7727,Indirect,0.0848
mp-1197551,0.0000,Metal,0.9259
mp-1194695,2.3970,Indirect,0.1779
mp-1194957,2.5668,Indirect,0.0802
mp-559834,2.5739,Direct,0.0853
mp-557494,2.8918,Indirect,0.1610
mp-27575,2.8675,Indirect,0.0020
mp-649177,2.1693,Indirect,0.0265
mp-680183,2.1603,Indirect,0.0081
mp-1194814,2.0657,Direct,0.2704
mp-560028,2.2523,Indirect,0.0000
mp-1195764,0.0000,Metal,0.0420
mp-540984,2.7227,Indirect,0.0141
mp-555419,2.1702,Indirect,0.1957
mp-680235,2.6359,Direct,0.0075
mp-709549,2.5998,Indirect,0.2812
mp-560802,2.3841,Direct,0.0082
mp-540553,2.3632,Direct,0.0081
mp-29074,1.0704,Direct,0.0897
mp-1205467,1.2372,Direct,0.0341
mp-648788,0.0000,Metal,0.2022
mp-649107,0.5590,Indirect,0.0274
mp-1209318,2.2268,Indirect,0.0720
mp-569561,3.1165,Indirect,0.0000
mp-540997,1.2641,Indirect,0.0000
mp-22945,0.7797,Direct,0.0000
mp-1018752,0.6571,Direct,0.0026
mp-1018667,0.0000,Metal,0.0309
mp-1018941,0.4210,Direct,0.0000
mp-1018818,0.4133,Direct,0.0001
mp-504630,1.6633,Direct,0.0000
mp-573751,3.3025,Indirect,0.0000
mp-669345,2.7878,Direct,0.0003
mp-669348,2.2165,Direct,0.0032
mp-28938,0.7027,Direct,0.0000
mp-28944,1.5135,Indirect,0.0000
mp-28330,1.5508,Indirect,0.0000
mp-29713,2.1717,Indirect,0.0108
mp-541877,2.6483,Indirect,0.0091
mp-571179,3.1559,Indirect,0.0012
mp-669325,0.0000,Metal,0.0227
mp-631398,0.0000,Metal,1.0971
mp-22975,2.6398,Indirect,0.0000
mp-23465,2.7815,Indirect,0.0000
mp-27833,2.5741,Indirect,0.0000
mp-569149,2.5557,Indirect,0.0000
mp-723393,0.7062,Indirect,1.0781
mp-644827,1.8037,Direct,0.0000
mp-27449,2.1702,Direct,0.0000
mp-29102,2.3567,Direct,0.0000
mp-1102615,0.0140,Indirect,0.0242
mp-1103189,0.8821,Direct,0.0000
mp-550564,0.0000,Metal,0.1194
mp-557992,3.0755,Indirect,0.0000
mp-616455,2.5316,Indirect,0.0342
mp-736257,0.0021,Indirect,1.6149
mp-759866,3.0969,Indirect,0.0233
mp-1104737,0.7145,Indirect,0.8447
mp-707765,3.3769,Indirect,0.0168
mp-738646,0.0000,Metal,0.4997
mp-1180423,0.0000,Metal,0.3907
mp-726716,0.0000,Metal,0.5475
mp-1196950,3.2599,Direct,0.0078
mp-1217378,2.0877,Indirect,0.0000
mp-557130,3.7044,Direct,0.0000
mp-950214,3.4748,Direct,0.0050
mp-559379,3.1556,Indirect,0.0000
mp-559805,3.8573,Indirect,0.0000
mp-1219504,2.6933,Indirect,0.0021
mp-628665,2.1634,Indirect,0.0000
mp-1235589,0.5885,Indirect,0.2085
mp-1193890,2.4894,Direct,0.0000
mp-1179291,0.0089,Indirect,0.9725
mp-1201918,3.2584,Direct,0.0061
mp-1202001,0.0000,Metal,1.4617
mp-600198,3.0652,Indirect,0.1067
mp-1197714,3.3389,Indirect,0.0063
mp-1217518,0.0494,Indirect,0.3427
mp-570177,3.1519,Indirect,0.0611
mp-680388,0.0001,Indirect,0.0091
mp-1196941,3.9733,Indirect,0.0652
mp-1197706,0.5398,Indirect,0.4473
mp-558504,3.7930,Indirect,0.0033
mp-1235303,0.3837,Indirect,0.2213
mp-1194678,2.8168,Indirect,0.0000
mp-1204279,1.7522,Direct,0.1131
mp-1208308,0.7074,Indirect,0.0163
mp-28176,1.5721,Direct,0.0099
mp-30971,0.5969,Indirect,0.0000
mp-540629,1.4498,Indirect,0.0027
mp-542662,1.4589,Indirect,0.0000
mp-569467,0.2316,Direct,0.0004
mp-662513,0.0000,Metal,0.0217
mp-541756,0.0000,Metal,0.0126
mp-581449,0.9304,Indirect,0.0026
mp-569684,3.0775,Direct,0.0000
mp-651409,1.8850,Direct,0.1297
mp-27852,1.9134,Indirect,0.0000
mp-1192488,0.0045,Indirect,0.1977
mp-1193877,1.2582,Indirect,0.0000
mp-28866,0.0000,Metal,0.0038
mp-28633,0.8927,Indirect,0.0144
mp-29428,1.1619,Direct,0.0049
mp-569824,0.0000,Metal,0.0242
mp-623135,1.3962,Indirect,0.0285
mp-665901,0.0000,Metal,0.8201
mp-773980,1.2266,Indirect,0.0329
mp-540628,1.3271,Direct,0.0000
mp-573465,0.1985,Direct,0.0000
mp-27490,0.0000,Metal,0.0000
mp-1193652,2.1542,Indirect,0.0000
mp-710168,2.5868,Indirect,0.0182
mp-554952,2.5594,Direct,0.0000
mp-560170,3.3387,Indirect,0.0000
mp-545344,0.2552,Indirect,0.1051
mp-550437,0.3767,Indirect,0.1151
mp-554135,1.2110,Indirect,0.1104
mp-559874,2.1486,Indirect,0.0072
mp-567543,0.2051,Indirect,0.0000
mp-1192395,3.0056,Indirect,0.0000
mp-1194704,0.6435,Indirect,0.0061
mp-558875,2.9145,Direct,0.0000
mp-567743,1.0432,Indirect,0.0000
mp-581276,0.0749,Indirect,0.0087
mp-1193732,1.4221,Indirect,0.0043
mp-554882,0.6082,Indirect,0.0000
mp-555884,0.6057,Indirect,0.0000
mp-1200931,0.8872,Indirect,0.0176
mp-1204489,0.5732,Indirect,0.0000
mp-1192807,0.0000,Metal,0.0340
mp-554401,0.0000,Metal,0.0092
mp-556868,0.0000,Metal,0.0000
mp-624117,2.2975,Indirect,0.0009
mp-572778,0.1785,Indirect,0.0613
mp-1226362,0.0000,Metal,0.0287
mp-1200140,1.9208,Indirect,0.0915
mp-1201326,2.1648,Indirect,0.0961
mp-27628,1.3552,Indirect,0.0000
mp-541868,0.0528,Indirect,0.0014
mp-2767093,0.4888,Indirect,0.0000
mp-1212726,1.3323,Indirect,0.0000
mp-1224202,0.6182,Direct,0.0708
mp-1223758,0.0000,Metal,0.1250
mp-562912,2.2763,Indirect,0.0000
mp-1198077,1.1293,Direct,0.0444
mp-1200464,1.9996,Indirect,0.0085
mp-1201019,2.2711,Indirect,0.0000
mp-617352,0.0000,Metal,0.0316
mp-1212325,0.3503,Indirect,0.9482
mp-1236964,0.0970,Direct,1.0775
mp-1218587,3.3574,Indirect,0.0000
mp-562004,2.1672,Indirect,0.0000
mp-562378,1.8677,Direct,0.0000
mp-646605,3.1308,Indirect,0.0000
mp-677467,2.6111,Indirect,0.0000
mp-682548,2.6571,Indirect,0.0000
mp-1201099,1.7100,Indirect,0.1924
mp-616228,0.0000,Metal,0.0219
mp-29991,1.3766,Direct,0.0047
mp-29419,1.2626,Indirect,0.0000
mp-29114,1.2693,Indirect,0.0000
mp-669521,2.4392,Indirect,0.0012
mp-1191023,2.4347,Indirect,0.0020
mp-1195835,1.2309,Direct,0.0000
mp-1198418,1.1624,Indirect,0.0000
mp-1205458,0.0735,Indirect,0.0502
mp-1229222,0.2208,Direct,0.0016
mp-653823,0.0638,Indirect,0.0454
mp-1199992,2.3912,Direct,0.0000
mp-1208669,2.5158,Direct,0.0000
mp-555161,3.0400,Indirect,0.0015
mp-561564,2.3649,Indirect,0.0181
mp-568916,1.9503,Direct,0.0000
mp-1188722,0.0000,Metal,0.1926
mp-1195865,1.4548,Indirect,0.0000
mp-1197627,0.2320,Indirect,0.0191
mp-1202980,3.1640,Indirect,0.0000
mp-1204459,0.8490,Indirect,0.0180
mp-555641,1.1900,Indirect,0.0078
mp-562327,1.8011,Indirect,0.0000
mp-699570,0.7846,Indirect,0.1713
mp-1233220,0.0000,Metal,0.1060
mp-1233289,0.0029,Indirect,0.1107
mp-1233439,0.0000,Metal,0.0674
mp-1233548,0.0000,Metal,0.0973
mp-1233587,0.0213,Indirect,0.1054
mp-1233675,0.0000,Metal,0.1144
mp-1233782,0.0000,Metal,0.0858
mp-1234061,0.0000,Metal,0.0910
mp-1234172,0.0000,Metal,0.0866
mp-1234722,0.0000,Metal,0.0974
mp-1234919,0.0000,Metal,0.1094
mp-1235024,0.0000,Metal,0.0399
mp-1235095,0.1990,Indirect,0.0493
mp-1235057,0.0282,Indirect,0.0355
mp-1235031,0.0105,Indirect,0.0335
mp-1235324,0.1027,Indirect,0.0358
mp-1235201,0.0095,Indirect,0.0469
mp-1235510,0.0922,Indirect,0.0431
mp-1235735,0.0000,Metal,0.0429
mp-1236046,0.1048,Indirect,0.0545
mp-1236135,0.0000,Metal,0.0288
mp-1213361,1.9778,Indirect,0.0075
mp-1225925,0.0000,Metal,0.0139
mp-1197762,3.6276,Indirect,0.0000
mp-1212800,0.1149,Indirect,0.1255
mp-1235262,0.1826,Indirect,0.0646
mp-1356028,0.0859,Indirect,3.4928
mp-558663,0.5422,Indirect,0.0000
mp-561174,0.0000,Metal,0.0016
mp-743878,1.5179,Indirect,0.0000
mp-1217748,0.5747,Indirect,0.0254
mp-558364,0.0000,Metal,0.0151
mp-559046,2.6911,Indirect,0.0000
mp-683957,1.4914,Indirect,0.0000
mp-1105647,1.1251,Indirect,0.0000
mp-979264,1.0896,Indirect,0.0000
mp-31305,1.0069,Indirect,0.0058
mp-31304,1.0132,Indirect,0.0067
mp-27808,3.0146,Indirect,0.0022
mp-555442,2.7053,Indirect,0.0000
mp-558759,3.3605,Indirect,0.0076
mp-645953,0.0215,Indirect,0.0136
mp-703866,0.7266,Direct,0.0071
mp-1193541,1.4006,Indirect,0.0575
mp-1193756,1.4044,Indirect,0.0477
mp-30097,0.8311,Indirect,0.0000
mp-30096,1.2797,Indirect,0.0006
mp-1203316,1.3777,Indirect,0.0009
mp-683967,3.4292,Direct,0.0000
mp-697593,0.6448,Indirect,0.0303
mp-1173616,2.6540,Direct,0.0000
mp-1173622,2.6886,Direct,0.0000
mp-1173624,2.6333,Direct,0.0000
mp-1173612,2.6893,Direct,0.0000
mp-1191663,0.1776,Indirect,0.1017
mp-624000,0.2049,Indirect,0.1334
mp-29499,0.9398,Indirect,0.0000
mp-29708,0.9155,Direct,0.0046
mp-1197560,1.4761,Indirect,0.0017
mp-1203106,1.4002,Direct,0.0000
mp-1220960,1.4673,Indirect,0.0004
mp-1225073,1.4202,Indirect,0.0000
mp-1195918,1.4941,Indirect,0.0000
mp-1196993,1.1443,Indirect,0.0029
mp-1200510,1.4978,Indirect,0.0000
mp-1203469,1.3095,Direct,0.0253
mp-1226154,0.0000,Metal,0.0183
mp-570277,0.0000,Metal,0.0679
mp-680161,0.0000,Metal,0.0000
mp-1217517,0.1323,Direct,0.0768
mp-557285,2.8672,Indirect,0.0000
mp-1203042,0.8856,Indirect,0.0000
mp-1201961,0.8944,Indirect,0.0000
mp-27648,0.6563,Indirect,0.0000
mp-29236,1.7356,Direct,0.0000
mp-31036,0.7461,Indirect,0.0000
mp-1188637,0.2368,Direct,0.0016
mp-33723,1.2364,Indirect,0.0000
mp-29190,0.8579,Direct,0.1072
mp-1198669,0.0537,Direct,0.0000
mp-1212594,1.3042,Direct,0.0000
mp-1212718,1.3147,Indirect,0.0000
mp-1214871,1.8972,Direct,0.1551
mp-1215016,0.2079,Direct,0.0008
mp-568778,0.8012,Indirect,0.0000
mp-1224103,0.0000,Metal,0.0683
mp-1403285,0.0000,Metal,1.6625
mp-1223756,0.0000,Metal,0.1331
mp-556060,0.3427,Indirect,0.0956
mp-557410,1.9685,Indirect,0.0139
mp-1191326,2.9011,Indirect,0.0183
mp-1201424,1.0909,Indirect,0.0000
mp-554007,1.8634,Indirect,0.0118
mp-571177,1.2572,Indirect,0.0109
mp-559895,0.5857,Indirect,0.0034
mp-863764,0.6717,Direct,0.1378
mp-27853,1.7040,Indirect,0.0000
mp-29251,2.5231,Direct,0.0090
mp-1193128,2.5124,Direct,0.0000
mp-572313,0.0000,Metal,0.0136
mp-1196951,1.2014,Indirect,0.0000
mp-581171,2.2652,Indirect,0.0085
mp-704879,0.0000,Metal,0.0000
mp-1202377,2.8298,Indirect,0.0000
mp-1217453,1.9230,Indirect,0.0000
mp-1197646,3.0197,Direct,0.0000
mp-558350,3.3087,Indirect,0.0000
mp-687088,2.4162,Indirect,0.0667
mp-1198919,3.2962,Indirect,0.0000
mp-542807,0.0601,Indirect,0.0188
mp-1106129,1.8311,Direct,0.0456
mp-557322,0.8600,Indirect,0.1678
mp-1193463,2.6949,Indirect,0.0000
mp-555814,0.0091,Direct,0.0238
mp-559681,0.0000,Metal,0.0105
mp-1199575,0.4324,Indirect,0.0000
mp-2228512,0.0000,Metal,0.0937
mp-561705,2.6795,Indirect,0.0953
mp-676260,0.0000,Metal,0.0624
mp-28038,0.5947,Indirect,0.0000
mp-570125,1.8821,Indirect,0.0000
mp-1188957,1.1540,Indirect,0.0540
mp-1205332,1.1601,Indirect,0.0637
mp-1209284,0.0000,Metal,0.0068
mp-622262,1.1825,Indirect,0.0428
mp-568386,0.9637,Indirect,0.0021
mp-568392,0.8722,Indirect,0.0000
mp-1205099,3.7170,Indirect,0.0593
mp-1208424,2.5242,Indirect,0.0000
mp-29127,1.0593,Indirect,0.0281
mp-638749,0.7702,Indirect,0.0000
mp-29097,2.0454,Indirect,0.0000
mp-662556,1.9421,Indirect,0.0000
mp-1227641,1.0231,Indirect,0.0372
mp-1233562,1.9302,Indirect,0.1446
mp-1234074,0.4121,Indirect,0.1445
mp-1234529,0.5878,Indirect,0.1993
mp-28671,1.1062,Indirect,0.0000
mp-542131,0.0940,Indirect,0.0724
mp-669328,1.2721,Indirect,0.1605
mp-555275,0.5461,Indirect,0.0270
mp-1198792,0.5302,Indirect,0.0595
mp-1104734,0.0000,Metal,0.0291
mp-23411,2.1407,Indirect,0.0103
mp-31076,2.1632,Indirect,0.0000
mp-1208558,0.0000,Metal,0.7083
mp-22963,2.3360,Indirect,0.0000
mp-569830,1.3274,Indirect,0.0423
mp-29427,1.1942,Indirect,0.0055
mp-1079732,0.0000,Metal,1.0982
mp-23405,2.1121,Indirect,0.0000
mp-23383,2.0509,Indirect,0.0008
mp-23505,1.9579,Indirect,0.0232
mp-1196489,0.3281,Direct,1.1055
mp-570324,2.1010,Indirect,0.0000
mp-1180598,0.0406,Indirect,0.5672
mp-740696,2.1486,Indirect,0.0000
mp-639164,2.2401,Indirect,0.0000
mp-1199775,0.6633,Indirect,0.5519
mp-1221809,0.6776,Indirect,0.4476
mp-540998,1.0553,Indirect,0.0000
mp-570186,1.0077,Indirect,0.0000
mp-623087,1.1924,Indirect,0.0066
mp-1193453,1.3070,Indirect,0.0493
mp-1198778,1.4039,Direct,0.0488
mp-541134,0.8075,Indirect,0.3279
mp-29715,0.0000,Metal,0.0114
mp-29716,2.1847,Indirect,0.0000
mp-560333,1.0323,Indirect,0.0020
mp-1233008,0.3052,Indirect,0.0513
mp-1233394,0.9381,Indirect,0.0929
mp-1234664,0.0000,Metal,0.1126
mp-1235131,0.3071,Indirect,0.0335
mp-1234934,0.0000,Metal,0.0822
mp-1235409,0.2835,Indirect,0.0464
mp-1235353,0.2672,Indirect,0.0336
mp-1235468,0.2992,Indirect,0.0520
mp-1235788,0.2706,Indirect,0.0361
mp-1236376,0.2446,Indirect,0.0478
mp-1236401,0.3088,Indirect,0.0479
mp-1236727,0.2246,Indirect,0.0366
mp-28672,2.4195,Indirect,0.0000
mp-1217490,0.3609,Direct,0.0729
mp-1217513,0.1602,Direct,0.1022
mp-1217500,2.4190,Indirect,0.0111
mp-1199238,0.0040,Indirect,0.0478
mp-1195449,3.1077,Direct,0.0000
mp-569766,0.7871,Indirect,0.0000
mp-23273,0.7793,Direct,0.0066
mp-27655,0.6558,Direct,0.0000
mp-1101132,0.0000,Metal,0.0948
mp-28051,0.8429,Indirect,0.0034
mp-29748,0.0000,Metal,0.0000
mp-27741,1.1214,Indirect,0.0000
mp-28745,0.7160,Indirect,0.0000
mp-29234,1.7076,Direct,0.0000
mp-31037,0.8278,Indirect,0.0000
mp-505088,0.5477,Direct,0.0000
mp-28798,0.0000,Metal,0.2204
mp-22965,1.2325,Indirect,0.0000
mp-23435,0.1682,Indirect,0.0388
mp-28691,0.5627,Indirect,0.0000
mp-27527,0.0000,Metal,0.0000
mp-570431,1.0025,Indirect,0.1757
mp-28608,1.2591,Indirect,0.0000
mp-28693,2.1166,Indirect,0.1545
mp-616327,1.1004,Indirect,0.0000
mp-1217385,0.6157,Indirect,0.0103
mp-541032,0.3352,Indirect,0.0288
mp-1224032,1.0658,Indirect,0.0569
mp-1182473,0.0000,Metal,1.0604
mp-669434,0.0000,Metal,0.1318
mp-559332,2.3576,Indirect,0.0073
mp-684006,0.6233,Direct,0.0064
mp-1179287,1.2638,Indirect,0.5086
mp-1194196,0.6393,Indirect,0.5062
mp-726119,0.7506,Indirect,0.5982
mp-1196231,0.1183,Indirect,0.4430
mp-1198395,0.0454,Indirect,0.4707
mp-1223909,0.4591,Direct,0.0240
mp-862773,0.7359,Direct,0.0686
mp-2213515,0.1112,Indirect,0.0220
mp-542180,1.0334,Indirect,0.0000
mp-28579,1.4667,Direct,0.0000
mp-543029,0.0000,Metal,0.0000
mp-2458827,0.3673,Indirect,0.0000
mp-573321,0.5150,Indirect,0.0080
mp-1217461,0.7676,Indirect,0.2162
mp-1189348,0.0000,Metal,0.3260
mp-685011,0.0000,Metal,0.1867
mp-540924,0.4578,Indirect,0.0000
mp-1201330,1.0201,Direct,0.0487
mp-1188875,0.9892,Direct,0.0529
mp-1205361,1.0601,Direct,0.0613
mp-1204668,2.2596,Indirect,0.0000
mp-1217312,0.1278,Indirect,0.1020
mp-651155,1.7649,Indirect,0.0025
mp-567914,1.5019,Indirect,0.0069
mp-1101136,0.0000,Metal,0.1662
mp-567269,1.8804,Indirect,0.0021
mp-570884,1.8563,Direct,0.0000
mp-651961,0.9756,Indirect,0.2661
mp-1179214,0.0000,Metal,1.9616
mp-2899495,0.0000,Metal,2.0911
mp-558408,0.2498,Indirect,0.0065
mp-582657,0.3963,Indirect,0.0000
mp-680836,0.3919,Indirect,0.0209
mp-1227670,1.4188,Direct,0.0336
mp-1193838,1.1657,Indirect,0.0411
mp-28070,1.6225,Indirect,0.0000
mp-1217700,0.5858,Indirect,0.9315
mp-27688,1.7449,Indirect,0.0000
mp-31077,1.6844,Indirect,0.0000
mp-725133,0.0000,Metal,1.2051
mp-1192722,1.0014,Indirect,0.0496
mp-570873,0.7654,Indirect,0.0896
mp-540957,1.3877,Indirect,0.0000
mp-1179109,0.6506,Indirect,1.6119
mp-1180390,0.2471,Indirect,0.5823
mp-2205701,0.0000,Metal,0.1533
mp-725294,0.0000,Metal,0.0000
mp-2766281,0.0000,Metal,0.1528
mp-567713,0.4801,Direct,0.0009
mp-29117,0.5502,Indirect,0.0062
mp-29689,0.5137,Indirect,0.0000
mp-28464,0.8463,Indirect,0.0000
mp-680058,1.7538,Indirect,0.0000
mp-29541,1.5853,Indirect,0.0000
mp-29407,1.8846,Indirect,0.0000
mp-560687,0.6455,Indirect,0.1417
mp-1218092,0.4259,Indirect,0.0047
mp-1208488,0.0000,Metal,0.3417
mp-28470,0.0000,Metal,0.0019
mp-505260,1.1881,Indirect,0.0480
mp-675194,0.1656,Indirect,0.3486
