formula,type,source_dir,source_file,dest_file
AgBi2S3Cl,TrainTemplate_A1C2_Ch3_X1,PROJECT_ROOT/Data/predict_main6_supplement_relaxed,PROJECT_ROOT/Data/predict_main6_supplement_relaxed/AgBi2S3Cl.cif,PROJECT_ROOT/Data/predict_final_main6/AgBi2S3Cl.cif
AgBi2Se3Cl,TrainTemplate_A1C2_Ch3_X1,PROJECT_ROOT/Data/predict_main6_supplement_relaxed,PROJECT_ROOT/Data/predict_main6_supplement_relaxed/AgBi2Se3Cl.cif,PROJECT_ROOT/Data/predict_final_main6/AgBi2Se3Cl.cif
BaAgSF,TrainTemplate_A1B1_Ch1_X1,PROJECT_ROOT/Data/predict_main6_supplement_relaxed,PROJECT_ROOT/Data/predict_main6_supplement_relaxed/BaAgSF.cif,PROJECT_ROOT/Data/predict_final_main6/BaAgSF.cif
BaAgSeF,TrainTemplate_A1B1_Ch1_X1,PROJECT_ROOT/Data/predict_main6_supplement_relaxed,PROJECT_ROOT/Data/predict_main6_supplement_relaxed/BaAgSeF.cif,PROJECT_ROOT/Data/predict_final_main6/BaAgSeF.cif
BaAgTeF,TrainTemplate_A1B1_Ch1_X1,PROJECT_ROOT/Data/predict_main6_supplement_relaxed,PROJECT_ROOT/Data/predict_main6_supplement_relaxed/BaAgTeF.cif,PROJECT_ROOT/Data/predict_final_main6/BaAgTeF.cif
BaCuSF,TrainTemplate_A1B1_Ch1_X1,PROJECT_ROOT/Data/predict_main6_supplement_relaxed,PROJECT_ROOT/Data/predict_main6_supplement_relaxed/BaCuSF.cif,PROJECT_ROOT/Data/predict_final_main6/BaCuSF.cif
BaCuSeF,TrainTemplate_A1B1_Ch1_X1,PROJECT_ROOT/Data/predict_main6_supplement_relaxed,PROJECT_ROOT/Data/predict_main6_supplement_relaxed/BaCuSeF.cif,PROJECT_ROOT/Data/predict_final_main6/BaCuSeF.cif
BaCuTeF,TrainTemplate_A1B1_Ch1_X1,PROJECT_ROOT/Data/predict_main6_supplement_relaxed,PROJECT_ROOT/Data/predict_main6_supplement_relaxed/BaCuTeF.cif,PROJECT_ROOT/Data/predict_final_main6/BaCuTeF.cif
BaSbSe2F,TrainTemplate_B1C1_Ch2_X1,PROJECT_ROOT/Data/predict_main6_supplement_relaxed,PROJECT_ROOT/Data/predict_main6_supplement_relaxed/BaSbSe2F.cif,PROJECT_ROOT/Data/predict_final_main6/BaSbSe2F.cif
FeBiS2Br,TrainTemplate_B1C1_Ch2_X1,PROJECT_ROOT/Data/predict_main6_supplement_relaxed,PROJECT_ROOT/Data/predict_main6_supplement_relaxed/FeBiS2Br.cif,PROJECT_ROOT/Data/predict_final_main6/FeBiS2Br.cif
In2AgS3Br,TrainTemplate_A1C2_Ch3_X1,PROJECT_ROOT/Data/predict_main6_supplement_relaxed,PROJECT_ROOT/Data/predict_main6_supplement_relaxed/In2AgS3Br.cif,PROJECT_ROOT/Data/predict_final_main6/In2AgS3Br.cif
In2AgS3Cl,TrainTemplate_A1C2_Ch3_X1,PROJECT_ROOT/Data/predict_main6_supplement_relaxed,PROJECT_ROOT/Data/predict_main6_supplement_relaxed/In2AgS3Cl.cif,PROJECT_ROOT/Data/predict_final_main6/In2AgS3Cl.cif
In2AgSe3Br,TrainTemplate_A1C2_Ch3_X1,PROJECT_ROOT/Data/predict_main6_supplement_relaxed,PROJECT_ROOT/Data/predict_main6_supplement_relaxed/In2AgSe3Br.cif,PROJECT_ROOT/Data/predict_final_main6/In2AgSe3Br.cif
In2AgSe3Cl,TrainTemplate_A1C2_Ch3_X1,PROJECT_ROOT/Data/predict_main6_supplement_relaxed,PROJECT_ROOT/Data/predict_main6_supplement_relaxed/In2AgSe3Cl.cif,PROJECT_ROOT/Data/predict_final_main6/In2AgSe3Cl.cif
In2AgSe3I,TrainTemplate_A1C2_Ch3_X1,PROJECT_ROOT/Data/predict_main6_supplement_relaxed,PROJECT_ROOT/Data/predict_main6_supplement_relaxed/In2AgSe3I.cif,PROJECT_ROOT/Data/predict_final_main6/In2AgSe3I.cif
In2AgTe3Br,TrainTemplate_A1C2_Ch3_X1,PROJECT_ROOT/Data/predict_main6_supplement_relaxed,PROJECT_ROOT/Data/predict_main6_supplement_relaxed/In2AgTe3Br.cif,PROJECT_ROOT/Data/predict_final_main6/In2AgTe3Br.cif
In2AgTe3Cl,TrainTemplate_A1C2_Ch3_X1,PROJECT_ROOT/Data/predict_main6_supplement_relaxed,PROJECT_ROOT/Data/predict_main6_supplement_relaxed/In2AgTe3Cl.cif,PROJECT_ROOT/Data/predict_final_main6/In2AgTe3Cl.cif
In2AgTe3I,TrainTemplate_A1C2_Ch3_X1,PROJECT_ROOT/Data/predict_main6_supplement_relaxed,PROJECT_ROOT/Data/predict_main6_supplement_relaxed/In2AgTe3I.cif,PROJECT_ROOT/Data/predict_final_main6/In2AgTe3I.cif
In2CuSe3Br,TrainTemplate_A1C2_Ch3_X1,PROJECT_ROOT/Data/predict_main6_supplement_relaxed,PROJECT_ROOT/Data/predict_main6_supplement_relaxed/In2CuSe3Br.cif,PROJECT_ROOT/Data/predict_final_main6/In2CuSe3Br.cif
In2CuSe3I,TrainTemplate_A1C2_Ch3_X1,PROJECT_ROOT/Data/predict_main6_supplement_relaxed,PROJECT_ROOT/Data/predict_main6_supplement_relaxed/In2CuSe3I.cif,PROJECT_ROOT/Data/predict_final_main6/In2CuSe3I.cif
In2CuTe3Br,TrainTemplate_A1C2_Ch3_X1,PROJECT_ROOT/Data/predict_main6_supplement_relaxed,PROJECT_ROOT/Data/predict_main6_supplement_relaxed/In2CuTe3Br.cif,PROJECT_ROOT/Data/predict_final_main6/In2CuTe3Br.cif
In2CuTe3Cl,TrainTemplate_A1C2_Ch3_X1,PROJECT_ROOT/Data/predict_main6_supplement_relaxed,PROJECT_ROOT/Data/predict_main6_supplement_relaxed/In2CuTe3Cl.cif,PROJECT_ROOT/Data/predict_final_main6/In2CuTe3Cl.cif
In2CuTe3I,TrainTemplate_A1C2_Ch3_X1,PROJECT_ROOT/Data/predict_main6_supplement_relaxed,PROJECT_ROOT/Data/predict_main6_supplement_relaxed/In2CuTe3I.cif,PROJECT_ROOT/Data/predict_final_main6/In2CuTe3I.cif
MnBiS2Br,TrainTemplate_B1C1_Ch2_X1,PROJECT_ROOT/Data/predict_main6_supplement_relaxed,PROJECT_ROOT/Data/predict_main6_supplement_relaxed/MnBiS2Br.cif,PROJECT_ROOT/Data/predict_final_main6/MnBiS2Br.cif
MnBiS2Cl,TrainTemplate_B1C1_Ch2_X1,PROJECT_ROOT/Data/predict_main6_supplement_relaxed,PROJECT_ROOT/Data/predict_main6_supplement_relaxed/MnBiS2Cl.cif,PROJECT_ROOT/Data/predict_final_main6/MnBiS2Cl.cif
MnBiSe2I,TrainTemplate_B1C1_Ch2_X1,PROJECT_ROOT/Data/predict_main6_supplement_relaxed,PROJECT_ROOT/Data/predict_main6_supplement_relaxed/MnBiSe2I.cif,PROJECT_ROOT/Data/predict_final_main6/MnBiSe2I.cif
MnSbS2Br,TrainTemplate_B1C1_Ch2_X1,PROJECT_ROOT/Data/predict_main6_supplement_relaxed,PROJECT_ROOT/Data/predict_main6_supplement_relaxed/MnSbS2Br.cif,PROJECT_ROOT/Data/predict_final_main6/MnSbS2Br.cif
MnSbS2Cl,TrainTemplate_B1C1_Ch2_X1,PROJECT_ROOT/Data/predict_main6_supplement_relaxed,PROJECT_ROOT/Data/predict_main6_supplement_relaxed/MnSbS2Cl.cif,PROJECT_ROOT/Data/predict_final_main6/MnSbS2Cl.cif
MnSbSe2Br,TrainTemplate_B1C1_Ch2_X1,PROJECT_ROOT/Data/predict_main6_supplement_relaxed,PROJECT_ROOT/Data/predict_main6_supplement_relaxed/MnSbSe2Br.cif,PROJECT_ROOT/Data/predict_final_main6/MnSbSe2Br.cif
MnSbSe2I,TrainTemplate_B1C1_Ch2_X1,PROJECT_ROOT/Data/predict_main6_supplement_relaxed,PROJECT_ROOT/Data/predict_main6_supplement_relaxed/MnSbSe2I.cif,PROJECT_ROOT/Data/predict_final_main6/MnSbSe2I.cif
NaCuSI,TrainTemplate_A1B1_Ch1_X1,PROJECT_ROOT/Data/predict_main6_supplement_relaxed,PROJECT_ROOT/Data/predict_main6_supplement_relaxed/NaCuSI.cif,PROJECT_ROOT/Data/predict_final_main6/NaCuSI.cif
SrAgSF,TrainTemplate_A1B1_Ch1_X1,PROJECT_ROOT/Data/predict_main6_supplement_relaxed,PROJECT_ROOT/Data/predict_main6_supplement_relaxed/SrAgSF.cif,PROJECT_ROOT/Data/predict_final_main6/SrAgSF.cif
SrAgTeF,TrainTemplate_A1B1_Ch1_X1,PROJECT_ROOT/Data/predict_main6_supplement_relaxed,PROJECT_ROOT/Data/predict_main6_supplement_relaxed/SrAgTeF.cif,PROJECT_ROOT/Data/predict_final_main6/SrAgTeF.cif
SrBiS2F,TrainTemplate_B1C1_Ch2_X1,PROJECT_ROOT/Data/predict_main6_supplement_relaxed,PROJECT_ROOT/Data/predict_main6_supplement_relaxed/SrBiS2F.cif,PROJECT_ROOT/Data/predict_final_main6/SrBiS2F.cif
SrCuSF,TrainTemplate_A1B1_Ch1_X1,PROJECT_ROOT/Data/predict_main6_supplement_relaxed,PROJECT_ROOT/Data/predict_main6_supplement_relaxed/SrCuSF.cif,PROJECT_ROOT/Data/predict_final_main6/SrCuSF.cif
SrCuSeF,TrainTemplate_A1B1_Ch1_X1,PROJECT_ROOT/Data/predict_main6_supplement_relaxed,PROJECT_ROOT/Data/predict_main6_supplement_relaxed/SrCuSeF.cif,PROJECT_ROOT/Data/predict_final_main6/SrCuSeF.cif
SrCuTeF,TrainTemplate_A1B1_Ch1_X1,PROJECT_ROOT/Data/predict_main6_supplement_relaxed,PROJECT_ROOT/Data/predict_main6_supplement_relaxed/SrCuTeF.cif,PROJECT_ROOT/Data/predict_final_main6/SrCuTeF.cif
SrSbSe2F,TrainTemplate_B1C1_Ch2_X1,PROJECT_ROOT/Data/predict_main6_supplement_relaxed,PROJECT_ROOT/Data/predict_main6_supplement_relaxed/SrSbSe2F.cif,PROJECT_ROOT/Data/predict_final_main6/SrSbSe2F.cif
Sn2SbS2I3,Type3_B2_C_Ch2_X3,PROJECT_ROOT/Data/predict_type3_relaxed,PROJECT_ROOT/Data/predict_type3_relaxed/Sn2SbS2I3.cif,PROJECT_ROOT/Data/predict_final_main6/Sn2SbS2I3.cif
Sn2SbSe2I3,Type3_B2_C_Ch2_X3,PROJECT_ROOT/Data/predict_type3_relaxed,PROJECT_ROOT/Data/predict_type3_relaxed/Sn2SbSe2I3.cif,PROJECT_ROOT/Data/predict_final_main6/Sn2SbSe2I3.cif
BiSBr,Type2_C_Ch_X,PROJECT_ROOT/Data/predict_new_relaxed,PROJECT_ROOT/Data/predict_new_relaxed/BiSBr.cif,PROJECT_ROOT/Data/predict_final_main6/BiSBr.cif
BiSCl,Type2_C_Ch_X,PROJECT_ROOT/Data/predict_new_relaxed,PROJECT_ROOT/Data/predict_new_relaxed/BiSCl.cif,PROJECT_ROOT/Data/predict_final_main6/BiSCl.cif
BiSI,Type2_C_Ch_X,PROJECT_ROOT/Data/predict_new_relaxed,PROJECT_ROOT/Data/predict_new_relaxed/BiSI.cif,PROJECT_ROOT/Data/predict_final_main6/BiSI.cif
BiSeBr,Type2_C_Ch_X,PROJECT_ROOT/Data/predict_new_relaxed,PROJECT_ROOT/Data/predict_new_relaxed/BiSeBr.cif,PROJECT_ROOT/Data/predict_final_main6/BiSeBr.cif
BiSeCl,Type2_C_Ch_X,PROJECT_ROOT/Data/predict_new_relaxed,PROJECT_ROOT/Data/predict_new_relaxed/BiSeCl.cif,PROJECT_ROOT/Data/predict_final_main6/BiSeCl.cif
BiSeI,Type2_C_Ch_X,PROJECT_ROOT/Data/predict_new_relaxed,PROJECT_ROOT/Data/predict_new_relaxed/BiSeI.cif,PROJECT_ROOT/Data/predict_final_main6/BiSeI.cif
BiTeBr,Type2_C_Ch_X,PROJECT_ROOT/Data/predict_new_relaxed,PROJECT_ROOT/Data/predict_new_relaxed/BiTeBr.cif,PROJECT_ROOT/Data/predict_final_main6/BiTeBr.cif
BiTeCl,Type2_C_Ch_X,PROJECT_ROOT/Data/predict_new_relaxed,PROJECT_ROOT/Data/predict_new_relaxed/BiTeCl.cif,PROJECT_ROOT/Data/predict_final_main6/BiTeCl.cif
BiTeI,Type2_C_Ch_X,PROJECT_ROOT/Data/predict_new_relaxed,PROJECT_ROOT/Data/predict_new_relaxed/BiTeI.cif,PROJECT_ROOT/Data/predict_final_main6/BiTeI.cif
GaSeCl,Type2_C_Ch_X,PROJECT_ROOT/Data/predict_new_relaxed,PROJECT_ROOT/Data/predict_new_relaxed/GaSeCl.cif,PROJECT_ROOT/Data/predict_final_main6/GaSeCl.cif
GaTeCl,Type2_C_Ch_X,PROJECT_ROOT/Data/predict_new_relaxed,PROJECT_ROOT/Data/predict_new_relaxed/GaTeCl.cif,PROJECT_ROOT/Data/predict_final_main6/GaTeCl.cif
InSeI,Type2_C_Ch_X,PROJECT_ROOT/Data/predict_new_relaxed,PROJECT_ROOT/Data/predict_new_relaxed/InSeI.cif,PROJECT_ROOT/Data/predict_final_main6/InSeI.cif
InTeBr,Type2_C_Ch_X,PROJECT_ROOT/Data/predict_new_relaxed,PROJECT_ROOT/Data/predict_new_relaxed/InTeBr.cif,PROJECT_ROOT/Data/predict_final_main6/InTeBr.cif
InTeCl,Type2_C_Ch_X,PROJECT_ROOT/Data/predict_new_relaxed,PROJECT_ROOT/Data/predict_new_relaxed/InTeCl.cif,PROJECT_ROOT/Data/predict_final_main6/InTeCl.cif
InTeI,Type2_C_Ch_X,PROJECT_ROOT/Data/predict_new_relaxed,PROJECT_ROOT/Data/predict_new_relaxed/InTeI.cif,PROJECT_ROOT/Data/predict_final_main6/InTeI.cif
LaSBr,Type2_C_Ch_X,PROJECT_ROOT/Data/predict_new_relaxed,PROJECT_ROOT/Data/predict_new_relaxed/LaSBr.cif,PROJECT_ROOT/Data/predict_final_main6/LaSBr.cif
LaSCl,Type2_C_Ch_X,PROJECT_ROOT/Data/predict_new_relaxed,PROJECT_ROOT/Data/predict_new_relaxed/LaSCl.cif,PROJECT_ROOT/Data/predict_final_main6/LaSCl.cif
LaSF,Type2_C_Ch_X,PROJECT_ROOT/Data/predict_new_relaxed,PROJECT_ROOT/Data/predict_new_relaxed/LaSF.cif,PROJECT_ROOT/Data/predict_final_main6/LaSF.cif
LaSI,Type2_C_Ch_X,PROJECT_ROOT/Data/predict_new_relaxed,PROJECT_ROOT/Data/predict_new_relaxed/LaSI.cif,PROJECT_ROOT/Data/predict_final_main6/LaSI.cif
LaSeCl,Type2_C_Ch_X,PROJECT_ROOT/Data/predict_new_relaxed,PROJECT_ROOT/Data/predict_new_relaxed/LaSeCl.cif,PROJECT_ROOT/Data/predict_final_main6/LaSeCl.cif
LaSeF,Type2_C_Ch_X,PROJECT_ROOT/Data/predict_new_relaxed,PROJECT_ROOT/Data/predict_new_relaxed/LaSeF.cif,PROJECT_ROOT/Data/predict_final_main6/LaSeF.cif
LaTeCl,Type2_C_Ch_X,PROJECT_ROOT/Data/predict_new_relaxed,PROJECT_ROOT/Data/predict_new_relaxed/LaTeCl.cif,PROJECT_ROOT/Data/predict_final_main6/LaTeCl.cif
LuSBr,Type2_C_Ch_X,PROJECT_ROOT/Data/predict_new_relaxed,PROJECT_ROOT/Data/predict_new_relaxed/LuSBr.cif,PROJECT_ROOT/Data/predict_final_main6/LuSBr.cif
LuSF,Type2_C_Ch_X,PROJECT_ROOT/Data/predict_new_relaxed,PROJECT_ROOT/Data/predict_new_relaxed/LuSF.cif,PROJECT_ROOT/Data/predict_final_main6/LuSF.cif
LuSI,Type2_C_Ch_X,PROJECT_ROOT/Data/predict_new_relaxed,PROJECT_ROOT/Data/predict_new_relaxed/LuSI.cif,PROJECT_ROOT/Data/predict_final_main6/LuSI.cif
LuSeF,Type2_C_Ch_X,PROJECT_ROOT/Data/predict_new_relaxed,PROJECT_ROOT/Data/predict_new_relaxed/LuSeF.cif,PROJECT_ROOT/Data/predict_final_main6/LuSeF.cif
LuSeI,Type2_C_Ch_X,PROJECT_ROOT/Data/predict_new_relaxed,PROJECT_ROOT/Data/predict_new_relaxed/LuSeI.cif,PROJECT_ROOT/Data/predict_final_main6/LuSeI.cif
MoSBr,Type2_C_Ch_X,PROJECT_ROOT/Data/predict_new_relaxed,PROJECT_ROOT/Data/predict_new_relaxed/MoSBr.cif,PROJECT_ROOT/Data/predict_final_main6/MoSBr.cif
MoSCl,Type2_C_Ch_X,PROJECT_ROOT/Data/predict_new_relaxed,PROJECT_ROOT/Data/predict_new_relaxed/MoSCl.cif,PROJECT_ROOT/Data/predict_final_main6/MoSCl.cif
MoSI,Type2_C_Ch_X,PROJECT_ROOT/Data/predict_new_relaxed,PROJECT_ROOT/Data/predict_new_relaxed/MoSI.cif,PROJECT_ROOT/Data/predict_final_main6/MoSI.cif
NbSBr,Type2_C_Ch_X,PROJECT_ROOT/Data/predict_new_relaxed,PROJECT_ROOT/Data/predict_new_relaxed/NbSBr.cif,PROJECT_ROOT/Data/predict_final_main6/NbSBr.cif
NbSI,Type2_C_Ch_X,PROJECT_ROOT/Data/predict_new_relaxed,PROJECT_ROOT/Data/predict_new_relaxed/NbSI.cif,PROJECT_ROOT/Data/predict_final_main6/NbSI.cif
NbSeBr,Type2_C_Ch_X,PROJECT_ROOT/Data/predict_new_relaxed,PROJECT_ROOT/Data/predict_new_relaxed/NbSeBr.cif,PROJECT_ROOT/Data/predict_final_main6/NbSeBr.cif
NbSeI,Type2_C_Ch_X,PROJECT_ROOT/Data/predict_new_relaxed,PROJECT_ROOT/Data/predict_new_relaxed/NbSeI.cif,PROJECT_ROOT/Data/predict_final_main6/NbSeI.cif
TeRhCl,Type2_C_Ch_X,PROJECT_ROOT/Data/predict_new_relaxed,PROJECT_ROOT/Data/predict_new_relaxed/RhTeCl.cif,PROJECT_ROOT/Data/predict_final_main6/TeRhCl.cif
SbSBr,Type2_C_Ch_X,PROJECT_ROOT/Data/predict_new_relaxed,PROJECT_ROOT/Data/predict_new_relaxed/SbSBr.cif,PROJECT_ROOT/Data/predict_final_main6/SbSBr.cif
SbSI,Type2_C_Ch_X,PROJECT_ROOT/Data/predict_new_relaxed,PROJECT_ROOT/Data/predict_new_relaxed/SbSI.cif,PROJECT_ROOT/Data/predict_final_main6/SbSI.cif
SbSeBr,Type2_C_Ch_X,PROJECT_ROOT/Data/predict_new_relaxed,PROJECT_ROOT/Data/predict_new_relaxed/SbSeBr.cif,PROJECT_ROOT/Data/predict_final_main6/SbSeBr.cif
SbSeI,Type2_C_Ch_X,PROJECT_ROOT/Data/predict_new_relaxed,PROJECT_ROOT/Data/predict_new_relaxed/SbSeI.cif,PROJECT_ROOT/Data/predict_final_main6/SbSeI.cif
SbTeI,Type2_C_Ch_X,PROJECT_ROOT/Data/predict_new_relaxed,PROJECT_ROOT/Data/predict_new_relaxed/SbTeI.cif,PROJECT_ROOT/Data/predict_final_main6/SbTeI.cif
TiSCl,Type2_C_Ch_X,PROJECT_ROOT/Data/predict_new_relaxed,PROJECT_ROOT/Data/predict_new_relaxed/TiSCl.cif,PROJECT_ROOT/Data/predict_final_main6/TiSCl.cif
TiSF,Type2_C_Ch_X,PROJECT_ROOT/Data/predict_new_relaxed,PROJECT_ROOT/Data/predict_new_relaxed/TiSF.cif,PROJECT_ROOT/Data/predict_final_main6/TiSF.cif
YSF,Type2_C_Ch_X,PROJECT_ROOT/Data/predict_new_relaxed,PROJECT_ROOT/Data/predict_new_relaxed/YSF.cif,PROJECT_ROOT/Data/predict_final_main6/YSF.cif
YSI,Type2_C_Ch_X,PROJECT_ROOT/Data/predict_new_relaxed,PROJECT_ROOT/Data/predict_new_relaxed/YSI.cif,PROJECT_ROOT/Data/predict_final_main6/YSI.cif
YSeBr,Type2_C_Ch_X,PROJECT_ROOT/Data/predict_new_relaxed,PROJECT_ROOT/Data/predict_new_relaxed/YSeBr.cif,PROJECT_ROOT/Data/predict_final_main6/YSeBr.cif
YSeCl,Type2_C_Ch_X,PROJECT_ROOT/Data/predict_new_relaxed,PROJECT_ROOT/Data/predict_new_relaxed/YSeCl.cif,PROJECT_ROOT/Data/predict_final_main6/YSeCl.cif
YSeF,Type2_C_Ch_X,PROJECT_ROOT/Data/predict_new_relaxed,PROJECT_ROOT/Data/predict_new_relaxed/YSeF.cif,PROJECT_ROOT/Data/predict_final_main6/YSeF.cif
AgBiSCl2,Type1_A_C_Ch_X2,PROJECT_ROOT/Data/predict_final,PROJECT_ROOT/Data/predict_final/AgBiSCl2.cif,PROJECT_ROOT/Data/predict_final_main6/AgBiSCl2.cif
CsSbSI2,Type1_A_C_Ch_X2,PROJECT_ROOT/Data/predict_final,PROJECT_ROOT/Data/predict_final/CsSbSI2.cif,PROJECT_ROOT/Data/predict_final_main6/CsSbSI2.cif
CuBiSCl2,Type1_A_C_Ch_X2,PROJECT_ROOT/Data/predict_final,PROJECT_ROOT/Data/predict_final/CuBiSCl2.cif,PROJECT_ROOT/Data/predict_final_main6/CuBiSCl2.cif
