formula,in_final_main6,in_excluded_training_overlap,final_file,excluded_file,dft_files,main6_type,main6_source_dir
AgBiSBr2,Yes,No,AgBiSBr2.cif,,AgBiSBr2.vasp,Type1_A_C_Ch_X2,PROJECT_ROOT/Data/predict_final
AgBiSCl2,No,Yes,,AgBiSCl2.cif,AgBiSCl2.vasp,,
AgBiSI2,Yes,No,AgBiSI2.cif,,AgBiSI2.vasp,Type1_A_C_Ch_X2,PROJECT_ROOT/Data/predict_final
AgBiSeBr2,Yes,No,AgBiSeBr2.cif,,AgBiSeBr2.vasp,Type1_A_C_Ch_X2,PROJECT_ROOT/Data/predict_final
AgBiSeCl2,Yes,No,AgBiSeCl2.cif,,AgBiSeCl2.vasp,Type1_A_C_Ch_X2,PROJECT_ROOT/Data/predict_final
AgBiSeI2,Yes,No,AgBiSeI2.cif,,AgBiSeI2.vasp,Type1_A_C_Ch_X2,PROJECT_ROOT/Data/predict_final
AgBiTeBr2,Yes,No,AgBiTeBr2.cif,,AgBiTeBr2.vasp,Type1_A_C_Ch_X2,PROJECT_ROOT/Data/predict_final
AgBiTeCl2,Yes,No,AgBiTeCl2.cif,,AgBiTeCl2.vasp,Type1_A_C_Ch_X2,PROJECT_ROOT/Data/predict_final
AgBiTeI2,Yes,No,AgBiTeI2.cif,,AgBiTeI2.vasp,Type1_A_C_Ch_X2,PROJECT_ROOT/Data/predict_final
AgSbSBr2,Yes,No,AgSbSBr2.cif,,AgSbSBr2.vasp,Type1_A_C_Ch_X2,PROJECT_ROOT/Data/predict_final
AgSbSCl2,Yes,No,AgSbSCl2.cif,,AgSbSCl2.vasp,Type1_A_C_Ch_X2,PROJECT_ROOT/Data/predict_final
AgSbSI2,Yes,No,AgSbSI2.cif,,AgSbSI2.vasp,Type1_A_C_Ch_X2,PROJECT_ROOT/Data/predict_final
AgSbSeBr2,Yes,No,AgSbSeBr2.cif,,AgSbSeBr2.vasp,Type1_A_C_Ch_X2,PROJECT_ROOT/Data/predict_final
AgSbSeCl2,Yes,No,AgSbSeCl2.cif,,AgSbSeCl2.vasp,Type1_A_C_Ch_X2,PROJECT_ROOT/Data/predict_final
AgSbSeI2,Yes,No,AgSbSeI2.cif,,AgSbSeI2.vasp,Type1_A_C_Ch_X2,PROJECT_ROOT/Data/predict_final
AgSbTeBr2,Yes,No,AgSbTeBr2.cif,,AgSbTeBr2.vasp,Type1_A_C_Ch_X2,PROJECT_ROOT/Data/predict_final
AgSbTeCl2,Yes,No,AgSbTeCl2.cif,,AgSbTeCl2.vasp,Type1_A_C_Ch_X2,PROJECT_ROOT/Data/predict_final
AgSbTeI2,Yes,No,AgSbTeI2.cif,,AgSbTeI2.vasp,Type1_A_C_Ch_X2,PROJECT_ROOT/Data/predict_final
AlAgSBr2,Yes,No,AlAgSBr2.cif,,AgAlSBr2.vasp,Type1_A_C_Ch_X2,PROJECT_ROOT/Data/predict_final
AlAgSCl2,Yes,No,AlAgSCl2.cif,,AgAlSCl2.vasp,Type1_A_C_Ch_X2,PROJECT_ROOT/Data/predict_final
AlAgSI2,Yes,No,AlAgSI2.cif,,AgAlSI2.vasp,Type1_A_C_Ch_X2,PROJECT_ROOT/Data/predict_final
AlAgSeBr2,Yes,No,AlAgSeBr2.cif,,AgAlSeBr2.vasp,Type1_A_C_Ch_X2,PROJECT_ROOT/Data/predict_final
AlAgSeCl2,Yes,No,AlAgSeCl2.cif,,AgAlSeCl2.vasp,Type1_A_C_Ch_X2,PROJECT_ROOT/Data/predict_final
AlAgSeI2,Yes,No,AlAgSeI2.cif,,AgAlSeI2.vasp,Type1_A_C_Ch_X2,PROJECT_ROOT/Data/predict_final
AlAgTeBr2,Yes,No,AlAgTeBr2.cif,,AgAlTeBr2.vasp,Type1_A_C_Ch_X2,PROJECT_ROOT/Data/predict_final
AlAgTeCl2,Yes,No,AlAgTeCl2.cif,,AgAlTeCl2.vasp,Type1_A_C_Ch_X2,PROJECT_ROOT/Data/predict_final
AlAgTeI2,Yes,No,AlAgTeI2.cif,,AgAlTeI2.vasp,Type1_A_C_Ch_X2,PROJECT_ROOT/Data/predict_final
AlAuSBr2,Yes,No,AlAuSBr2.cif,,AuAlSBr2.vasp,Type1_A_C_Ch_X2,PROJECT_ROOT/Data/predict_new_relaxed
AlAuSCl2,Yes,No,AlAuSCl2.cif,,AuAlSCl2.vasp,Type1_A_C_Ch_X2,PROJECT_ROOT/Data/predict_new_relaxed
AlAuSI2,Yes,No,AlAuSI2.cif,,AuAlSI2.vasp,Type1_A_C_Ch_X2,PROJECT_ROOT/Data/predict_new_relaxed
AlAuSeBr2,Yes,No,AlAuSeBr2.cif,,AuAlSeBr2.vasp,Type1_A_C_Ch_X2,PROJECT_ROOT/Data/predict_new_relaxed
AlAuSeCl2,Yes,No,AlAuSeCl2.cif,,AuAlSeCl2.vasp,Type1_A_C_Ch_X2,PROJECT_ROOT/Data/predict_new_relaxed
AlAuSeI2,Yes,No,AlAuSeI2.cif,,AuAlSeI2.vasp,Type1_A_C_Ch_X2,PROJECT_ROOT/Data/predict_new_relaxed
AlCuSBr2,Yes,No,AlCuSBr2.cif,,CuAlSBr2.vasp,Type1_A_C_Ch_X2,PROJECT_ROOT/Data/predict_final
AlCuSCl2,Yes,No,AlCuSCl2.cif,,CuAlSCl2.vasp,Type1_A_C_Ch_X2,PROJECT_ROOT/Data/predict_final
AlCuSI2,Yes,No,AlCuSI2.cif,,CuAlSI2.vasp,Type1_A_C_Ch_X2,PROJECT_ROOT/Data/predict_final
AlCuSeBr2,Yes,No,AlCuSeBr2.cif,,CuAlSeBr2.vasp,Type1_A_C_Ch_X2,PROJECT_ROOT/Data/predict_final
AlCuSeCl2,Yes,No,AlCuSeCl2.cif,,CuAlSeCl2.vasp,Type1_A_C_Ch_X2,PROJECT_ROOT/Data/predict_final
AlCuSeI2,Yes,No,AlCuSeI2.cif,,CuAlSeI2.vasp,Type1_A_C_Ch_X2,PROJECT_ROOT/Data/predict_final
AlCuTeBr2,Yes,No,AlCuTeBr2.cif,,CuAlTeBr2.vasp,Type1_A_C_Ch_X2,PROJECT_ROOT/Data/predict_final
AlCuTeCl2,Yes,No,AlCuTeCl2.cif,,CuAlTeCl2.vasp,Type1_A_C_Ch_X2,PROJECT_ROOT/Data/predict_final
AlCuTeI2,Yes,No,AlCuTeI2.cif,,CuAlTeI2.vasp,Type1_A_C_Ch_X2,PROJECT_ROOT/Data/predict_final
AlTeAuBr2,Yes,No,AlTeAuBr2.cif,,AuAlTeBr2.vasp,Type1_A_C_Ch_X2,PROJECT_ROOT/Data/predict_new_relaxed
AlTeAuCl2,Yes,No,AlTeAuCl2.cif,,AuAlTeCl2.vasp,Type1_A_C_Ch_X2,PROJECT_ROOT/Data/predict_new_relaxed
AlTeAuI2,Yes,No,AlTeAuI2.cif,,AuAlTeI2.vasp,Type1_A_C_Ch_X2,PROJECT_ROOT/Data/predict_new_relaxed
BiAuSBr2,Yes,No,BiAuSBr2.cif,,AuBiSBr2.vasp,Type1_A_C_Ch_X2,PROJECT_ROOT/Data/predict_final
BiAuSCl2,Yes,No,BiAuSCl2.cif,,AuBiSCl2.vasp,Type1_A_C_Ch_X2,PROJECT_ROOT/Data/predict_final
BiAuSI2,Yes,No,BiAuSI2.cif,,AuBiSI2.vasp,Type1_A_C_Ch_X2,PROJECT_ROOT/Data/predict_final
BiAuSeBr2,Yes,No,BiAuSeBr2.cif,,AuBiSeBr2.vasp,Type1_A_C_Ch_X2,PROJECT_ROOT/Data/predict_final
BiAuSeCl2,Yes,No,BiAuSeCl2.cif,,AuBiSeCl2.vasp,Type1_A_C_Ch_X2,PROJECT_ROOT/Data/predict_final
BiAuSeI2,Yes,No,BiAuSeI2.cif,,AuBiSeI2.vasp,Type1_A_C_Ch_X2,PROJECT_ROOT/Data/predict_final
BiTeAuBr2,Yes,No,BiTeAuBr2.cif,,AuBiTeBr2.vasp,Type1_A_C_Ch_X2,PROJECT_ROOT/Data/predict_final
BiTeAuCl2,Yes,No,BiTeAuCl2.cif,,AuBiTeCl2.vasp,Type1_A_C_Ch_X2,PROJECT_ROOT/Data/predict_final
BiTeAuI2,Yes,No,BiTeAuI2.cif,,AuBiTeI2.vasp,Type1_A_C_Ch_X2,PROJECT_ROOT/Data/predict_final
CsAlSBr2,Yes,No,CsAlSBr2.cif,,CsAlSBr2.vasp,Type1_A_C_Ch_X2,PROJECT_ROOT/Data/predict_final
CsAlSCl2,Yes,No,CsAlSCl2.cif,,CsAlSCl2.vasp,Type1_A_C_Ch_X2,PROJECT_ROOT/Data/predict_final
CsAlSI2,Yes,No,CsAlSI2.cif,,CsAlSI2.vasp,Type1_A_C_Ch_X2,PROJECT_ROOT/Data/predict_final
CsAlSeBr2,Yes,No,CsAlSeBr2.cif,,CsAlSeBr2.vasp,Type1_A_C_Ch_X2,PROJECT_ROOT/Data/predict_final
CsAlSeCl2,Yes,No,CsAlSeCl2.cif,,CsAlSeCl2.vasp,Type1_A_C_Ch_X2,PROJECT_ROOT/Data/predict_final
CsAlSeI2,Yes,No,CsAlSeI2.cif,,CsAlSeI2.vasp,Type1_A_C_Ch_X2,PROJECT_ROOT/Data/predict_final
CsAlTeBr2,Yes,No,CsAlTeBr2.cif,,CsAlTeBr2.vasp,Type1_A_C_Ch_X2,PROJECT_ROOT/Data/predict_final
CsAlTeCl2,Yes,No,CsAlTeCl2.cif,,CsAlTeCl2.vasp,Type1_A_C_Ch_X2,PROJECT_ROOT/Data/predict_final
CsAlTeI2,Yes,No,CsAlTeI2.cif,,CsAlTeI2.vasp,Type1_A_C_Ch_X2,PROJECT_ROOT/Data/predict_final
CsBiSBr2,Yes,No,CsBiSBr2.cif,,CsBiSBr2.vasp,Type1_A_C_Ch_X2,PROJECT_ROOT/Data/predict_final
CsBiSCl2,Yes,No,CsBiSCl2.cif,,CsBiSCl2.vasp,Type1_A_C_Ch_X2,PROJECT_ROOT/Data/predict_final
CsBiSI2,Yes,No,CsBiSI2.cif,,CsBiSI2.vasp,Type1_A_C_Ch_X2,PROJECT_ROOT/Data/predict_final
CsBiSeBr2,Yes,No,CsBiSeBr2.cif,,CsBiSeBr2.vasp,Type1_A_C_Ch_X2,PROJECT_ROOT/Data/predict_final
CsBiSeCl2,Yes,No,CsBiSeCl2.cif,,CsBiSeCl2.vasp,Type1_A_C_Ch_X2,PROJECT_ROOT/Data/predict_final
CsBiSeI2,Yes,No,CsBiSeI2.cif,,CsBiSeI2.vasp,Type1_A_C_Ch_X2,PROJECT_ROOT/Data/predict_final
CsBiTeBr2,Yes,No,CsBiTeBr2.cif,,CsBiTeBr2.vasp,Type1_A_C_Ch_X2,PROJECT_ROOT/Data/predict_final
CsBiTeCl2,Yes,No,CsBiTeCl2.cif,,CsBiTeCl2.vasp,Type1_A_C_Ch_X2,PROJECT_ROOT/Data/predict_final
CsBiTeI2,Yes,No,CsBiTeI2.cif,,CsBiTeI2.vasp,Type1_A_C_Ch_X2,PROJECT_ROOT/Data/predict_final
CsGaSBr2,Yes,No,CsGaSBr2.cif,,CsGaSBr2.vasp,Type1_A_C_Ch_X2,PROJECT_ROOT/Data/predict_final
CsGaSCl2,Yes,No,CsGaSCl2.cif,,CsGaSCl2.vasp,Type1_A_C_Ch_X2,PROJECT_ROOT/Data/predict_final
CsGaSI2,Yes,No,CsGaSI2.cif,,CsGaSI2.vasp,Type1_A_C_Ch_X2,PROJECT_ROOT/Data/predict_final
CsGaSeBr2,Yes,No,CsGaSeBr2.cif,,CsGaSeBr2.vasp,Type1_A_C_Ch_X2,PROJECT_ROOT/Data/predict_final
CsGaSeCl2,Yes,No,CsGaSeCl2.cif,,CsGaSeCl2.vasp,Type1_A_C_Ch_X2,PROJECT_ROOT/Data/predict_final
CsGaSeI2,Yes,No,CsGaSeI2.cif,,CsGaSeI2.vasp,Type1_A_C_Ch_X2,PROJECT_ROOT/Data/predict_final
CsGaTeBr2,Yes,No,CsGaTeBr2.cif,,CsGaTeBr2.vasp,Type1_A_C_Ch_X2,PROJECT_ROOT/Data/predict_final
CsGaTeCl2,Yes,No,CsGaTeCl2.cif,,CsGaTeCl2.vasp,Type1_A_C_Ch_X2,PROJECT_ROOT/Data/predict_final
CsGaTeI2,Yes,No,CsGaTeI2.cif,,CsGaTeI2.vasp,Type1_A_C_Ch_X2,PROJECT_ROOT/Data/predict_final
CsInSBr2,Yes,No,CsInSBr2.cif,,CsInSBr2.vasp,Type1_A_C_Ch_X2,PROJECT_ROOT/Data/predict_final
CsInSCl2,Yes,No,CsInSCl2.cif,,CsInSCl2.vasp,Type1_A_C_Ch_X2,PROJECT_ROOT/Data/predict_final
CsInSI2,Yes,No,CsInSI2.cif,,CsInSI2.vasp,Type1_A_C_Ch_X2,PROJECT_ROOT/Data/predict_final
CsInSeBr2,Yes,No,CsInSeBr2.cif,,CsInSeBr2.vasp,Type1_A_C_Ch_X2,PROJECT_ROOT/Data/predict_final
CsInSeCl2,Yes,No,CsInSeCl2.cif,,CsInSeCl2.vasp,Type1_A_C_Ch_X2,PROJECT_ROOT/Data/predict_final
CsInSeI2,Yes,No,CsInSeI2.cif,,CsInSeI2.vasp,Type1_A_C_Ch_X2,PROJECT_ROOT/Data/predict_final
CsInTeBr2,Yes,No,CsInTeBr2.cif,,CsInTeBr2.vasp,Type1_A_C_Ch_X2,PROJECT_ROOT/Data/predict_final
CsInTeCl2,Yes,No,CsInTeCl2.cif,,CsInTeCl2.vasp,Type1_A_C_Ch_X2,PROJECT_ROOT/Data/predict_final
CsInTeI2,Yes,No,CsInTeI2.cif,,CsInTeI2.vasp,Type1_A_C_Ch_X2,PROJECT_ROOT/Data/predict_final
CsLaSBr2,Yes,No,CsLaSBr2.cif,,CsLaSBr2.vasp,Type1_A_C_Ch_X2,PROJECT_ROOT/Data/predict_final
CsLaSCl2,Yes,No,CsLaSCl2.cif,,CsLaSCl2.vasp,Type1_A_C_Ch_X2,PROJECT_ROOT/Data/predict_final
CsLaSI2,Yes,No,CsLaSI2.cif,,CsLaSI2.vasp,Type1_A_C_Ch_X2,PROJECT_ROOT/Data/predict_final
CsLaSeBr2,Yes,No,CsLaSeBr2.cif,,CsLaSeBr2.vasp,Type1_A_C_Ch_X2,PROJECT_ROOT/Data/predict_final
CsLaSeCl2,Yes,No,CsLaSeCl2.cif,,CsLaSeCl2.vasp,Type1_A_C_Ch_X2,PROJECT_ROOT/Data/predict_final
CsLaSeI2,Yes,No,CsLaSeI2.cif,,CsLaSeI2.vasp,Type1_A_C_Ch_X2,PROJECT_ROOT/Data/predict_final
CsLaTeBr2,Yes,No,CsLaTeBr2.cif,,CsLaTeBr2.vasp,Type1_A_C_Ch_X2,PROJECT_ROOT/Data/predict_final
CsLaTeCl2,Yes,No,CsLaTeCl2.cif,,CsLaTeCl2.vasp,Type1_A_C_Ch_X2,PROJECT_ROOT/Data/predict_final
CsLaTeI2,Yes,No,CsLaTeI2.cif,,CsLaTeI2.vasp,Type1_A_C_Ch_X2,PROJECT_ROOT/Data/predict_final
CsSbSBr2,Yes,No,CsSbSBr2.cif,,CsSbSBr2.vasp,Type1_A_C_Ch_X2,PROJECT_ROOT/Data/predict_final
CsSbSCl2,Yes,No,CsSbSCl2.cif,,CsSbSCl2.vasp,Type1_A_C_Ch_X2,PROJECT_ROOT/Data/predict_final
CsSbSI2,No,Yes,,CsSbSI2.cif,CsSbSI2.vasp,,
CsSbSeBr2,Yes,No,CsSbSeBr2.cif,,CsSbSeBr2.vasp,Type1_A_C_Ch_X2,PROJECT_ROOT/Data/predict_final
CsSbSeCl2,Yes,No,CsSbSeCl2.cif,,CsSbSeCl2.vasp,Type1_A_C_Ch_X2,PROJECT_ROOT/Data/predict_final
CsSbSeI2,Yes,No,CsSbSeI2.cif,,CsSbSeI2.vasp,Type1_A_C_Ch_X2,PROJECT_ROOT/Data/predict_final
CsSbTeBr2,Yes,No,CsSbTeBr2.cif,,CsSbTeBr2.vasp,Type1_A_C_Ch_X2,PROJECT_ROOT/Data/predict_final
CsSbTeCl2,Yes,No,CsSbTeCl2.cif,,CsSbTeCl2.vasp,Type1_A_C_Ch_X2,PROJECT_ROOT/Data/predict_final
CsSbTeI2,Yes,No,CsSbTeI2.cif,,CsSbTeI2.vasp,Type1_A_C_Ch_X2,PROJECT_ROOT/Data/predict_final
CsScSBr2,Yes,No,CsScSBr2.cif,,CsScSBr2.vasp,Type1_A_C_Ch_X2,PROJECT_ROOT/Data/predict_final
CsScSCl2,Yes,No,CsScSCl2.cif,,CsScSCl2.vasp,Type1_A_C_Ch_X2,PROJECT_ROOT/Data/predict_final
CsScSI2,Yes,No,CsScSI2.cif,,CsScSI2.vasp,Type1_A_C_Ch_X2,PROJECT_ROOT/Data/predict_final
CsScSeBr2,Yes,No,CsScSeBr2.cif,,CsScSeBr2.vasp,Type1_A_C_Ch_X2,PROJECT_ROOT/Data/predict_final
CsScSeCl2,Yes,No,CsScSeCl2.cif,,CsScSeCl2.vasp,Type1_A_C_Ch_X2,PROJECT_ROOT/Data/predict_final
CsScSeI2,Yes,No,CsScSeI2.cif,,CsScSeI2.vasp,Type1_A_C_Ch_X2,PROJECT_ROOT/Data/predict_final
CsScTeBr2,Yes,No,CsScTeBr2.cif,,CsScTeBr2.vasp,Type1_A_C_Ch_X2,PROJECT_ROOT/Data/predict_final
CsScTeCl2,Yes,No,CsScTeCl2.cif,,CsScTeCl2.vasp,Type1_A_C_Ch_X2,PROJECT_ROOT/Data/predict_final
CsScTeI2,Yes,No,CsScTeI2.cif,,CsScTeI2.vasp,Type1_A_C_Ch_X2,PROJECT_ROOT/Data/predict_final
CsYSBr2,Yes,No,CsYSBr2.cif,,CsYSBr2.vasp,Type1_A_C_Ch_X2,PROJECT_ROOT/Data/predict_final
CsYSCl2,Yes,No,CsYSCl2.cif,,CsYSCl2.vasp,Type1_A_C_Ch_X2,PROJECT_ROOT/Data/predict_final
CsYSI2,Yes,No,CsYSI2.cif,,CsYSI2.vasp,Type1_A_C_Ch_X2,PROJECT_ROOT/Data/predict_final
CsYSeBr2,Yes,No,CsYSeBr2.cif,,CsYSeBr2.vasp,Type1_A_C_Ch_X2,PROJECT_ROOT/Data/predict_final
CsYSeCl2,Yes,No,CsYSeCl2.cif,,CsYSeCl2.vasp,Type1_A_C_Ch_X2,PROJECT_ROOT/Data/predict_final
CsYSeI2,Yes,No,CsYSeI2.cif,,CsYSeI2.vasp,Type1_A_C_Ch_X2,PROJECT_ROOT/Data/predict_final
CsYTeBr2,Yes,No,CsYTeBr2.cif,,CsYTeBr2.vasp,Type1_A_C_Ch_X2,PROJECT_ROOT/Data/predict_final
CsYTeCl2,Yes,No,CsYTeCl2.cif,,CsYTeCl2.vasp,Type1_A_C_Ch_X2,PROJECT_ROOT/Data/predict_final
CsYTeI2,Yes,No,CsYTeI2.cif,,CsYTeI2.vasp,Type1_A_C_Ch_X2,PROJECT_ROOT/Data/predict_final
CuBiSBr2,Yes,No,CuBiSBr2.cif,,CuBiSBr2.vasp,Type1_A_C_Ch_X2,PROJECT_ROOT/Data/predict_final
CuBiSCl2,No,Yes,,CuBiSCl2.cif,CuBiSCl2.vasp,,
CuBiSI2,Yes,No,CuBiSI2.cif,,CuBiSI2.vasp,Type1_A_C_Ch_X2,PROJECT_ROOT/Data/predict_final
CuBiSeBr2,Yes,No,CuBiSeBr2.cif,,CuBiSeBr2.vasp,Type1_A_C_Ch_X2,PROJECT_ROOT/Data/predict_final
CuBiSeCl2,Yes,No,CuBiSeCl2.cif,,CuBiSeCl2.vasp,Type1_A_C_Ch_X2,PROJECT_ROOT/Data/predict_final
CuBiSeI2,Yes,No,CuBiSeI2.cif,,CuBiSeI2.vasp,Type1_A_C_Ch_X2,PROJECT_ROOT/Data/predict_final
CuBiTeBr2,Yes,No,CuBiTeBr2.cif,,CuBiTeBr2.vasp,Type1_A_C_Ch_X2,PROJECT_ROOT/Data/predict_final
CuBiTeCl2,Yes,No,CuBiTeCl2.cif,,CuBiTeCl2.vasp,Type1_A_C_Ch_X2,PROJECT_ROOT/Data/predict_final
CuBiTeI2,Yes,No,CuBiTeI2.cif,,CuBiTeI2.vasp,Type1_A_C_Ch_X2,PROJECT_ROOT/Data/predict_final
CuSbSBr2,Yes,No,CuSbSBr2.cif,,CuSbSBr2.vasp,Type1_A_C_Ch_X2,PROJECT_ROOT/Data/predict_final
CuSbSCl2,Yes,No,CuSbSCl2.cif,,CuSbSCl2.vasp,Type1_A_C_Ch_X2,PROJECT_ROOT/Data/predict_final
CuSbSI2,Yes,No,CuSbSI2.cif,,CuSbSI2.vasp,Type1_A_C_Ch_X2,PROJECT_ROOT/Data/predict_final
CuSbSeBr2,Yes,No,CuSbSeBr2.cif,,CuSbSeBr2.vasp,Type1_A_C_Ch_X2,PROJECT_ROOT/Data/predict_final
CuSbSeCl2,Yes,No,CuSbSeCl2.cif,,CuSbSeCl2.vasp,Type1_A_C_Ch_X2,PROJECT_ROOT/Data/predict_final
CuSbSeI2,Yes,No,CuSbSeI2.cif,,CuSbSeI2.vasp,Type1_A_C_Ch_X2,PROJECT_ROOT/Data/predict_final
CuSbTeBr2,Yes,No,CuSbTeBr2.cif,,CuSbTeBr2.vasp,Type1_A_C_Ch_X2,PROJECT_ROOT/Data/predict_final
CuSbTeCl2,Yes,No,CuSbTeCl2.cif,,CuSbTeCl2.vasp,Type1_A_C_Ch_X2,PROJECT_ROOT/Data/predict_final
CuSbTeI2,Yes,No,CuSbTeI2.cif,,CuSbTeI2.vasp,Type1_A_C_Ch_X2,PROJECT_ROOT/Data/predict_final
GaAgSBr2,Yes,No,GaAgSBr2.cif,,AgGaSBr2.vasp,Type1_A_C_Ch_X2,PROJECT_ROOT/Data/predict_final
GaAgSCl2,Yes,No,GaAgSCl2.cif,,AgGaSCl2.vasp,Type1_A_C_Ch_X2,PROJECT_ROOT/Data/predict_final
GaAgSI2,Yes,No,GaAgSI2.cif,,AgGaSI2.vasp,Type1_A_C_Ch_X2,PROJECT_ROOT/Data/predict_final
GaAgSeBr2,Yes,No,GaAgSeBr2.cif,,AgGaSeBr2.vasp,Type1_A_C_Ch_X2,PROJECT_ROOT/Data/predict_final
GaAgSeCl2,Yes,No,GaAgSeCl2.cif,,AgGaSeCl2.vasp,Type1_A_C_Ch_X2,PROJECT_ROOT/Data/predict_final
GaAgSeI2,Yes,No,GaAgSeI2.cif,,AgGaSeI2.vasp,Type1_A_C_Ch_X2,PROJECT_ROOT/Data/predict_final
GaAgTeBr2,Yes,No,GaAgTeBr2.cif,,AgGaTeBr2.vasp,Type1_A_C_Ch_X2,PROJECT_ROOT/Data/predict_final
GaAgTeCl2,Yes,No,GaAgTeCl2.cif,,AgGaTeCl2.vasp,Type1_A_C_Ch_X2,PROJECT_ROOT/Data/predict_final
GaAgTeI2,Yes,No,GaAgTeI2.cif,,AgGaTeI2.vasp,Type1_A_C_Ch_X2,PROJECT_ROOT/Data/predict_final
GaAuSBr2,Yes,No,GaAuSBr2.cif,,AuGaSBr2.vasp,Type1_A_C_Ch_X2,PROJECT_ROOT/Data/predict_new_relaxed
GaAuSCl2,Yes,No,GaAuSCl2.cif,,AuGaSCl2.vasp,Type1_A_C_Ch_X2,PROJECT_ROOT/Data/predict_new_relaxed
GaAuSI2,Yes,No,GaAuSI2.cif,,AuGaSI2.vasp,Type1_A_C_Ch_X2,PROJECT_ROOT/Data/predict_new_relaxed
GaAuSeBr2,Yes,No,GaAuSeBr2.cif,,AuGaSeBr2.vasp,Type1_A_C_Ch_X2,PROJECT_ROOT/Data/predict_new_relaxed
GaAuSeCl2,Yes,No,GaAuSeCl2.cif,,AuGaSeCl2.vasp,Type1_A_C_Ch_X2,PROJECT_ROOT/Data/predict_new_relaxed
GaAuSeI2,Yes,No,GaAuSeI2.cif,,AuGaSeI2.vasp,Type1_A_C_Ch_X2,PROJECT_ROOT/Data/predict_new_relaxed
GaCuSBr2,Yes,No,GaCuSBr2.cif,,CuGaSBr2.vasp,Type1_A_C_Ch_X2,PROJECT_ROOT/Data/predict_final
GaCuSCl2,Yes,No,GaCuSCl2.cif,,CuGaSCl2.vasp,Type1_A_C_Ch_X2,PROJECT_ROOT/Data/predict_final
GaCuSI2,Yes,No,GaCuSI2.cif,,CuGaSI2.vasp,Type1_A_C_Ch_X2,PROJECT_ROOT/Data/predict_final
GaCuSeBr2,Yes,No,GaCuSeBr2.cif,,CuGaSeBr2.vasp,Type1_A_C_Ch_X2,PROJECT_ROOT/Data/predict_final
GaCuSeCl2,Yes,No,GaCuSeCl2.cif,,CuGaSeCl2.vasp,Type1_A_C_Ch_X2,PROJECT_ROOT/Data/predict_final
GaCuSeI2,Yes,No,GaCuSeI2.cif,,CuGaSeI2.vasp,Type1_A_C_Ch_X2,PROJECT_ROOT/Data/predict_final
GaCuTeBr2,Yes,No,GaCuTeBr2.cif,,CuGaTeBr2.vasp,Type1_A_C_Ch_X2,PROJECT_ROOT/Data/predict_final
GaCuTeCl2,Yes,No,GaCuTeCl2.cif,,CuGaTeCl2.vasp,Type1_A_C_Ch_X2,PROJECT_ROOT/Data/predict_final
GaCuTeI2,Yes,No,GaCuTeI2.cif,,CuGaTeI2.vasp,Type1_A_C_Ch_X2,PROJECT_ROOT/Data/predict_final
GaTeAuBr2,Yes,No,GaTeAuBr2.cif,,AuGaTeBr2.vasp,Type1_A_C_Ch_X2,PROJECT_ROOT/Data/predict_new_relaxed
GaTeAuCl2,Yes,No,GaTeAuCl2.cif,,AuGaTeCl2.vasp,Type1_A_C_Ch_X2,PROJECT_ROOT/Data/predict_new_relaxed
GaTeAuI2,Yes,No,GaTeAuI2.cif,,AuGaTeI2.vasp,Type1_A_C_Ch_X2,PROJECT_ROOT/Data/predict_new_relaxed
InAgSBr2,Yes,No,InAgSBr2.cif,,AgInSBr2.vasp,Type1_A_C_Ch_X2,PROJECT_ROOT/Data/predict_final
InAgSCl2,Yes,No,InAgSCl2.cif,,AgInSCl2.vasp,Type1_A_C_Ch_X2,PROJECT_ROOT/Data/predict_final
InAgSI2,Yes,No,InAgSI2.cif,,AgInSI2.vasp,Type1_A_C_Ch_X2,PROJECT_ROOT/Data/predict_final
InAgSeBr2,Yes,No,InAgSeBr2.cif,,AgInSeBr2.vasp,Type1_A_C_Ch_X2,PROJECT_ROOT/Data/predict_final
InAgSeCl2,Yes,No,InAgSeCl2.cif,,AgInSeCl2.vasp,Type1_A_C_Ch_X2,PROJECT_ROOT/Data/predict_final
InAgSeI2,Yes,No,InAgSeI2.cif,,AgInSeI2.vasp,Type1_A_C_Ch_X2,PROJECT_ROOT/Data/predict_final
InAgTeBr2,Yes,No,InAgTeBr2.cif,,AgInTeBr2.vasp,Type1_A_C_Ch_X2,PROJECT_ROOT/Data/predict_final
InAgTeCl2,Yes,No,InAgTeCl2.cif,,AgInTeCl2.vasp,Type1_A_C_Ch_X2,PROJECT_ROOT/Data/predict_final
InAgTeI2,Yes,No,InAgTeI2.cif,,AgInTeI2.vasp,Type1_A_C_Ch_X2,PROJECT_ROOT/Data/predict_final
InAuSBr2,Yes,No,InAuSBr2.cif,,AuInSBr2.vasp,Type1_A_C_Ch_X2,PROJECT_ROOT/Data/predict_final
InAuSCl2,Yes,No,InAuSCl2.cif,,AuInSCl2.vasp,Type1_A_C_Ch_X2,PROJECT_ROOT/Data/predict_final
InAuSI2,Yes,No,InAuSI2.cif,,AuInSI2.vasp,Type1_A_C_Ch_X2,PROJECT_ROOT/Data/predict_final
InAuSeBr2,Yes,No,InAuSeBr2.cif,,AuInSeBr2.vasp,Type1_A_C_Ch_X2,PROJECT_ROOT/Data/predict_final
InAuSeCl2,Yes,No,InAuSeCl2.cif,,AuInSeCl2.vasp,Type1_A_C_Ch_X2,PROJECT_ROOT/Data/predict_final
InAuSeI2,Yes,No,InAuSeI2.cif,,AuInSeI2.vasp,Type1_A_C_Ch_X2,PROJECT_ROOT/Data/predict_final
InCuSBr2,Yes,No,InCuSBr2.cif,,CuInSBr2.vasp,Type1_A_C_Ch_X2,PROJECT_ROOT/Data/predict_final
InCuSCl2,Yes,No,InCuSCl2.cif,,CuInSCl2.vasp,Type1_A_C_Ch_X2,PROJECT_ROOT/Data/predict_final
InCuSI2,Yes,No,InCuSI2.cif,,CuInSI2.vasp,Type1_A_C_Ch_X2,PROJECT_ROOT/Data/predict_final
InCuSeBr2,Yes,No,InCuSeBr2.cif,,CuInSeBr2.vasp,Type1_A_C_Ch_X2,PROJECT_ROOT/Data/predict_final
InCuSeCl2,Yes,No,InCuSeCl2.cif,,CuInSeCl2.vasp,Type1_A_C_Ch_X2,PROJECT_ROOT/Data/predict_final
InCuSeI2,Yes,No,InCuSeI2.cif,,CuInSeI2.vasp,Type1_A_C_Ch_X2,PROJECT_ROOT/Data/predict_final
InCuTeBr2,Yes,No,InCuTeBr2.cif,,CuInTeBr2.vasp,Type1_A_C_Ch_X2,PROJECT_ROOT/Data/predict_final
InCuTeCl2,Yes,No,InCuTeCl2.cif,,CuInTeCl2.vasp,Type1_A_C_Ch_X2,PROJECT_ROOT/Data/predict_final
InCuTeI2,Yes,No,InCuTeI2.cif,,CuInTeI2.vasp,Type1_A_C_Ch_X2,PROJECT_ROOT/Data/predict_final
InTeAuBr2,Yes,No,InTeAuBr2.cif,,AuInTeBr2.vasp,Type1_A_C_Ch_X2,PROJECT_ROOT/Data/predict_final
InTeAuCl2,Yes,No,InTeAuCl2.cif,,AuInTeCl2.vasp,Type1_A_C_Ch_X2,PROJECT_ROOT/Data/predict_final
InTeAuI2,Yes,No,InTeAuI2.cif,,AuInTeI2.vasp,Type1_A_C_Ch_X2,PROJECT_ROOT/Data/predict_final
KAlSBr2,Yes,No,KAlSBr2.cif,,KAlSBr2.vasp,Type1_A_C_Ch_X2,PROJECT_ROOT/Data/predict_final
KAlSCl2,Yes,No,KAlSCl2.cif,,KAlSCl2.vasp,Type1_A_C_Ch_X2,PROJECT_ROOT/Data/predict_final
KAlSI2,Yes,No,KAlSI2.cif,,KAlSI2.vasp,Type1_A_C_Ch_X2,PROJECT_ROOT/Data/predict_final
KAlSeBr2,Yes,No,KAlSeBr2.cif,,KAlSeBr2.vasp,Type1_A_C_Ch_X2,PROJECT_ROOT/Data/predict_final
KAlSeCl2,Yes,No,KAlSeCl2.cif,,KAlSeCl2.vasp,Type1_A_C_Ch_X2,PROJECT_ROOT/Data/predict_final
KAlSeI2,Yes,No,KAlSeI2.cif,,KAlSeI2.vasp,Type1_A_C_Ch_X2,PROJECT_ROOT/Data/predict_final
KAlTeBr2,Yes,No,KAlTeBr2.cif,,KAlTeBr2.vasp,Type1_A_C_Ch_X2,PROJECT_ROOT/Data/predict_final
KAlTeCl2,Yes,No,KAlTeCl2.cif,,KAlTeCl2.vasp,Type1_A_C_Ch_X2,PROJECT_ROOT/Data/predict_final
KAlTeI2,Yes,No,KAlTeI2.cif,,KAlTeI2.vasp,Type1_A_C_Ch_X2,PROJECT_ROOT/Data/predict_final
KBiSBr2,Yes,No,KBiSBr2.cif,,KBiSBr2.vasp,Type1_A_C_Ch_X2,PROJECT_ROOT/Data/predict_final
KBiSCl2,Yes,No,KBiSCl2.cif,,KBiSCl2.vasp,Type1_A_C_Ch_X2,PROJECT_ROOT/Data/predict_final
KBiSI2,Yes,No,KBiSI2.cif,,KBiSI2.vasp,Type1_A_C_Ch_X2,PROJECT_ROOT/Data/predict_final
KBiSeBr2,Yes,No,KBiSeBr2.cif,,KBiSeBr2.vasp,Type1_A_C_Ch_X2,PROJECT_ROOT/Data/predict_final
KBiSeCl2,Yes,No,KBiSeCl2.cif,,KBiSeCl2.vasp,Type1_A_C_Ch_X2,PROJECT_ROOT/Data/predict_final
KBiSeI2,Yes,No,KBiSeI2.cif,,KBiSeI2.vasp,Type1_A_C_Ch_X2,PROJECT_ROOT/Data/predict_final
KBiTeBr2,Yes,No,KBiTeBr2.cif,,KBiTeBr2.vasp,Type1_A_C_Ch_X2,PROJECT_ROOT/Data/predict_final
KBiTeCl2,Yes,No,KBiTeCl2.cif,,KBiTeCl2.vasp,Type1_A_C_Ch_X2,PROJECT_ROOT/Data/predict_final
KBiTeI2,Yes,No,KBiTeI2.cif,,KBiTeI2.vasp,Type1_A_C_Ch_X2,PROJECT_ROOT/Data/predict_final
KGaSBr2,Yes,No,KGaSBr2.cif,,KGaSBr2.vasp,Type1_A_C_Ch_X2,PROJECT_ROOT/Data/predict_final
KGaSCl2,Yes,No,KGaSCl2.cif,,KGaSCl2.vasp,Type1_A_C_Ch_X2,PROJECT_ROOT/Data/predict_final
KGaSI2,Yes,No,KGaSI2.cif,,KGaSI2.vasp,Type1_A_C_Ch_X2,PROJECT_ROOT/Data/predict_final
KGaSeBr2,Yes,No,KGaSeBr2.cif,,KGaSeBr2.vasp,Type1_A_C_Ch_X2,PROJECT_ROOT/Data/predict_final
KGaSeCl2,Yes,No,KGaSeCl2.cif,,KGaSeCl2.vasp,Type1_A_C_Ch_X2,PROJECT_ROOT/Data/predict_final
KGaSeI2,Yes,No,KGaSeI2.cif,,KGaSeI2.vasp,Type1_A_C_Ch_X2,PROJECT_ROOT/Data/predict_final
KGaTeBr2,Yes,No,KGaTeBr2.cif,,KGaTeBr2.vasp,Type1_A_C_Ch_X2,PROJECT_ROOT/Data/predict_final
KGaTeCl2,Yes,No,KGaTeCl2.cif,,KGaTeCl2.vasp,Type1_A_C_Ch_X2,PROJECT_ROOT/Data/predict_final
KGaTeI2,Yes,No,KGaTeI2.cif,,KGaTeI2.vasp,Type1_A_C_Ch_X2,PROJECT_ROOT/Data/predict_final
KInSBr2,Yes,No,KInSBr2.cif,,KInSBr2.vasp,Type1_A_C_Ch_X2,PROJECT_ROOT/Data/predict_final
KInSCl2,Yes,No,KInSCl2.cif,,KInSCl2.vasp,Type1_A_C_Ch_X2,PROJECT_ROOT/Data/predict_final
KInSI2,Yes,No,KInSI2.cif,,KInSI2.vasp,Type1_A_C_Ch_X2,PROJECT_ROOT/Data/predict_final
KInSeBr2,Yes,No,KInSeBr2.cif,,KInSeBr2.vasp,Type1_A_C_Ch_X2,PROJECT_ROOT/Data/predict_final
KInSeCl2,Yes,No,KInSeCl2.cif,,KInSeCl2.vasp,Type1_A_C_Ch_X2,PROJECT_ROOT/Data/predict_final
KInSeI2,Yes,No,KInSeI2.cif,,KInSeI2.vasp,Type1_A_C_Ch_X2,PROJECT_ROOT/Data/predict_final
KInTeBr2,Yes,No,KInTeBr2.cif,,KInTeBr2.vasp,Type1_A_C_Ch_X2,PROJECT_ROOT/Data/predict_final
KInTeCl2,Yes,No,KInTeCl2.cif,,KInTeCl2.vasp,Type1_A_C_Ch_X2,PROJECT_ROOT/Data/predict_final
KInTeI2,Yes,No,KInTeI2.cif,,KInTeI2.vasp,Type1_A_C_Ch_X2,PROJECT_ROOT/Data/predict_final
KLaSBr2,Yes,No,KLaSBr2.cif,,KLaSBr2.vasp,Type1_A_C_Ch_X2,PROJECT_ROOT/Data/predict_final
KLaSCl2,Yes,No,KLaSCl2.cif,,KLaSCl2.vasp,Type1_A_C_Ch_X2,PROJECT_ROOT/Data/predict_final
KLaSI2,Yes,No,KLaSI2.cif,,KLaSI2.vasp,Type1_A_C_Ch_X2,PROJECT_ROOT/Data/predict_final
KLaSeBr2,Yes,No,KLaSeBr2.cif,,KLaSeBr2.vasp,Type1_A_C_Ch_X2,PROJECT_ROOT/Data/predict_final
KLaSeCl2,Yes,No,KLaSeCl2.cif,,KLaSeCl2.vasp,Type1_A_C_Ch_X2,PROJECT_ROOT/Data/predict_final
KLaSeI2,Yes,No,KLaSeI2.cif,,KLaSeI2.vasp,Type1_A_C_Ch_X2,PROJECT_ROOT/Data/predict_final
KLaTeBr2,Yes,No,KLaTeBr2.cif,,KLaTeBr2.vasp,Type1_A_C_Ch_X2,PROJECT_ROOT/Data/predict_final
KLaTeCl2,Yes,No,KLaTeCl2.cif,,KLaTeCl2.vasp,Type1_A_C_Ch_X2,PROJECT_ROOT/Data/predict_final
KLaTeI2,Yes,No,KLaTeI2.cif,,KLaTeI2.vasp,Type1_A_C_Ch_X2,PROJECT_ROOT/Data/predict_final
KSbSBr2,Yes,No,KSbSBr2.cif,,KSbSBr2.vasp,Type1_A_C_Ch_X2,PROJECT_ROOT/Data/predict_final
KSbSCl2,Yes,No,KSbSCl2.cif,,KSbSCl2.vasp,Type1_A_C_Ch_X2,PROJECT_ROOT/Data/predict_final
KSbSI2,Yes,No,KSbSI2.cif,,KSbSI2.vasp,Type1_A_C_Ch_X2,PROJECT_ROOT/Data/predict_final
KSbSeBr2,Yes,No,KSbSeBr2.cif,,KSbSeBr2.vasp,Type1_A_C_Ch_X2,PROJECT_ROOT/Data/predict_final
KSbSeCl2,Yes,No,KSbSeCl2.cif,,KSbSeCl2.vasp,Type1_A_C_Ch_X2,PROJECT_ROOT/Data/predict_final
KSbSeI2,Yes,No,KSbSeI2.cif,,KSbSeI2.vasp,Type1_A_C_Ch_X2,PROJECT_ROOT/Data/predict_final
KSbTeBr2,Yes,No,KSbTeBr2.cif,,KSbTeBr2.vasp,Type1_A_C_Ch_X2,PROJECT_ROOT/Data/predict_final
KSbTeCl2,Yes,No,KSbTeCl2.cif,,KSbTeCl2.vasp,Type1_A_C_Ch_X2,PROJECT_ROOT/Data/predict_final
KSbTeI2,Yes,No,KSbTeI2.cif,,KSbTeI2.vasp,Type1_A_C_Ch_X2,PROJECT_ROOT/Data/predict_final
KScSBr2,Yes,No,KScSBr2.cif,,KScSBr2.vasp,Type1_A_C_Ch_X2,PROJECT_ROOT/Data/predict_final
KScSCl2,Yes,No,KScSCl2.cif,,KScSCl2.vasp,Type1_A_C_Ch_X2,PROJECT_ROOT/Data/predict_final
KScSI2,Yes,No,KScSI2.cif,,KScSI2.vasp,Type1_A_C_Ch_X2,PROJECT_ROOT/Data/predict_final
KScSeBr2,Yes,No,KScSeBr2.cif,,KScSeBr2.vasp,Type1_A_C_Ch_X2,PROJECT_ROOT/Data/predict_final
KScSeCl2,Yes,No,KScSeCl2.cif,,KScSeCl2.vasp,Type1_A_C_Ch_X2,PROJECT_ROOT/Data/predict_final
KScSeI2,Yes,No,KScSeI2.cif,,KScSeI2.vasp,Type1_A_C_Ch_X2,PROJECT_ROOT/Data/predict_final
KScTeBr2,Yes,No,KScTeBr2.cif,,KScTeBr2.vasp,Type1_A_C_Ch_X2,PROJECT_ROOT/Data/predict_final
KScTeCl2,Yes,No,KScTeCl2.cif,,KScTeCl2.vasp,Type1_A_C_Ch_X2,PROJECT_ROOT/Data/predict_final
KScTeI2,Yes,No,KScTeI2.cif,,KScTeI2.vasp,Type1_A_C_Ch_X2,PROJECT_ROOT/Data/predict_final
KYSBr2,Yes,No,KYSBr2.cif,,KYSBr2.vasp,Type1_A_C_Ch_X2,PROJECT_ROOT/Data/predict_final
KYSCl2,Yes,No,KYSCl2.cif,,KYSCl2.vasp,Type1_A_C_Ch_X2,PROJECT_ROOT/Data/predict_final
KYSI2,Yes,No,KYSI2.cif,,KYSI2.vasp,Type1_A_C_Ch_X2,PROJECT_ROOT/Data/predict_final
KYSeBr2,Yes,No,KYSeBr2.cif,,KYSeBr2.vasp,Type1_A_C_Ch_X2,PROJECT_ROOT/Data/predict_final
KYSeCl2,Yes,No,KYSeCl2.cif,,KYSeCl2.vasp,Type1_A_C_Ch_X2,PROJECT_ROOT/Data/predict_final
KYSeI2,Yes,No,KYSeI2.cif,,KYSeI2.vasp,Type1_A_C_Ch_X2,PROJECT_ROOT/Data/predict_final
KYTeBr2,Yes,No,KYTeBr2.cif,,KYTeBr2.vasp,Type1_A_C_Ch_X2,PROJECT_ROOT/Data/predict_final
KYTeCl2,Yes,No,KYTeCl2.cif,,KYTeCl2.vasp,Type1_A_C_Ch_X2,PROJECT_ROOT/Data/predict_final
KYTeI2,Yes,No,KYTeI2.cif,,KYTeI2.vasp,Type1_A_C_Ch_X2,PROJECT_ROOT/Data/predict_final
LaAgSBr2,Yes,No,LaAgSBr2.cif,,AgLaSBr2.vasp,Type1_A_C_Ch_X2,PROJECT_ROOT/Data/predict_final
LaAgSCl2,Yes,No,LaAgSCl2.cif,,AgLaSCl2.vasp,Type1_A_C_Ch_X2,PROJECT_ROOT/Data/predict_final
LaAgSI2,Yes,No,LaAgSI2.cif,,AgLaSI2.vasp,Type1_A_C_Ch_X2,PROJECT_ROOT/Data/predict_final
LaAgSeBr2,Yes,No,LaAgSeBr2.cif,,AgLaSeBr2.vasp,Type1_A_C_Ch_X2,PROJECT_ROOT/Data/predict_final
LaAgSeCl2,Yes,No,LaAgSeCl2.cif,,AgLaSeCl2.vasp,Type1_A_C_Ch_X2,PROJECT_ROOT/Data/predict_final
LaAgSeI2,Yes,No,LaAgSeI2.cif,,AgLaSeI2.vasp,Type1_A_C_Ch_X2,PROJECT_ROOT/Data/predict_final
LaAgTeBr2,Yes,No,LaAgTeBr2.cif,,AgLaTeBr2.vasp,Type1_A_C_Ch_X2,PROJECT_ROOT/Data/predict_final
LaAgTeCl2,Yes,No,LaAgTeCl2.cif,,AgLaTeCl2.vasp,Type1_A_C_Ch_X2,PROJECT_ROOT/Data/predict_final
LaAgTeI2,Yes,No,LaAgTeI2.cif,,AgLaTeI2.vasp,Type1_A_C_Ch_X2,PROJECT_ROOT/Data/predict_final
LaAuSBr2,Yes,No,LaAuSBr2.cif,,AuLaSBr2.vasp,Type1_A_C_Ch_X2,PROJECT_ROOT/Data/predict_new_relaxed
LaAuSCl2,Yes,No,LaAuSCl2.cif,,AuLaSCl2.vasp,Type1_A_C_Ch_X2,PROJECT_ROOT/Data/predict_new_relaxed
LaAuSI2,Yes,No,LaAuSI2.cif,,AuLaSI2.vasp,Type1_A_C_Ch_X2,PROJECT_ROOT/Data/predict_new_relaxed
LaAuSeBr2,Yes,No,LaAuSeBr2.cif,,AuLaSeBr2.vasp,Type1_A_C_Ch_X2,PROJECT_ROOT/Data/predict_new_relaxed
LaAuSeCl2,Yes,No,LaAuSeCl2.cif,,AuLaSeCl2.vasp,Type1_A_C_Ch_X2,PROJECT_ROOT/Data/predict_new_relaxed
LaAuSeI2,Yes,No,LaAuSeI2.cif,,AuLaSeI2.vasp,Type1_A_C_Ch_X2,PROJECT_ROOT/Data/predict_new_relaxed
LaCuSBr2,Yes,No,LaCuSBr2.cif,,CuLaSBr2.vasp,Type1_A_C_Ch_X2,PROJECT_ROOT/Data/predict_final
LaCuSCl2,Yes,No,LaCuSCl2.cif,,CuLaSCl2.vasp,Type1_A_C_Ch_X2,PROJECT_ROOT/Data/predict_final
LaCuSI2,Yes,No,LaCuSI2.cif,,CuLaSI2.vasp,Type1_A_C_Ch_X2,PROJECT_ROOT/Data/predict_final
LaCuSeBr2,Yes,No,LaCuSeBr2.cif,,CuLaSeBr2.vasp,Type1_A_C_Ch_X2,PROJECT_ROOT/Data/predict_final
LaCuSeCl2,Yes,No,LaCuSeCl2.cif,,CuLaSeCl2.vasp,Type1_A_C_Ch_X2,PROJECT_ROOT/Data/predict_final
LaCuSeI2,Yes,No,LaCuSeI2.cif,,CuLaSeI2.vasp,Type1_A_C_Ch_X2,PROJECT_ROOT/Data/predict_final
LaCuTeBr2,Yes,No,LaCuTeBr2.cif,,CuLaTeBr2.vasp,Type1_A_C_Ch_X2,PROJECT_ROOT/Data/predict_final
LaCuTeCl2,Yes,No,LaCuTeCl2.cif,,CuLaTeCl2.vasp,Type1_A_C_Ch_X2,PROJECT_ROOT/Data/predict_final
LaCuTeI2,Yes,No,LaCuTeI2.cif,,CuLaTeI2.vasp,Type1_A_C_Ch_X2,PROJECT_ROOT/Data/predict_final
LaTeAuBr2,Yes,No,LaTeAuBr2.cif,,AuLaTeBr2.vasp,Type1_A_C_Ch_X2,PROJECT_ROOT/Data/predict_new_relaxed
LaTeAuCl2,Yes,No,LaTeAuCl2.cif,,AuLaTeCl2.vasp,Type1_A_C_Ch_X2,PROJECT_ROOT/Data/predict_new_relaxed
LaTeAuI2,Yes,No,LaTeAuI2.cif,,AuLaTeI2.vasp,Type1_A_C_Ch_X2,PROJECT_ROOT/Data/predict_new_relaxed
LiAlSBr2,Yes,No,LiAlSBr2.cif,,LiAlSBr2.vasp,Type1_A_C_Ch_X2,PROJECT_ROOT/Data/predict_final
LiAlSCl2,Yes,No,LiAlSCl2.cif,,LiAlSCl2.vasp,Type1_A_C_Ch_X2,PROJECT_ROOT/Data/predict_final
LiAlSI2,Yes,No,LiAlSI2.cif,,LiAlSI2.vasp,Type1_A_C_Ch_X2,PROJECT_ROOT/Data/predict_final
LiAlSeBr2,Yes,No,LiAlSeBr2.cif,,LiAlSeBr2.vasp,Type1_A_C_Ch_X2,PROJECT_ROOT/Data/predict_final
LiAlSeCl2,Yes,No,LiAlSeCl2.cif,,LiAlSeCl2.vasp,Type1_A_C_Ch_X2,PROJECT_ROOT/Data/predict_final
LiAlSeI2,Yes,No,LiAlSeI2.cif,,LiAlSeI2.vasp,Type1_A_C_Ch_X2,PROJECT_ROOT/Data/predict_final
LiAlTeBr2,Yes,No,LiAlTeBr2.cif,,LiAlTeBr2.vasp,Type1_A_C_Ch_X2,PROJECT_ROOT/Data/predict_final
LiAlTeCl2,Yes,No,LiAlTeCl2.cif,,LiAlTeCl2.vasp,Type1_A_C_Ch_X2,PROJECT_ROOT/Data/predict_final
LiAlTeI2,Yes,No,LiAlTeI2.cif,,LiAlTeI2.vasp,Type1_A_C_Ch_X2,PROJECT_ROOT/Data/predict_final
LiBiSBr2,Yes,No,LiBiSBr2.cif,,LiBiSBr2.vasp,Type1_A_C_Ch_X2,PROJECT_ROOT/Data/predict_final
LiBiSCl2,Yes,No,LiBiSCl2.cif,,LiBiSCl2.vasp,Type1_A_C_Ch_X2,PROJECT_ROOT/Data/predict_final
LiBiSI2,Yes,No,LiBiSI2.cif,,LiBiSI2.vasp,Type1_A_C_Ch_X2,PROJECT_ROOT/Data/predict_final
LiBiSeBr2,Yes,No,LiBiSeBr2.cif,,LiBiSeBr2.vasp,Type1_A_C_Ch_X2,PROJECT_ROOT/Data/predict_final
LiBiSeCl2,Yes,No,LiBiSeCl2.cif,,LiBiSeCl2.vasp,Type1_A_C_Ch_X2,PROJECT_ROOT/Data/predict_final
LiBiSeI2,Yes,No,LiBiSeI2.cif,,LiBiSeI2.vasp,Type1_A_C_Ch_X2,PROJECT_ROOT/Data/predict_final
LiBiTeBr2,Yes,No,LiBiTeBr2.cif,,LiBiTeBr2.vasp,Type1_A_C_Ch_X2,PROJECT_ROOT/Data/predict_final
LiBiTeCl2,Yes,No,LiBiTeCl2.cif,,LiBiTeCl2.vasp,Type1_A_C_Ch_X2,PROJECT_ROOT/Data/predict_final
LiBiTeI2,Yes,No,LiBiTeI2.cif,,LiBiTeI2.vasp,Type1_A_C_Ch_X2,PROJECT_ROOT/Data/predict_final
LiGaSBr2,Yes,No,LiGaSBr2.cif,,LiGaSBr2.vasp,Type1_A_C_Ch_X2,PROJECT_ROOT/Data/predict_final
LiGaSCl2,Yes,No,LiGaSCl2.cif,,LiGaSCl2.vasp,Type1_A_C_Ch_X2,PROJECT_ROOT/Data/predict_final
LiGaSI2,Yes,No,LiGaSI2.cif,,LiGaSI2.vasp,Type1_A_C_Ch_X2,PROJECT_ROOT/Data/predict_final
LiGaSeBr2,Yes,No,LiGaSeBr2.cif,,LiGaSeBr2.vasp,Type1_A_C_Ch_X2,PROJECT_ROOT/Data/predict_final
LiGaSeCl2,Yes,No,LiGaSeCl2.cif,,LiGaSeCl2.vasp,Type1_A_C_Ch_X2,PROJECT_ROOT/Data/predict_final
LiGaSeI2,Yes,No,LiGaSeI2.cif,,LiGaSeI2.vasp,Type1_A_C_Ch_X2,PROJECT_ROOT/Data/predict_final
LiGaTeBr2,Yes,No,LiGaTeBr2.cif,,LiGaTeBr2.vasp,Type1_A_C_Ch_X2,PROJECT_ROOT/Data/predict_final
LiGaTeCl2,Yes,No,LiGaTeCl2.cif,,LiGaTeCl2.vasp,Type1_A_C_Ch_X2,PROJECT_ROOT/Data/predict_final
LiGaTeI2,Yes,No,LiGaTeI2.cif,,LiGaTeI2.vasp,Type1_A_C_Ch_X2,PROJECT_ROOT/Data/predict_final
LiInSBr2,Yes,No,LiInSBr2.cif,,LiInSBr2.vasp,Type1_A_C_Ch_X2,PROJECT_ROOT/Data/predict_final
LiInSCl2,Yes,No,LiInSCl2.cif,,LiInSCl2.vasp,Type1_A_C_Ch_X2,PROJECT_ROOT/Data/predict_final
LiInSI2,Yes,No,LiInSI2.cif,,LiInSI2.vasp,Type1_A_C_Ch_X2,PROJECT_ROOT/Data/predict_final
LiInSeBr2,Yes,No,LiInSeBr2.cif,,LiInSeBr2.vasp,Type1_A_C_Ch_X2,PROJECT_ROOT/Data/predict_final
LiInSeCl2,Yes,No,LiInSeCl2.cif,,LiInSeCl2.vasp,Type1_A_C_Ch_X2,PROJECT_ROOT/Data/predict_final
LiInSeI2,Yes,No,LiInSeI2.cif,,LiInSeI2.vasp,Type1_A_C_Ch_X2,PROJECT_ROOT/Data/predict_final
LiInTeBr2,Yes,No,LiInTeBr2.cif,,LiInTeBr2.vasp,Type1_A_C_Ch_X2,PROJECT_ROOT/Data/predict_final
LiInTeCl2,Yes,No,LiInTeCl2.cif,,LiInTeCl2.vasp,Type1_A_C_Ch_X2,PROJECT_ROOT/Data/predict_final
LiInTeI2,Yes,No,LiInTeI2.cif,,LiInTeI2.vasp,Type1_A_C_Ch_X2,PROJECT_ROOT/Data/predict_final
LiLaSBr2,Yes,No,LiLaSBr2.cif,,LiLaSBr2.vasp,Type1_A_C_Ch_X2,PROJECT_ROOT/Data/predict_final
LiLaSCl2,Yes,No,LiLaSCl2.cif,,LiLaSCl2.vasp,Type1_A_C_Ch_X2,PROJECT_ROOT/Data/predict_final
LiLaSI2,Yes,No,LiLaSI2.cif,,LiLaSI2.vasp,Type1_A_C_Ch_X2,PROJECT_ROOT/Data/predict_final
LiLaSeBr2,Yes,No,LiLaSeBr2.cif,,LiLaSeBr2.vasp,Type1_A_C_Ch_X2,PROJECT_ROOT/Data/predict_final
LiLaSeCl2,Yes,No,LiLaSeCl2.cif,,LiLaSeCl2.vasp,Type1_A_C_Ch_X2,PROJECT_ROOT/Data/predict_final
LiLaSeI2,Yes,No,LiLaSeI2.cif,,LiLaSeI2.vasp,Type1_A_C_Ch_X2,PROJECT_ROOT/Data/predict_final
LiLaTeBr2,Yes,No,LiLaTeBr2.cif,,LiLaTeBr2.vasp,Type1_A_C_Ch_X2,PROJECT_ROOT/Data/predict_final
LiLaTeCl2,Yes,No,LiLaTeCl2.cif,,LiLaTeCl2.vasp,Type1_A_C_Ch_X2,PROJECT_ROOT/Data/predict_final
LiLaTeI2,Yes,No,LiLaTeI2.cif,,LiLaTeI2.vasp,Type1_A_C_Ch_X2,PROJECT_ROOT/Data/predict_final
LiSbSBr2,Yes,No,LiSbSBr2.cif,,LiSbSBr2.vasp,Type1_A_C_Ch_X2,PROJECT_ROOT/Data/predict_final
LiSbSCl2,Yes,No,LiSbSCl2.cif,,LiSbSCl2.vasp,Type1_A_C_Ch_X2,PROJECT_ROOT/Data/predict_final
LiSbSI2,Yes,No,LiSbSI2.cif,,LiSbSI2.vasp,Type1_A_C_Ch_X2,PROJECT_ROOT/Data/predict_final
LiSbSeBr2,Yes,No,LiSbSeBr2.cif,,LiSbSeBr2.vasp,Type1_A_C_Ch_X2,PROJECT_ROOT/Data/predict_final
LiSbSeCl2,Yes,No,LiSbSeCl2.cif,,LiSbSeCl2.vasp,Type1_A_C_Ch_X2,PROJECT_ROOT/Data/predict_final
LiSbSeI2,Yes,No,LiSbSeI2.cif,,LiSbSeI2.vasp,Type1_A_C_Ch_X2,PROJECT_ROOT/Data/predict_final
LiSbTeBr2,Yes,No,LiSbTeBr2.cif,,LiSbTeBr2.vasp,Type1_A_C_Ch_X2,PROJECT_ROOT/Data/predict_final
LiSbTeCl2,Yes,No,LiSbTeCl2.cif,,LiSbTeCl2.vasp,Type1_A_C_Ch_X2,PROJECT_ROOT/Data/predict_final
LiSbTeI2,Yes,No,LiSbTeI2.cif,,LiSbTeI2.vasp,Type1_A_C_Ch_X2,PROJECT_ROOT/Data/predict_final
LiScSBr2,Yes,No,LiScSBr2.cif,,LiScSBr2.vasp,Type1_A_C_Ch_X2,PROJECT_ROOT/Data/predict_final
LiScSCl2,Yes,No,LiScSCl2.cif,,LiScSCl2.vasp,Type1_A_C_Ch_X2,PROJECT_ROOT/Data/predict_final
LiScSI2,Yes,No,LiScSI2.cif,,LiScSI2.vasp,Type1_A_C_Ch_X2,PROJECT_ROOT/Data/predict_final
LiScSeBr2,Yes,No,LiScSeBr2.cif,,LiScSeBr2.vasp,Type1_A_C_Ch_X2,PROJECT_ROOT/Data/predict_final
LiScSeCl2,Yes,No,LiScSeCl2.cif,,LiScSeCl2.vasp,Type1_A_C_Ch_X2,PROJECT_ROOT/Data/predict_final
LiScSeI2,Yes,No,LiScSeI2.cif,,LiScSeI2.vasp,Type1_A_C_Ch_X2,PROJECT_ROOT/Data/predict_final
LiScTeBr2,Yes,No,LiScTeBr2.cif,,LiScTeBr2.vasp,Type1_A_C_Ch_X2,PROJECT_ROOT/Data/predict_final
LiScTeCl2,Yes,No,LiScTeCl2.cif,,LiScTeCl2.vasp,Type1_A_C_Ch_X2,PROJECT_ROOT/Data/predict_final
LiScTeI2,Yes,No,LiScTeI2.cif,,LiScTeI2.vasp,Type1_A_C_Ch_X2,PROJECT_ROOT/Data/predict_final
LiYSBr2,Yes,No,LiYSBr2.cif,,LiYSBr2.vasp,Type1_A_C_Ch_X2,PROJECT_ROOT/Data/predict_final
LiYSCl2,Yes,No,LiYSCl2.cif,,LiYSCl2.vasp,Type1_A_C_Ch_X2,PROJECT_ROOT/Data/predict_final
LiYSI2,Yes,No,LiYSI2.cif,,LiYSI2.vasp,Type1_A_C_Ch_X2,PROJECT_ROOT/Data/predict_final
LiYSeBr2,Yes,No,LiYSeBr2.cif,,LiYSeBr2.vasp,Type1_A_C_Ch_X2,PROJECT_ROOT/Data/predict_final
LiYSeCl2,Yes,No,LiYSeCl2.cif,,LiYSeCl2.vasp,Type1_A_C_Ch_X2,PROJECT_ROOT/Data/predict_final
LiYSeI2,Yes,No,LiYSeI2.cif,,LiYSeI2.vasp,Type1_A_C_Ch_X2,PROJECT_ROOT/Data/predict_final
LiYTeBr2,Yes,No,LiYTeBr2.cif,,LiYTeBr2.vasp,Type1_A_C_Ch_X2,PROJECT_ROOT/Data/predict_final
LiYTeCl2,Yes,No,LiYTeCl2.cif,,LiYTeCl2.vasp,Type1_A_C_Ch_X2,PROJECT_ROOT/Data/predict_final
LiYTeI2,Yes,No,LiYTeI2.cif,,LiYTeI2.vasp,Type1_A_C_Ch_X2,PROJECT_ROOT/Data/predict_final
NaAlSBr2,Yes,No,NaAlSBr2.cif,,NaAlSBr2.vasp,Type1_A_C_Ch_X2,PROJECT_ROOT/Data/predict_final
NaAlSCl2,Yes,No,NaAlSCl2.cif,,NaAlSCl2.vasp,Type1_A_C_Ch_X2,PROJECT_ROOT/Data/predict_final
NaAlSI2,Yes,No,NaAlSI2.cif,,NaAlSI2.vasp,Type1_A_C_Ch_X2,PROJECT_ROOT/Data/predict_final
NaAlSeBr2,Yes,No,NaAlSeBr2.cif,,NaAlSeBr2.vasp,Type1_A_C_Ch_X2,PROJECT_ROOT/Data/predict_final
NaAlSeCl2,Yes,No,NaAlSeCl2.cif,,NaAlSeCl2.vasp,Type1_A_C_Ch_X2,PROJECT_ROOT/Data/predict_final
NaAlSeI2,Yes,No,NaAlSeI2.cif,,NaAlSeI2.vasp,Type1_A_C_Ch_X2,PROJECT_ROOT/Data/predict_final
NaAlTeBr2,Yes,No,NaAlTeBr2.cif,,NaAlTeBr2.vasp,Type1_A_C_Ch_X2,PROJECT_ROOT/Data/predict_final
NaAlTeCl2,Yes,No,NaAlTeCl2.cif,,NaAlTeCl2.vasp,Type1_A_C_Ch_X2,PROJECT_ROOT/Data/predict_final
NaAlTeI2,Yes,No,NaAlTeI2.cif,,NaAlTeI2.vasp,Type1_A_C_Ch_X2,PROJECT_ROOT/Data/predict_final
NaBiSBr2,Yes,No,NaBiSBr2.cif,,NaBiSBr2.vasp,Type1_A_C_Ch_X2,PROJECT_ROOT/Data/predict_final
NaBiSCl2,Yes,No,NaBiSCl2.cif,,NaBiSCl2.vasp,Type1_A_C_Ch_X2,PROJECT_ROOT/Data/predict_final
NaBiSI2,Yes,No,NaBiSI2.cif,,NaBiSI2.vasp,Type1_A_C_Ch_X2,PROJECT_ROOT/Data/predict_final
NaBiSeBr2,Yes,No,NaBiSeBr2.cif,,NaBiSeBr2.vasp,Type1_A_C_Ch_X2,PROJECT_ROOT/Data/predict_final
NaBiSeCl2,Yes,No,NaBiSeCl2.cif,,NaBiSeCl2.vasp,Type1_A_C_Ch_X2,PROJECT_ROOT/Data/predict_final
NaBiSeI2,Yes,No,NaBiSeI2.cif,,NaBiSeI2.vasp,Type1_A_C_Ch_X2,PROJECT_ROOT/Data/predict_final
NaBiTeBr2,Yes,No,NaBiTeBr2.cif,,NaBiTeBr2.vasp,Type1_A_C_Ch_X2,PROJECT_ROOT/Data/predict_final
NaBiTeCl2,Yes,No,NaBiTeCl2.cif,,NaBiTeCl2.vasp,Type1_A_C_Ch_X2,PROJECT_ROOT/Data/predict_final
NaBiTeI2,Yes,No,NaBiTeI2.cif,,NaBiTeI2.vasp,Type1_A_C_Ch_X2,PROJECT_ROOT/Data/predict_final
NaGaSBr2,Yes,No,NaGaSBr2.cif,,NaGaSBr2.vasp,Type1_A_C_Ch_X2,PROJECT_ROOT/Data/predict_final
NaGaSCl2,Yes,No,NaGaSCl2.cif,,NaGaSCl2.vasp,Type1_A_C_Ch_X2,PROJECT_ROOT/Data/predict_final
NaGaSI2,Yes,No,NaGaSI2.cif,,NaGaSI2.vasp,Type1_A_C_Ch_X2,PROJECT_ROOT/Data/predict_final
NaGaSeBr2,Yes,No,NaGaSeBr2.cif,,NaGaSeBr2.vasp,Type1_A_C_Ch_X2,PROJECT_ROOT/Data/predict_final
NaGaSeCl2,Yes,No,NaGaSeCl2.cif,,NaGaSeCl2.vasp,Type1_A_C_Ch_X2,PROJECT_ROOT/Data/predict_final
NaGaSeI2,Yes,No,NaGaSeI2.cif,,NaGaSeI2.vasp,Type1_A_C_Ch_X2,PROJECT_ROOT/Data/predict_final
NaGaTeBr2,Yes,No,NaGaTeBr2.cif,,NaGaTeBr2.vasp,Type1_A_C_Ch_X2,PROJECT_ROOT/Data/predict_final
NaGaTeCl2,Yes,No,NaGaTeCl2.cif,,NaGaTeCl2.vasp,Type1_A_C_Ch_X2,PROJECT_ROOT/Data/predict_final
NaGaTeI2,Yes,No,NaGaTeI2.cif,,NaGaTeI2.vasp,Type1_A_C_Ch_X2,PROJECT_ROOT/Data/predict_final
NaInSBr2,Yes,No,NaInSBr2.cif,,NaInSBr2.vasp,Type1_A_C_Ch_X2,PROJECT_ROOT/Data/predict_final
NaInSCl2,Yes,No,NaInSCl2.cif,,NaInSCl2.vasp,Type1_A_C_Ch_X2,PROJECT_ROOT/Data/predict_final
NaInSI2,Yes,No,NaInSI2.cif,,NaInSI2.vasp,Type1_A_C_Ch_X2,PROJECT_ROOT/Data/predict_final
NaInSeBr2,Yes,No,NaInSeBr2.cif,,NaInSeBr2.vasp,Type1_A_C_Ch_X2,PROJECT_ROOT/Data/predict_final
NaInSeCl2,Yes,No,NaInSeCl2.cif,,NaInSeCl2.vasp,Type1_A_C_Ch_X2,PROJECT_ROOT/Data/predict_final
NaInSeI2,Yes,No,NaInSeI2.cif,,NaInSeI2.vasp,Type1_A_C_Ch_X2,PROJECT_ROOT/Data/predict_final
NaInTeBr2,Yes,No,NaInTeBr2.cif,,NaInTeBr2.vasp,Type1_A_C_Ch_X2,PROJECT_ROOT/Data/predict_final
NaInTeCl2,Yes,No,NaInTeCl2.cif,,NaInTeCl2.vasp,Type1_A_C_Ch_X2,PROJECT_ROOT/Data/predict_final
NaInTeI2,Yes,No,NaInTeI2.cif,,NaInTeI2.vasp,Type1_A_C_Ch_X2,PROJECT_ROOT/Data/predict_final
NaLaSBr2,Yes,No,NaLaSBr2.cif,,NaLaSBr2.vasp,Type1_A_C_Ch_X2,PROJECT_ROOT/Data/predict_final
NaLaSCl2,Yes,No,NaLaSCl2.cif,,NaLaSCl2.vasp,Type1_A_C_Ch_X2,PROJECT_ROOT/Data/predict_final
NaLaSI2,Yes,No,NaLaSI2.cif,,NaLaSI2.vasp,Type1_A_C_Ch_X2,PROJECT_ROOT/Data/predict_final
NaLaSeBr2,Yes,No,NaLaSeBr2.cif,,NaLaSeBr2.vasp,Type1_A_C_Ch_X2,PROJECT_ROOT/Data/predict_final
NaLaSeCl2,Yes,No,NaLaSeCl2.cif,,NaLaSeCl2.vasp,Type1_A_C_Ch_X2,PROJECT_ROOT/Data/predict_final
NaLaSeI2,Yes,No,NaLaSeI2.cif,,NaLaSeI2.vasp,Type1_A_C_Ch_X2,PROJECT_ROOT/Data/predict_final
NaLaTeBr2,Yes,No,NaLaTeBr2.cif,,NaLaTeBr2.vasp,Type1_A_C_Ch_X2,PROJECT_ROOT/Data/predict_final
NaLaTeCl2,Yes,No,NaLaTeCl2.cif,,NaLaTeCl2.vasp,Type1_A_C_Ch_X2,PROJECT_ROOT/Data/predict_final
NaLaTeI2,Yes,No,NaLaTeI2.cif,,NaLaTeI2.vasp,Type1_A_C_Ch_X2,PROJECT_ROOT/Data/predict_final
NaSbSBr2,Yes,No,NaSbSBr2.cif,,NaSbSBr2.vasp,Type1_A_C_Ch_X2,PROJECT_ROOT/Data/predict_final
NaSbSCl2,Yes,No,NaSbSCl2.cif,,NaSbSCl2.vasp,Type1_A_C_Ch_X2,PROJECT_ROOT/Data/predict_final
NaSbSI2,Yes,No,NaSbSI2.cif,,NaSbSI2.vasp,Type1_A_C_Ch_X2,PROJECT_ROOT/Data/predict_final
NaSbSeBr2,Yes,No,NaSbSeBr2.cif,,NaSbSeBr2.vasp,Type1_A_C_Ch_X2,PROJECT_ROOT/Data/predict_final
NaSbSeCl2,Yes,No,NaSbSeCl2.cif,,NaSbSeCl2.vasp,Type1_A_C_Ch_X2,PROJECT_ROOT/Data/predict_final
NaSbSeI2,Yes,No,NaSbSeI2.cif,,NaSbSeI2.vasp,Type1_A_C_Ch_X2,PROJECT_ROOT/Data/predict_final
NaSbTeBr2,Yes,No,NaSbTeBr2.cif,,NaSbTeBr2.vasp,Type1_A_C_Ch_X2,PROJECT_ROOT/Data/predict_final
NaSbTeCl2,Yes,No,NaSbTeCl2.cif,,NaSbTeCl2.vasp,Type1_A_C_Ch_X2,PROJECT_ROOT/Data/predict_final
NaSbTeI2,Yes,No,NaSbTeI2.cif,,NaSbTeI2.vasp,Type1_A_C_Ch_X2,PROJECT_ROOT/Data/predict_final
NaScSBr2,Yes,No,NaScSBr2.cif,,NaScSBr2.vasp,Type1_A_C_Ch_X2,PROJECT_ROOT/Data/predict_final
NaScSCl2,Yes,No,NaScSCl2.cif,,NaScSCl2.vasp,Type1_A_C_Ch_X2,PROJECT_ROOT/Data/predict_final
NaScSI2,Yes,No,NaScSI2.cif,,NaScSI2.vasp,Type1_A_C_Ch_X2,PROJECT_ROOT/Data/predict_final
NaScSeBr2,Yes,No,NaScSeBr2.cif,,NaScSeBr2.vasp,Type1_A_C_Ch_X2,PROJECT_ROOT/Data/predict_final
NaScSeCl2,Yes,No,NaScSeCl2.cif,,NaScSeCl2.vasp,Type1_A_C_Ch_X2,PROJECT_ROOT/Data/predict_final
NaScSeI2,Yes,No,NaScSeI2.cif,,NaScSeI2.vasp,Type1_A_C_Ch_X2,PROJECT_ROOT/Data/predict_final
NaScTeBr2,Yes,No,NaScTeBr2.cif,,NaScTeBr2.vasp,Type1_A_C_Ch_X2,PROJECT_ROOT/Data/predict_final
NaScTeCl2,Yes,No,NaScTeCl2.cif,,NaScTeCl2.vasp,Type1_A_C_Ch_X2,PROJECT_ROOT/Data/predict_final
NaScTeI2,Yes,No,NaScTeI2.cif,,NaScTeI2.vasp,Type1_A_C_Ch_X2,PROJECT_ROOT/Data/predict_final
NaYSBr2,Yes,No,NaYSBr2.cif,,NaYSBr2.vasp,Type1_A_C_Ch_X2,PROJECT_ROOT/Data/predict_final
NaYSCl2,Yes,No,NaYSCl2.cif,,NaYSCl2.vasp,Type1_A_C_Ch_X2,PROJECT_ROOT/Data/predict_final
NaYSI2,Yes,No,NaYSI2.cif,,NaYSI2.vasp,Type1_A_C_Ch_X2,PROJECT_ROOT/Data/predict_final
NaYSeBr2,Yes,No,NaYSeBr2.cif,,NaYSeBr2.vasp,Type1_A_C_Ch_X2,PROJECT_ROOT/Data/predict_final
NaYSeCl2,Yes,No,NaYSeCl2.cif,,NaYSeCl2.vasp,Type1_A_C_Ch_X2,PROJECT_ROOT/Data/predict_final
NaYSeI2,Yes,No,NaYSeI2.cif,,NaYSeI2.vasp,Type1_A_C_Ch_X2,PROJECT_ROOT/Data/predict_final
NaYTeBr2,Yes,No,NaYTeBr2.cif,,NaYTeBr2.vasp,Type1_A_C_Ch_X2,PROJECT_ROOT/Data/predict_final
NaYTeCl2,Yes,No,NaYTeCl2.cif,,NaYTeCl2.vasp,Type1_A_C_Ch_X2,PROJECT_ROOT/Data/predict_final
NaYTeI2,Yes,No,NaYTeI2.cif,,NaYTeI2.vasp,Type1_A_C_Ch_X2,PROJECT_ROOT/Data/predict_final
RbAlSBr2,Yes,No,RbAlSBr2.cif,,RbAlSBr2.vasp,Type1_A_C_Ch_X2,PROJECT_ROOT/Data/predict_final
RbAlSCl2,Yes,No,RbAlSCl2.cif,,RbAlSCl2.vasp,Type1_A_C_Ch_X2,PROJECT_ROOT/Data/predict_final
RbAlSI2,Yes,No,RbAlSI2.cif,,RbAlSI2.vasp,Type1_A_C_Ch_X2,PROJECT_ROOT/Data/predict_final
RbAlSeBr2,Yes,No,RbAlSeBr2.cif,,RbAlSeBr2.vasp,Type1_A_C_Ch_X2,PROJECT_ROOT/Data/predict_final
RbAlSeCl2,Yes,No,RbAlSeCl2.cif,,RbAlSeCl2.vasp,Type1_A_C_Ch_X2,PROJECT_ROOT/Data/predict_final
RbAlSeI2,Yes,No,RbAlSeI2.cif,,RbAlSeI2.vasp,Type1_A_C_Ch_X2,PROJECT_ROOT/Data/predict_final
RbAlTeBr2,Yes,No,RbAlTeBr2.cif,,RbAlTeBr2.vasp,Type1_A_C_Ch_X2,PROJECT_ROOT/Data/predict_final
RbAlTeCl2,Yes,No,RbAlTeCl2.cif,,RbAlTeCl2.vasp,Type1_A_C_Ch_X2,PROJECT_ROOT/Data/predict_final
RbAlTeI2,Yes,No,RbAlTeI2.cif,,RbAlTeI2.vasp,Type1_A_C_Ch_X2,PROJECT_ROOT/Data/predict_final
RbBiSBr2,Yes,No,RbBiSBr2.cif,,RbBiSBr2.vasp,Type1_A_C_Ch_X2,PROJECT_ROOT/Data/predict_final
RbBiSCl2,Yes,No,RbBiSCl2.cif,,RbBiSCl2.vasp,Type1_A_C_Ch_X2,PROJECT_ROOT/Data/predict_final
RbBiSI2,Yes,No,RbBiSI2.cif,,RbBiSI2.vasp,Type1_A_C_Ch_X2,PROJECT_ROOT/Data/predict_final
RbBiSeBr2,Yes,No,RbBiSeBr2.cif,,RbBiSeBr2.vasp,Type1_A_C_Ch_X2,PROJECT_ROOT/Data/predict_final
RbBiSeCl2,Yes,No,RbBiSeCl2.cif,,RbBiSeCl2.vasp,Type1_A_C_Ch_X2,PROJECT_ROOT/Data/predict_final
RbBiSeI2,Yes,No,RbBiSeI2.cif,,RbBiSeI2.vasp,Type1_A_C_Ch_X2,PROJECT_ROOT/Data/predict_final
RbBiTeBr2,Yes,No,RbBiTeBr2.cif,,RbBiTeBr2.vasp,Type1_A_C_Ch_X2,PROJECT_ROOT/Data/predict_final
RbBiTeCl2,Yes,No,RbBiTeCl2.cif,,RbBiTeCl2.vasp,Type1_A_C_Ch_X2,PROJECT_ROOT/Data/predict_final
RbBiTeI2,Yes,No,RbBiTeI2.cif,,RbBiTeI2.vasp,Type1_A_C_Ch_X2,PROJECT_ROOT/Data/predict_final
RbGaSBr2,Yes,No,RbGaSBr2.cif,,RbGaSBr2.vasp,Type1_A_C_Ch_X2,PROJECT_ROOT/Data/predict_final
RbGaSCl2,Yes,No,RbGaSCl2.cif,,RbGaSCl2.vasp,Type1_A_C_Ch_X2,PROJECT_ROOT/Data/predict_final
RbGaSI2,Yes,No,RbGaSI2.cif,,RbGaSI2.vasp,Type1_A_C_Ch_X2,PROJECT_ROOT/Data/predict_final
RbGaSeBr2,Yes,No,RbGaSeBr2.cif,,RbGaSeBr2.vasp,Type1_A_C_Ch_X2,PROJECT_ROOT/Data/predict_final
RbGaSeCl2,Yes,No,RbGaSeCl2.cif,,RbGaSeCl2.vasp,Type1_A_C_Ch_X2,PROJECT_ROOT/Data/predict_final
RbGaSeI2,Yes,No,RbGaSeI2.cif,,RbGaSeI2.vasp,Type1_A_C_Ch_X2,PROJECT_ROOT/Data/predict_final
RbGaTeBr2,Yes,No,RbGaTeBr2.cif,,RbGaTeBr2.vasp,Type1_A_C_Ch_X2,PROJECT_ROOT/Data/predict_final
RbGaTeCl2,Yes,No,RbGaTeCl2.cif,,RbGaTeCl2.vasp,Type1_A_C_Ch_X2,PROJECT_ROOT/Data/predict_final
RbGaTeI2,Yes,No,RbGaTeI2.cif,,RbGaTeI2.vasp,Type1_A_C_Ch_X2,PROJECT_ROOT/Data/predict_final
RbInSBr2,Yes,No,RbInSBr2.cif,,RbInSBr2.vasp,Type1_A_C_Ch_X2,PROJECT_ROOT/Data/predict_final
RbInSCl2,Yes,No,RbInSCl2.cif,,RbInSCl2.vasp,Type1_A_C_Ch_X2,PROJECT_ROOT/Data/predict_final
RbInSI2,Yes,No,RbInSI2.cif,,RbInSI2.vasp,Type1_A_C_Ch_X2,PROJECT_ROOT/Data/predict_final
RbInSeBr2,Yes,No,RbInSeBr2.cif,,RbInSeBr2.vasp,Type1_A_C_Ch_X2,PROJECT_ROOT/Data/predict_final
RbInSeCl2,Yes,No,RbInSeCl2.cif,,RbInSeCl2.vasp,Type1_A_C_Ch_X2,PROJECT_ROOT/Data/predict_final
RbInSeI2,Yes,No,RbInSeI2.cif,,RbInSeI2.vasp,Type1_A_C_Ch_X2,PROJECT_ROOT/Data/predict_final
RbInTeBr2,Yes,No,RbInTeBr2.cif,,RbInTeBr2.vasp,Type1_A_C_Ch_X2,PROJECT_ROOT/Data/predict_final
RbInTeCl2,Yes,No,RbInTeCl2.cif,,RbInTeCl2.vasp,Type1_A_C_Ch_X2,PROJECT_ROOT/Data/predict_final
RbInTeI2,Yes,No,RbInTeI2.cif,,RbInTeI2.vasp,Type1_A_C_Ch_X2,PROJECT_ROOT/Data/predict_final
RbLaSBr2,Yes,No,RbLaSBr2.cif,,RbLaSBr2.vasp,Type1_A_C_Ch_X2,PROJECT_ROOT/Data/predict_final
RbLaSCl2,Yes,No,RbLaSCl2.cif,,RbLaSCl2.vasp,Type1_A_C_Ch_X2,PROJECT_ROOT/Data/predict_final
RbLaSI2,Yes,No,RbLaSI2.cif,,RbLaSI2.vasp,Type1_A_C_Ch_X2,PROJECT_ROOT/Data/predict_final
RbLaSeBr2,Yes,No,RbLaSeBr2.cif,,RbLaSeBr2.vasp,Type1_A_C_Ch_X2,PROJECT_ROOT/Data/predict_final
RbLaSeCl2,Yes,No,RbLaSeCl2.cif,,RbLaSeCl2.vasp,Type1_A_C_Ch_X2,PROJECT_ROOT/Data/predict_final
RbLaSeI2,Yes,No,RbLaSeI2.cif,,RbLaSeI2.vasp,Type1_A_C_Ch_X2,PROJECT_ROOT/Data/predict_final
RbLaTeBr2,Yes,No,RbLaTeBr2.cif,,RbLaTeBr2.vasp,Type1_A_C_Ch_X2,PROJECT_ROOT/Data/predict_final
RbLaTeCl2,Yes,No,RbLaTeCl2.cif,,RbLaTeCl2.vasp,Type1_A_C_Ch_X2,PROJECT_ROOT/Data/predict_final
RbLaTeI2,Yes,No,RbLaTeI2.cif,,RbLaTeI2.vasp,Type1_A_C_Ch_X2,PROJECT_ROOT/Data/predict_final
RbSbSBr2,Yes,No,RbSbSBr2.cif,,RbSbSBr2.vasp,Type1_A_C_Ch_X2,PROJECT_ROOT/Data/predict_final
RbSbSCl2,Yes,No,RbSbSCl2.cif,,RbSbSCl2.vasp,Type1_A_C_Ch_X2,PROJECT_ROOT/Data/predict_final
RbSbSI2,Yes,No,RbSbSI2.cif,,RbSbSI2.vasp,Type1_A_C_Ch_X2,PROJECT_ROOT/Data/predict_final
RbSbSeBr2,Yes,No,RbSbSeBr2.cif,,RbSbSeBr2.vasp,Type1_A_C_Ch_X2,PROJECT_ROOT/Data/predict_final
RbSbSeCl2,Yes,No,RbSbSeCl2.cif,,RbSbSeCl2.vasp,Type1_A_C_Ch_X2,PROJECT_ROOT/Data/predict_final
RbSbSeI2,Yes,No,RbSbSeI2.cif,,RbSbSeI2.vasp,Type1_A_C_Ch_X2,PROJECT_ROOT/Data/predict_final
RbSbTeBr2,Yes,No,RbSbTeBr2.cif,,RbSbTeBr2.vasp,Type1_A_C_Ch_X2,PROJECT_ROOT/Data/predict_final
RbSbTeCl2,Yes,No,RbSbTeCl2.cif,,RbSbTeCl2.vasp,Type1_A_C_Ch_X2,PROJECT_ROOT/Data/predict_final
RbSbTeI2,Yes,No,RbSbTeI2.cif,,RbSbTeI2.vasp,Type1_A_C_Ch_X2,PROJECT_ROOT/Data/predict_final
RbScSBr2,Yes,No,RbScSBr2.cif,,RbScSBr2.vasp,Type1_A_C_Ch_X2,PROJECT_ROOT/Data/predict_final
RbScSCl2,Yes,No,RbScSCl2.cif,,RbScSCl2.vasp,Type1_A_C_Ch_X2,PROJECT_ROOT/Data/predict_final
RbScSI2,Yes,No,RbScSI2.cif,,RbScSI2.vasp,Type1_A_C_Ch_X2,PROJECT_ROOT/Data/predict_final
RbScSeBr2,Yes,No,RbScSeBr2.cif,,RbScSeBr2.vasp,Type1_A_C_Ch_X2,PROJECT_ROOT/Data/predict_final
RbScSeCl2,Yes,No,RbScSeCl2.cif,,RbScSeCl2.vasp,Type1_A_C_Ch_X2,PROJECT_ROOT/Data/predict_final
RbScSeI2,Yes,No,RbScSeI2.cif,,RbScSeI2.vasp,Type1_A_C_Ch_X2,PROJECT_ROOT/Data/predict_final
RbScTeBr2,Yes,No,RbScTeBr2.cif,,RbScTeBr2.vasp,Type1_A_C_Ch_X2,PROJECT_ROOT/Data/predict_final
RbScTeCl2,Yes,No,RbScTeCl2.cif,,RbScTeCl2.vasp,Type1_A_C_Ch_X2,PROJECT_ROOT/Data/predict_final
RbScTeI2,Yes,No,RbScTeI2.cif,,RbScTeI2.vasp,Type1_A_C_Ch_X2,PROJECT_ROOT/Data/predict_final
RbYSBr2,Yes,No,RbYSBr2.cif,,RbYSBr2.vasp,Type1_A_C_Ch_X2,PROJECT_ROOT/Data/predict_final
RbYSCl2,Yes,No,RbYSCl2.cif,,RbYSCl2.vasp,Type1_A_C_Ch_X2,PROJECT_ROOT/Data/predict_final
RbYSI2,Yes,No,RbYSI2.cif,,RbYSI2.vasp,Type1_A_C_Ch_X2,PROJECT_ROOT/Data/predict_final
RbYSeBr2,Yes,No,RbYSeBr2.cif,,RbYSeBr2.vasp,Type1_A_C_Ch_X2,PROJECT_ROOT/Data/predict_final
RbYSeCl2,Yes,No,RbYSeCl2.cif,,RbYSeCl2.vasp,Type1_A_C_Ch_X2,PROJECT_ROOT/Data/predict_final
RbYSeI2,Yes,No,RbYSeI2.cif,,RbYSeI2.vasp,Type1_A_C_Ch_X2,PROJECT_ROOT/Data/predict_final
RbYTeBr2,Yes,No,RbYTeBr2.cif,,RbYTeBr2.vasp,Type1_A_C_Ch_X2,PROJECT_ROOT/Data/predict_final
RbYTeCl2,Yes,No,RbYTeCl2.cif,,RbYTeCl2.vasp,Type1_A_C_Ch_X2,PROJECT_ROOT/Data/predict_final
RbYTeI2,Yes,No,RbYTeI2.cif,,RbYTeI2.vasp,Type1_A_C_Ch_X2,PROJECT_ROOT/Data/predict_final
SbAuSBr2,Yes,No,SbAuSBr2.cif,,AuSbSBr2.vasp,Type1_A_C_Ch_X2,PROJECT_ROOT/Data/predict_final
SbAuSCl2,Yes,No,SbAuSCl2.cif,,AuSbSCl2.vasp,Type1_A_C_Ch_X2,PROJECT_ROOT/Data/predict_final
SbAuSI2,Yes,No,SbAuSI2.cif,,AuSbSI2.vasp,Type1_A_C_Ch_X2,PROJECT_ROOT/Data/predict_final
SbAuSeBr2,Yes,No,SbAuSeBr2.cif,,AuSbSeBr2.vasp,Type1_A_C_Ch_X2,PROJECT_ROOT/Data/predict_new_relaxed
SbAuSeCl2,Yes,No,SbAuSeCl2.cif,,AuSbSeCl2.vasp,Type1_A_C_Ch_X2,PROJECT_ROOT/Data/predict_new_relaxed
SbAuSeI2,Yes,No,SbAuSeI2.cif,,AuSbSeI2.vasp,Type1_A_C_Ch_X2,PROJECT_ROOT/Data/predict_new_relaxed
SbTeAuBr2,Yes,No,SbTeAuBr2.cif,,AuSbTeBr2.vasp,Type1_A_C_Ch_X2,PROJECT_ROOT/Data/predict_new_relaxed
SbTeAuCl2,Yes,No,SbTeAuCl2.cif,,AuSbTeCl2.vasp,Type1_A_C_Ch_X2,PROJECT_ROOT/Data/predict_new_relaxed
SbTeAuI2,Yes,No,SbTeAuI2.cif,,AuSbTeI2.vasp,Type1_A_C_Ch_X2,PROJECT_ROOT/Data/predict_new_relaxed
ScAgSBr2,Yes,No,ScAgSBr2.cif,,AgScSBr2.vasp,Type1_A_C_Ch_X2,PROJECT_ROOT/Data/predict_final
ScAgSCl2,Yes,No,ScAgSCl2.cif,,AgScSCl2.vasp,Type1_A_C_Ch_X2,PROJECT_ROOT/Data/predict_final
ScAgSI2,Yes,No,ScAgSI2.cif,,AgScSI2.vasp,Type1_A_C_Ch_X2,PROJECT_ROOT/Data/predict_final
ScAgSeBr2,Yes,No,ScAgSeBr2.cif,,AgScSeBr2.vasp,Type1_A_C_Ch_X2,PROJECT_ROOT/Data/predict_final
ScAgSeCl2,Yes,No,ScAgSeCl2.cif,,AgScSeCl2.vasp,Type1_A_C_Ch_X2,PROJECT_ROOT/Data/predict_final
ScAgSeI2,Yes,No,ScAgSeI2.cif,,AgScSeI2.vasp,Type1_A_C_Ch_X2,PROJECT_ROOT/Data/predict_final
ScAgTeBr2,Yes,No,ScAgTeBr2.cif,,AgScTeBr2.vasp,Type1_A_C_Ch_X2,PROJECT_ROOT/Data/predict_final
ScAgTeCl2,Yes,No,ScAgTeCl2.cif,,AgScTeCl2.vasp,Type1_A_C_Ch_X2,PROJECT_ROOT/Data/predict_final
ScAgTeI2,Yes,No,ScAgTeI2.cif,,AgScTeI2.vasp,Type1_A_C_Ch_X2,PROJECT_ROOT/Data/predict_final
ScAuSBr2,Yes,No,ScAuSBr2.cif,,AuScSBr2.vasp,Type1_A_C_Ch_X2,PROJECT_ROOT/Data/predict_new_relaxed
ScAuSCl2,Yes,No,ScAuSCl2.cif,,AuScSCl2.vasp,Type1_A_C_Ch_X2,PROJECT_ROOT/Data/predict_new_relaxed
ScAuSI2,Yes,No,ScAuSI2.cif,,AuScSI2.vasp,Type1_A_C_Ch_X2,PROJECT_ROOT/Data/predict_new_relaxed
ScAuSeBr2,Yes,No,ScAuSeBr2.cif,,AuScSeBr2.vasp,Type1_A_C_Ch_X2,PROJECT_ROOT/Data/predict_new_relaxed
ScAuSeCl2,Yes,No,ScAuSeCl2.cif,,AuScSeCl2.vasp,Type1_A_C_Ch_X2,PROJECT_ROOT/Data/predict_new_relaxed
ScAuSeI2,Yes,No,ScAuSeI2.cif,,AuScSeI2.vasp,Type1_A_C_Ch_X2,PROJECT_ROOT/Data/predict_new_relaxed
ScCuSBr2,Yes,No,ScCuSBr2.cif,,CuScSBr2.vasp,Type1_A_C_Ch_X2,PROJECT_ROOT/Data/predict_final
ScCuSCl2,Yes,No,ScCuSCl2.cif,,CuScSCl2.vasp,Type1_A_C_Ch_X2,PROJECT_ROOT/Data/predict_final
ScCuSI2,Yes,No,ScCuSI2.cif,,CuScSI2.vasp,Type1_A_C_Ch_X2,PROJECT_ROOT/Data/predict_final
ScCuSeBr2,Yes,No,ScCuSeBr2.cif,,CuScSeBr2.vasp,Type1_A_C_Ch_X2,PROJECT_ROOT/Data/predict_final
ScCuSeCl2,Yes,No,ScCuSeCl2.cif,,CuScSeCl2.vasp,Type1_A_C_Ch_X2,PROJECT_ROOT/Data/predict_final
ScCuSeI2,Yes,No,ScCuSeI2.cif,,CuScSeI2.vasp,Type1_A_C_Ch_X2,PROJECT_ROOT/Data/predict_final
ScCuTeBr2,Yes,No,ScCuTeBr2.cif,,CuScTeBr2.vasp,Type1_A_C_Ch_X2,PROJECT_ROOT/Data/predict_final
ScCuTeCl2,Yes,No,ScCuTeCl2.cif,,CuScTeCl2.vasp,Type1_A_C_Ch_X2,PROJECT_ROOT/Data/predict_final
ScCuTeI2,Yes,No,ScCuTeI2.cif,,CuScTeI2.vasp,Type1_A_C_Ch_X2,PROJECT_ROOT/Data/predict_final
ScTeAuBr2,Yes,No,ScTeAuBr2.cif,,AuScTeBr2.vasp,Type1_A_C_Ch_X2,PROJECT_ROOT/Data/predict_new_relaxed
ScTeAuCl2,Yes,No,ScTeAuCl2.cif,,AuScTeCl2.vasp,Type1_A_C_Ch_X2,PROJECT_ROOT/Data/predict_new_relaxed
ScTeAuI2,Yes,No,ScTeAuI2.cif,,AuScTeI2.vasp,Type1_A_C_Ch_X2,PROJECT_ROOT/Data/predict_new_relaxed
YAgSBr2,Yes,No,YAgSBr2.cif,,AgYSBr2.vasp,Type1_A_C_Ch_X2,PROJECT_ROOT/Data/predict_final
YAgSCl2,Yes,No,YAgSCl2.cif,,AgYSCl2.vasp,Type1_A_C_Ch_X2,PROJECT_ROOT/Data/predict_final
YAgSI2,Yes,No,YAgSI2.cif,,AgYSI2.vasp,Type1_A_C_Ch_X2,PROJECT_ROOT/Data/predict_final
YAgSeBr2,Yes,No,YAgSeBr2.cif,,AgYSeBr2.vasp,Type1_A_C_Ch_X2,PROJECT_ROOT/Data/predict_final
YAgSeCl2,Yes,No,YAgSeCl2.cif,,AgYSeCl2.vasp,Type1_A_C_Ch_X2,PROJECT_ROOT/Data/predict_final
YAgSeI2,Yes,No,YAgSeI2.cif,,AgYSeI2.vasp,Type1_A_C_Ch_X2,PROJECT_ROOT/Data/predict_final
YAgTeBr2,Yes,No,YAgTeBr2.cif,,AgYTeBr2.vasp,Type1_A_C_Ch_X2,PROJECT_ROOT/Data/predict_final
YAgTeCl2,Yes,No,YAgTeCl2.cif,,AgYTeCl2.vasp,Type1_A_C_Ch_X2,PROJECT_ROOT/Data/predict_final
YAgTeI2,Yes,No,YAgTeI2.cif,,AgYTeI2.vasp,Type1_A_C_Ch_X2,PROJECT_ROOT/Data/predict_final
YAuSBr2,Yes,No,YAuSBr2.cif,,AuYSBr2.vasp,Type1_A_C_Ch_X2,PROJECT_ROOT/Data/predict_new_relaxed
YAuSCl2,Yes,No,YAuSCl2.cif,,AuYSCl2.vasp,Type1_A_C_Ch_X2,PROJECT_ROOT/Data/predict_new_relaxed
YAuSI2,Yes,No,YAuSI2.cif,,AuYSI2.vasp,Type1_A_C_Ch_X2,PROJECT_ROOT/Data/predict_new_relaxed
YAuSeBr2,Yes,No,YAuSeBr2.cif,,AuYSeBr2.vasp,Type1_A_C_Ch_X2,PROJECT_ROOT/Data/predict_new_relaxed
YAuSeCl2,Yes,No,YAuSeCl2.cif,,AuYSeCl2.vasp,Type1_A_C_Ch_X2,PROJECT_ROOT/Data/predict_new_relaxed
YAuSeI2,Yes,No,YAuSeI2.cif,,AuYSeI2.vasp,Type1_A_C_Ch_X2,PROJECT_ROOT/Data/predict_new_relaxed
YCuSBr2,Yes,No,YCuSBr2.cif,,CuYSBr2.vasp,Type1_A_C_Ch_X2,PROJECT_ROOT/Data/predict_final
YCuSCl2,Yes,No,YCuSCl2.cif,,CuYSCl2.vasp,Type1_A_C_Ch_X2,PROJECT_ROOT/Data/predict_final
YCuSI2,Yes,No,YCuSI2.cif,,CuYSI2.vasp,Type1_A_C_Ch_X2,PROJECT_ROOT/Data/predict_final
YCuSeBr2,Yes,No,YCuSeBr2.cif,,CuYSeBr2.vasp,Type1_A_C_Ch_X2,PROJECT_ROOT/Data/predict_final
YCuSeCl2,Yes,No,YCuSeCl2.cif,,CuYSeCl2.vasp,Type1_A_C_Ch_X2,PROJECT_ROOT/Data/predict_final
YCuSeI2,Yes,No,YCuSeI2.cif,,CuYSeI2.vasp,Type1_A_C_Ch_X2,PROJECT_ROOT/Data/predict_final
YCuTeBr2,Yes,No,YCuTeBr2.cif,,CuYTeBr2.vasp,Type1_A_C_Ch_X2,PROJECT_ROOT/Data/predict_final
YCuTeCl2,Yes,No,YCuTeCl2.cif,,CuYTeCl2.vasp,Type1_A_C_Ch_X2,PROJECT_ROOT/Data/predict_final
YCuTeI2,Yes,No,YCuTeI2.cif,,CuYTeI2.vasp,Type1_A_C_Ch_X2,PROJECT_ROOT/Data/predict_final
YTeAuBr2,Yes,No,YTeAuBr2.cif,,AuYTeBr2.vasp,Type1_A_C_Ch_X2,PROJECT_ROOT/Data/predict_new_relaxed
YTeAuCl2,Yes,No,YTeAuCl2.cif,,AuYTeCl2.vasp,Type1_A_C_Ch_X2,PROJECT_ROOT/Data/predict_new_relaxed
YTeAuI2,Yes,No,YTeAuI2.cif,,AuYTeI2.vasp,Type1_A_C_Ch_X2,PROJECT_ROOT/Data/predict_new_relaxed
