formula,b_site_plus2,c_site_plus3,chalcogen_minus2,halide_minus1,template,charge_check
Cu2AlS2F3,Cu,Al,S,F,Sn2SbS2F3.cif,2*B(+2)+C(+3)+2*Ch(-2)+3*X(-1)=0
Cu2AlS2Cl3,Cu,Al,S,Cl,Ge2SbS2Cl3.cif,2*B(+2)+C(+3)+2*Ch(-2)+3*X(-1)=0
Cu2AlS2Br3,Cu,Al,S,Br,Ge2SbS2Br3.cif,2*B(+2)+C(+3)+2*Ch(-2)+3*X(-1)=0
Cu2AlS2I3,Cu,Al,S,I,Ge2SbS2I3.cif,2*B(+2)+C(+3)+2*Ch(-2)+3*X(-1)=0
Cu2AlSe2F3,Cu,Al,Se,F,Sn2SbSe2F3.cif,2*B(+2)+C(+3)+2*Ch(-2)+3*X(-1)=0
Cu2AlSe2Cl3,Cu,Al,Se,Cl,Ge2SbSe2Cl3.cif,2*B(+2)+C(+3)+2*Ch(-2)+3*X(-1)=0
Cu2AlSe2Br3,Cu,Al,Se,Br,Ge2SbSe2Br3.cif,2*B(+2)+C(+3)+2*Ch(-2)+3*X(-1)=0
Cu2AlSe2I3,Cu,Al,Se,I,Ge2SbSe2I3.cif,2*B(+2)+C(+3)+2*Ch(-2)+3*X(-1)=0
Cu2AlTe2F3,Cu,Al,Te,F,Sn2SbTe2F3.cif,2*B(+2)+C(+3)+2*Ch(-2)+3*X(-1)=0
Cu2AlTe2Cl3,Cu,Al,Te,Cl,Ge2SbTe2Cl3.cif,2*B(+2)+C(+3)+2*Ch(-2)+3*X(-1)=0
Cu2AlTe2Br3,Cu,Al,Te,Br,Ge2SbTe2Br3.cif,2*B(+2)+C(+3)+2*Ch(-2)+3*X(-1)=0
Cu2AlTe2I3,Cu,Al,Te,I,Ge2SbTe2I3.cif,2*B(+2)+C(+3)+2*Ch(-2)+3*X(-1)=0
Cu2GaS2F3,Cu,Ga,S,F,Sn2SbS2F3.cif,2*B(+2)+C(+3)+2*Ch(-2)+3*X(-1)=0
Cu2GaS2Cl3,Cu,Ga,S,Cl,Ge2SbS2Cl3.cif,2*B(+2)+C(+3)+2*Ch(-2)+3*X(-1)=0
Cu2GaS2Br3,Cu,Ga,S,Br,Ge2SbS2Br3.cif,2*B(+2)+C(+3)+2*Ch(-2)+3*X(-1)=0
Cu2GaS2I3,Cu,Ga,S,I,Ge2SbS2I3.cif,2*B(+2)+C(+3)+2*Ch(-2)+3*X(-1)=0
Cu2GaSe2F3,Cu,Ga,Se,F,Sn2SbSe2F3.cif,2*B(+2)+C(+3)+2*Ch(-2)+3*X(-1)=0
Cu2GaSe2Cl3,Cu,Ga,Se,Cl,Ge2SbSe2Cl3.cif,2*B(+2)+C(+3)+2*Ch(-2)+3*X(-1)=0
Cu2GaSe2Br3,Cu,Ga,Se,Br,Ge2SbSe2Br3.cif,2*B(+2)+C(+3)+2*Ch(-2)+3*X(-1)=0
Cu2GaSe2I3,Cu,Ga,Se,I,Ge2SbSe2I3.cif,2*B(+2)+C(+3)+2*Ch(-2)+3*X(-1)=0
Cu2GaTe2F3,Cu,Ga,Te,F,Sn2SbTe2F3.cif,2*B(+2)+C(+3)+2*Ch(-2)+3*X(-1)=0
Cu2GaTe2Cl3,Cu,Ga,Te,Cl,Ge2SbTe2Cl3.cif,2*B(+2)+C(+3)+2*Ch(-2)+3*X(-1)=0
Cu2GaTe2Br3,Cu,Ga,Te,Br,Ge2SbTe2Br3.cif,2*B(+2)+C(+3)+2*Ch(-2)+3*X(-1)=0
Cu2GaTe2I3,Cu,Ga,Te,I,Ge2SbTe2I3.cif,2*B(+2)+C(+3)+2*Ch(-2)+3*X(-1)=0
Cu2InS2F3,Cu,In,S,F,Ge2InS2Cl3.cif,2*B(+2)+C(+3)+2*Ch(-2)+3*X(-1)=0
Cu2InS2Cl3,Cu,In,S,Cl,Ge2InS2Cl3.cif,2*B(+2)+C(+3)+2*Ch(-2)+3*X(-1)=0
Cu2InS2Br3,Cu,In,S,Br,Ge2InS2Br3.cif,2*B(+2)+C(+3)+2*Ch(-2)+3*X(-1)=0
Cu2InS2I3,Cu,In,S,I,Ge2InS2I3.cif,2*B(+2)+C(+3)+2*Ch(-2)+3*X(-1)=0
Cu2InSe2F3,Cu,In,Se,F,Ge2InSe2Cl3.cif,2*B(+2)+C(+3)+2*Ch(-2)+3*X(-1)=0
Cu2InSe2Cl3,Cu,In,Se,Cl,Ge2InSe2Cl3.cif,2*B(+2)+C(+3)+2*Ch(-2)+3*X(-1)=0
Cu2InSe2Br3,Cu,In,Se,Br,Ge2InSe2Br3.cif,2*B(+2)+C(+3)+2*Ch(-2)+3*X(-1)=0
Cu2InSe2I3,Cu,In,Se,I,Ge2InSe2I3.cif,2*B(+2)+C(+3)+2*Ch(-2)+3*X(-1)=0
Cu2InTe2F3,Cu,In,Te,F,Ge2InTe2Cl3.cif,2*B(+2)+C(+3)+2*Ch(-2)+3*X(-1)=0
Cu2InTe2Cl3,Cu,In,Te,Cl,Ge2InTe2Cl3.cif,2*B(+2)+C(+3)+2*Ch(-2)+3*X(-1)=0
Cu2InTe2Br3,Cu,In,Te,Br,Ge2InTe2Br3.cif,2*B(+2)+C(+3)+2*Ch(-2)+3*X(-1)=0
Cu2InTe2I3,Cu,In,Te,I,Ge2InTe2I3.cif,2*B(+2)+C(+3)+2*Ch(-2)+3*X(-1)=0
Cu2ScS2F3,Cu,Sc,S,F,Sn2SbS2F3.cif,2*B(+2)+C(+3)+2*Ch(-2)+3*X(-1)=0
Cu2ScS2Cl3,Cu,Sc,S,Cl,Ge2SbS2Cl3.cif,2*B(+2)+C(+3)+2*Ch(-2)+3*X(-1)=0
Cu2ScS2Br3,Cu,Sc,S,Br,Ge2SbS2Br3.cif,2*B(+2)+C(+3)+2*Ch(-2)+3*X(-1)=0
Cu2ScS2I3,Cu,Sc,S,I,Ge2SbS2I3.cif,2*B(+2)+C(+3)+2*Ch(-2)+3*X(-1)=0
Cu2ScSe2F3,Cu,Sc,Se,F,Sn2SbSe2F3.cif,2*B(+2)+C(+3)+2*Ch(-2)+3*X(-1)=0
Cu2ScSe2Cl3,Cu,Sc,Se,Cl,Ge2SbSe2Cl3.cif,2*B(+2)+C(+3)+2*Ch(-2)+3*X(-1)=0
Cu2ScSe2Br3,Cu,Sc,Se,Br,Ge2SbSe2Br3.cif,2*B(+2)+C(+3)+2*Ch(-2)+3*X(-1)=0
Cu2ScSe2I3,Cu,Sc,Se,I,Ge2SbSe2I3.cif,2*B(+2)+C(+3)+2*Ch(-2)+3*X(-1)=0
Cu2ScTe2F3,Cu,Sc,Te,F,Sn2SbTe2F3.cif,2*B(+2)+C(+3)+2*Ch(-2)+3*X(-1)=0
Cu2ScTe2Cl3,Cu,Sc,Te,Cl,Ge2SbTe2Cl3.cif,2*B(+2)+C(+3)+2*Ch(-2)+3*X(-1)=0
Cu2ScTe2Br3,Cu,Sc,Te,Br,Ge2SbTe2Br3.cif,2*B(+2)+C(+3)+2*Ch(-2)+3*X(-1)=0
Cu2ScTe2I3,Cu,Sc,Te,I,Ge2SbTe2I3.cif,2*B(+2)+C(+3)+2*Ch(-2)+3*X(-1)=0
Cu2YS2F3,Cu,Y,S,F,Sn2SbS2F3.cif,2*B(+2)+C(+3)+2*Ch(-2)+3*X(-1)=0
Cu2YS2Cl3,Cu,Y,S,Cl,Ge2InS2Cl3.cif,2*B(+2)+C(+3)+2*Ch(-2)+3*X(-1)=0
Cu2YS2Br3,Cu,Y,S,Br,Ge2InS2Br3.cif,2*B(+2)+C(+3)+2*Ch(-2)+3*X(-1)=0
Cu2YS2I3,Cu,Y,S,I,Ge2InS2I3.cif,2*B(+2)+C(+3)+2*Ch(-2)+3*X(-1)=0
Cu2YSe2F3,Cu,Y,Se,F,Sn2SbSe2F3.cif,2*B(+2)+C(+3)+2*Ch(-2)+3*X(-1)=0
Cu2YSe2Cl3,Cu,Y,Se,Cl,Ge2InSe2Cl3.cif,2*B(+2)+C(+3)+2*Ch(-2)+3*X(-1)=0
Cu2YSe2Br3,Cu,Y,Se,Br,Ge2InSe2Br3.cif,2*B(+2)+C(+3)+2*Ch(-2)+3*X(-1)=0
Cu2YSe2I3,Cu,Y,Se,I,Ge2InSe2I3.cif,2*B(+2)+C(+3)+2*Ch(-2)+3*X(-1)=0
Cu2YTe2F3,Cu,Y,Te,F,Sn2SbTe2F3.cif,2*B(+2)+C(+3)+2*Ch(-2)+3*X(-1)=0
Cu2YTe2Cl3,Cu,Y,Te,Cl,Ge2InTe2Cl3.cif,2*B(+2)+C(+3)+2*Ch(-2)+3*X(-1)=0
Cu2YTe2Br3,Cu,Y,Te,Br,Ge2InTe2Br3.cif,2*B(+2)+C(+3)+2*Ch(-2)+3*X(-1)=0
Cu2YTe2I3,Cu,Y,Te,I,Ge2InTe2I3.cif,2*B(+2)+C(+3)+2*Ch(-2)+3*X(-1)=0
Cu2LaS2F3,Cu,La,S,F,Sn2SbS2F3.cif,2*B(+2)+C(+3)+2*Ch(-2)+3*X(-1)=0
Cu2LaS2Cl3,Cu,La,S,Cl,Ge2BiS2Cl3.cif,2*B(+2)+C(+3)+2*Ch(-2)+3*X(-1)=0
Cu2LaS2Br3,Cu,La,S,Br,Ge2BiS2Br3.cif,2*B(+2)+C(+3)+2*Ch(-2)+3*X(-1)=0
Cu2LaS2I3,Cu,La,S,I,Ge2BiS2I3.cif,2*B(+2)+C(+3)+2*Ch(-2)+3*X(-1)=0
Cu2LaSe2F3,Cu,La,Se,F,Sn2SbSe2F3.cif,2*B(+2)+C(+3)+2*Ch(-2)+3*X(-1)=0
Cu2LaSe2Cl3,Cu,La,Se,Cl,Ge2BiSe2Cl3.cif,2*B(+2)+C(+3)+2*Ch(-2)+3*X(-1)=0
Cu2LaSe2Br3,Cu,La,Se,Br,Ge2BiSe2Br3.cif,2*B(+2)+C(+3)+2*Ch(-2)+3*X(-1)=0
Cu2LaSe2I3,Cu,La,Se,I,Ge2BiSe2I3.cif,2*B(+2)+C(+3)+2*Ch(-2)+3*X(-1)=0
Cu2LaTe2F3,Cu,La,Te,F,Sn2SbTe2F3.cif,2*B(+2)+C(+3)+2*Ch(-2)+3*X(-1)=0
Cu2LaTe2Cl3,Cu,La,Te,Cl,Ge2BiTe2Cl3.cif,2*B(+2)+C(+3)+2*Ch(-2)+3*X(-1)=0
Cu2LaTe2Br3,Cu,La,Te,Br,Ge2BiTe2Br3.cif,2*B(+2)+C(+3)+2*Ch(-2)+3*X(-1)=0
Cu2LaTe2I3,Cu,La,Te,I,Ge2BiTe2I3.cif,2*B(+2)+C(+3)+2*Ch(-2)+3*X(-1)=0
Cu2LuS2F3,Cu,Lu,S,F,Sn2SbS2F3.cif,2*B(+2)+C(+3)+2*Ch(-2)+3*X(-1)=0
Cu2LuS2Cl3,Cu,Lu,S,Cl,Ge2InS2Cl3.cif,2*B(+2)+C(+3)+2*Ch(-2)+3*X(-1)=0
Cu2LuS2Br3,Cu,Lu,S,Br,Ge2InS2Br3.cif,2*B(+2)+C(+3)+2*Ch(-2)+3*X(-1)=0
Cu2LuS2I3,Cu,Lu,S,I,Ge2InS2I3.cif,2*B(+2)+C(+3)+2*Ch(-2)+3*X(-1)=0
Cu2LuSe2F3,Cu,Lu,Se,F,Sn2SbSe2F3.cif,2*B(+2)+C(+3)+2*Ch(-2)+3*X(-1)=0
Cu2LuSe2Cl3,Cu,Lu,Se,Cl,Ge2InSe2Cl3.cif,2*B(+2)+C(+3)+2*Ch(-2)+3*X(-1)=0
Cu2LuSe2Br3,Cu,Lu,Se,Br,Ge2InSe2Br3.cif,2*B(+2)+C(+3)+2*Ch(-2)+3*X(-1)=0
Cu2LuSe2I3,Cu,Lu,Se,I,Ge2InSe2I3.cif,2*B(+2)+C(+3)+2*Ch(-2)+3*X(-1)=0
Cu2LuTe2F3,Cu,Lu,Te,F,Sn2SbTe2F3.cif,2*B(+2)+C(+3)+2*Ch(-2)+3*X(-1)=0
Cu2LuTe2Cl3,Cu,Lu,Te,Cl,Ge2InTe2Cl3.cif,2*B(+2)+C(+3)+2*Ch(-2)+3*X(-1)=0
Cu2LuTe2Br3,Cu,Lu,Te,Br,Ge2InTe2Br3.cif,2*B(+2)+C(+3)+2*Ch(-2)+3*X(-1)=0
Cu2LuTe2I3,Cu,Lu,Te,I,Ge2InTe2I3.cif,2*B(+2)+C(+3)+2*Ch(-2)+3*X(-1)=0
Cu2TiS2F3,Cu,Ti,S,F,Sn2SbS2F3.cif,2*B(+2)+C(+3)+2*Ch(-2)+3*X(-1)=0
Cu2TiS2Cl3,Cu,Ti,S,Cl,Ge2SbS2Cl3.cif,2*B(+2)+C(+3)+2*Ch(-2)+3*X(-1)=0
Cu2TiS2Br3,Cu,Ti,S,Br,Ge2SbS2Br3.cif,2*B(+2)+C(+3)+2*Ch(-2)+3*X(-1)=0
Cu2TiS2I3,Cu,Ti,S,I,Ge2SbS2I3.cif,2*B(+2)+C(+3)+2*Ch(-2)+3*X(-1)=0
Cu2TiSe2F3,Cu,Ti,Se,F,Sn2SbSe2F3.cif,2*B(+2)+C(+3)+2*Ch(-2)+3*X(-1)=0
Cu2TiSe2Cl3,Cu,Ti,Se,Cl,Ge2SbSe2Cl3.cif,2*B(+2)+C(+3)+2*Ch(-2)+3*X(-1)=0
Cu2TiSe2Br3,Cu,Ti,Se,Br,Ge2SbSe2Br3.cif,2*B(+2)+C(+3)+2*Ch(-2)+3*X(-1)=0
Cu2TiSe2I3,Cu,Ti,Se,I,Ge2SbSe2I3.cif,2*B(+2)+C(+3)+2*Ch(-2)+3*X(-1)=0
Cu2TiTe2F3,Cu,Ti,Te,F,Sn2SbTe2F3.cif,2*B(+2)+C(+3)+2*Ch(-2)+3*X(-1)=0
Cu2TiTe2Cl3,Cu,Ti,Te,Cl,Ge2SbTe2Cl3.cif,2*B(+2)+C(+3)+2*Ch(-2)+3*X(-1)=0
Cu2TiTe2Br3,Cu,Ti,Te,Br,Ge2SbTe2Br3.cif,2*B(+2)+C(+3)+2*Ch(-2)+3*X(-1)=0
Cu2TiTe2I3,Cu,Ti,Te,I,Ge2SbTe2I3.cif,2*B(+2)+C(+3)+2*Ch(-2)+3*X(-1)=0
Cu2VS2F3,Cu,V,S,F,Sn2SbS2F3.cif,2*B(+2)+C(+3)+2*Ch(-2)+3*X(-1)=0
Cu2VS2Cl3,Cu,V,S,Cl,Ge2SbS2Cl3.cif,2*B(+2)+C(+3)+2*Ch(-2)+3*X(-1)=0
Cu2VS2Br3,Cu,V,S,Br,Ge2SbS2Br3.cif,2*B(+2)+C(+3)+2*Ch(-2)+3*X(-1)=0
Cu2VS2I3,Cu,V,S,I,Ge2SbS2I3.cif,2*B(+2)+C(+3)+2*Ch(-2)+3*X(-1)=0
Cu2VSe2F3,Cu,V,Se,F,Sn2SbSe2F3.cif,2*B(+2)+C(+3)+2*Ch(-2)+3*X(-1)=0
Cu2VSe2Cl3,Cu,V,Se,Cl,Ge2SbSe2Cl3.cif,2*B(+2)+C(+3)+2*Ch(-2)+3*X(-1)=0
Cu2VSe2Br3,Cu,V,Se,Br,Ge2SbSe2Br3.cif,2*B(+2)+C(+3)+2*Ch(-2)+3*X(-1)=0
Cu2VSe2I3,Cu,V,Se,I,Ge2SbSe2I3.cif,2*B(+2)+C(+3)+2*Ch(-2)+3*X(-1)=0
Cu2VTe2F3,Cu,V,Te,F,Sn2SbTe2F3.cif,2*B(+2)+C(+3)+2*Ch(-2)+3*X(-1)=0
Cu2VTe2Cl3,Cu,V,Te,Cl,Ge2SbTe2Cl3.cif,2*B(+2)+C(+3)+2*Ch(-2)+3*X(-1)=0
Cu2VTe2Br3,Cu,V,Te,Br,Ge2SbTe2Br3.cif,2*B(+2)+C(+3)+2*Ch(-2)+3*X(-1)=0
Cu2VTe2I3,Cu,V,Te,I,Ge2SbTe2I3.cif,2*B(+2)+C(+3)+2*Ch(-2)+3*X(-1)=0
Cu2NbS2F3,Cu,Nb,S,F,Sn2SbS2F3.cif,2*B(+2)+C(+3)+2*Ch(-2)+3*X(-1)=0
Cu2NbS2Cl3,Cu,Nb,S,Cl,Ge2SbS2Cl3.cif,2*B(+2)+C(+3)+2*Ch(-2)+3*X(-1)=0
Cu2NbS2Br3,Cu,Nb,S,Br,Ge2SbS2Br3.cif,2*B(+2)+C(+3)+2*Ch(-2)+3*X(-1)=0
Cu2NbS2I3,Cu,Nb,S,I,Ge2SbS2I3.cif,2*B(+2)+C(+3)+2*Ch(-2)+3*X(-1)=0
Cu2NbSe2F3,Cu,Nb,Se,F,Sn2SbSe2F3.cif,2*B(+2)+C(+3)+2*Ch(-2)+3*X(-1)=0
Cu2NbSe2Cl3,Cu,Nb,Se,Cl,Ge2SbSe2Cl3.cif,2*B(+2)+C(+3)+2*Ch(-2)+3*X(-1)=0
Cu2NbSe2Br3,Cu,Nb,Se,Br,Ge2SbSe2Br3.cif,2*B(+2)+C(+3)+2*Ch(-2)+3*X(-1)=0
Cu2NbSe2I3,Cu,Nb,Se,I,Ge2SbSe2I3.cif,2*B(+2)+C(+3)+2*Ch(-2)+3*X(-1)=0
Cu2NbTe2F3,Cu,Nb,Te,F,Sn2SbTe2F3.cif,2*B(+2)+C(+3)+2*Ch(-2)+3*X(-1)=0
Cu2NbTe2Cl3,Cu,Nb,Te,Cl,Ge2SbTe2Cl3.cif,2*B(+2)+C(+3)+2*Ch(-2)+3*X(-1)=0
Cu2NbTe2Br3,Cu,Nb,Te,Br,Ge2SbTe2Br3.cif,2*B(+2)+C(+3)+2*Ch(-2)+3*X(-1)=0
Cu2NbTe2I3,Cu,Nb,Te,I,Ge2SbTe2I3.cif,2*B(+2)+C(+3)+2*Ch(-2)+3*X(-1)=0
Cu2MoS2F3,Cu,Mo,S,F,Sn2SbS2F3.cif,2*B(+2)+C(+3)+2*Ch(-2)+3*X(-1)=0
Cu2MoS2Cl3,Cu,Mo,S,Cl,Ge2SbS2Cl3.cif,2*B(+2)+C(+3)+2*Ch(-2)+3*X(-1)=0
Cu2MoS2Br3,Cu,Mo,S,Br,Ge2SbS2Br3.cif,2*B(+2)+C(+3)+2*Ch(-2)+3*X(-1)=0
Cu2MoS2I3,Cu,Mo,S,I,Ge2SbS2I3.cif,2*B(+2)+C(+3)+2*Ch(-2)+3*X(-1)=0
Cu2MoSe2F3,Cu,Mo,Se,F,Sn2SbSe2F3.cif,2*B(+2)+C(+3)+2*Ch(-2)+3*X(-1)=0
Cu2MoSe2Cl3,Cu,Mo,Se,Cl,Ge2SbSe2Cl3.cif,2*B(+2)+C(+3)+2*Ch(-2)+3*X(-1)=0
Cu2MoSe2Br3,Cu,Mo,Se,Br,Ge2SbSe2Br3.cif,2*B(+2)+C(+3)+2*Ch(-2)+3*X(-1)=0
Cu2MoSe2I3,Cu,Mo,Se,I,Ge2SbSe2I3.cif,2*B(+2)+C(+3)+2*Ch(-2)+3*X(-1)=0
Cu2MoTe2F3,Cu,Mo,Te,F,Sn2SbTe2F3.cif,2*B(+2)+C(+3)+2*Ch(-2)+3*X(-1)=0
Cu2MoTe2Cl3,Cu,Mo,Te,Cl,Ge2SbTe2Cl3.cif,2*B(+2)+C(+3)+2*Ch(-2)+3*X(-1)=0
Cu2MoTe2Br3,Cu,Mo,Te,Br,Ge2SbTe2Br3.cif,2*B(+2)+C(+3)+2*Ch(-2)+3*X(-1)=0
Cu2MoTe2I3,Cu,Mo,Te,I,Ge2SbTe2I3.cif,2*B(+2)+C(+3)+2*Ch(-2)+3*X(-1)=0
Cu2ZrS2F3,Cu,Zr,S,F,Sn2SbS2F3.cif,2*B(+2)+C(+3)+2*Ch(-2)+3*X(-1)=0
Cu2ZrS2Cl3,Cu,Zr,S,Cl,Ge2SbS2Cl3.cif,2*B(+2)+C(+3)+2*Ch(-2)+3*X(-1)=0
Cu2ZrS2Br3,Cu,Zr,S,Br,Ge2SbS2Br3.cif,2*B(+2)+C(+3)+2*Ch(-2)+3*X(-1)=0
Cu2ZrS2I3,Cu,Zr,S,I,Ge2SbS2I3.cif,2*B(+2)+C(+3)+2*Ch(-2)+3*X(-1)=0
Cu2ZrSe2F3,Cu,Zr,Se,F,Sn2SbSe2F3.cif,2*B(+2)+C(+3)+2*Ch(-2)+3*X(-1)=0
Cu2ZrSe2Cl3,Cu,Zr,Se,Cl,Ge2SbSe2Cl3.cif,2*B(+2)+C(+3)+2*Ch(-2)+3*X(-1)=0
Cu2ZrSe2Br3,Cu,Zr,Se,Br,Ge2SbSe2Br3.cif,2*B(+2)+C(+3)+2*Ch(-2)+3*X(-1)=0
Cu2ZrSe2I3,Cu,Zr,Se,I,Ge2SbSe2I3.cif,2*B(+2)+C(+3)+2*Ch(-2)+3*X(-1)=0
Cu2ZrTe2F3,Cu,Zr,Te,F,Sn2SbTe2F3.cif,2*B(+2)+C(+3)+2*Ch(-2)+3*X(-1)=0
Cu2ZrTe2Cl3,Cu,Zr,Te,Cl,Ge2SbTe2Cl3.cif,2*B(+2)+C(+3)+2*Ch(-2)+3*X(-1)=0
Cu2ZrTe2Br3,Cu,Zr,Te,Br,Ge2SbTe2Br3.cif,2*B(+2)+C(+3)+2*Ch(-2)+3*X(-1)=0
Cu2ZrTe2I3,Cu,Zr,Te,I,Ge2SbTe2I3.cif,2*B(+2)+C(+3)+2*Ch(-2)+3*X(-1)=0
Cu2HfS2F3,Cu,Hf,S,F,Sn2SbS2F3.cif,2*B(+2)+C(+3)+2*Ch(-2)+3*X(-1)=0
Cu2HfS2Cl3,Cu,Hf,S,Cl,Ge2SbS2Cl3.cif,2*B(+2)+C(+3)+2*Ch(-2)+3*X(-1)=0
Cu2HfS2Br3,Cu,Hf,S,Br,Ge2SbS2Br3.cif,2*B(+2)+C(+3)+2*Ch(-2)+3*X(-1)=0
Cu2HfS2I3,Cu,Hf,S,I,Ge2SbS2I3.cif,2*B(+2)+C(+3)+2*Ch(-2)+3*X(-1)=0
Cu2HfSe2F3,Cu,Hf,Se,F,Sn2SbSe2F3.cif,2*B(+2)+C(+3)+2*Ch(-2)+3*X(-1)=0
Cu2HfSe2Cl3,Cu,Hf,Se,Cl,Ge2SbSe2Cl3.cif,2*B(+2)+C(+3)+2*Ch(-2)+3*X(-1)=0
Cu2HfSe2Br3,Cu,Hf,Se,Br,Ge2SbSe2Br3.cif,2*B(+2)+C(+3)+2*Ch(-2)+3*X(-1)=0
Cu2HfSe2I3,Cu,Hf,Se,I,Ge2SbSe2I3.cif,2*B(+2)+C(+3)+2*Ch(-2)+3*X(-1)=0
Cu2HfTe2F3,Cu,Hf,Te,F,Sn2SbTe2F3.cif,2*B(+2)+C(+3)+2*Ch(-2)+3*X(-1)=0
Cu2HfTe2Cl3,Cu,Hf,Te,Cl,Ge2SbTe2Cl3.cif,2*B(+2)+C(+3)+2*Ch(-2)+3*X(-1)=0
Cu2HfTe2Br3,Cu,Hf,Te,Br,Ge2SbTe2Br3.cif,2*B(+2)+C(+3)+2*Ch(-2)+3*X(-1)=0
Cu2HfTe2I3,Cu,Hf,Te,I,Ge2SbTe2I3.cif,2*B(+2)+C(+3)+2*Ch(-2)+3*X(-1)=0
Cu2TaS2F3,Cu,Ta,S,F,Sn2SbS2F3.cif,2*B(+2)+C(+3)+2*Ch(-2)+3*X(-1)=0
Cu2TaS2Cl3,Cu,Ta,S,Cl,Ge2SbS2Cl3.cif,2*B(+2)+C(+3)+2*Ch(-2)+3*X(-1)=0
Cu2TaS2Br3,Cu,Ta,S,Br,Ge2SbS2Br3.cif,2*B(+2)+C(+3)+2*Ch(-2)+3*X(-1)=0
Cu2TaS2I3,Cu,Ta,S,I,Ge2SbS2I3.cif,2*B(+2)+C(+3)+2*Ch(-2)+3*X(-1)=0
Cu2TaSe2F3,Cu,Ta,Se,F,Sn2SbSe2F3.cif,2*B(+2)+C(+3)+2*Ch(-2)+3*X(-1)=0
Cu2TaSe2Cl3,Cu,Ta,Se,Cl,Ge2SbSe2Cl3.cif,2*B(+2)+C(+3)+2*Ch(-2)+3*X(-1)=0
Cu2TaSe2Br3,Cu,Ta,Se,Br,Ge2SbSe2Br3.cif,2*B(+2)+C(+3)+2*Ch(-2)+3*X(-1)=0
Cu2TaSe2I3,Cu,Ta,Se,I,Ge2SbSe2I3.cif,2*B(+2)+C(+3)+2*Ch(-2)+3*X(-1)=0
Cu2TaTe2F3,Cu,Ta,Te,F,Sn2SbTe2F3.cif,2*B(+2)+C(+3)+2*Ch(-2)+3*X(-1)=0
Cu2TaTe2Cl3,Cu,Ta,Te,Cl,Ge2SbTe2Cl3.cif,2*B(+2)+C(+3)+2*Ch(-2)+3*X(-1)=0
Cu2TaTe2Br3,Cu,Ta,Te,Br,Ge2SbTe2Br3.cif,2*B(+2)+C(+3)+2*Ch(-2)+3*X(-1)=0
Cu2TaTe2I3,Cu,Ta,Te,I,Ge2SbTe2I3.cif,2*B(+2)+C(+3)+2*Ch(-2)+3*X(-1)=0
Cu2WS2F3,Cu,W,S,F,Sn2SbS2F3.cif,2*B(+2)+C(+3)+2*Ch(-2)+3*X(-1)=0
Cu2WS2Cl3,Cu,W,S,Cl,Ge2SbS2Cl3.cif,2*B(+2)+C(+3)+2*Ch(-2)+3*X(-1)=0
Cu2WS2Br3,Cu,W,S,Br,Ge2SbS2Br3.cif,2*B(+2)+C(+3)+2*Ch(-2)+3*X(-1)=0
Cu2WS2I3,Cu,W,S,I,Ge2SbS2I3.cif,2*B(+2)+C(+3)+2*Ch(-2)+3*X(-1)=0
Cu2WSe2F3,Cu,W,Se,F,Sn2SbSe2F3.cif,2*B(+2)+C(+3)+2*Ch(-2)+3*X(-1)=0
Cu2WSe2Cl3,Cu,W,Se,Cl,Ge2SbSe2Cl3.cif,2*B(+2)+C(+3)+2*Ch(-2)+3*X(-1)=0
Cu2WSe2Br3,Cu,W,Se,Br,Ge2SbSe2Br3.cif,2*B(+2)+C(+3)+2*Ch(-2)+3*X(-1)=0
Cu2WSe2I3,Cu,W,Se,I,Ge2SbSe2I3.cif,2*B(+2)+C(+3)+2*Ch(-2)+3*X(-1)=0
Cu2WTe2F3,Cu,W,Te,F,Sn2SbTe2F3.cif,2*B(+2)+C(+3)+2*Ch(-2)+3*X(-1)=0
Cu2WTe2Cl3,Cu,W,Te,Cl,Ge2SbTe2Cl3.cif,2*B(+2)+C(+3)+2*Ch(-2)+3*X(-1)=0
Cu2WTe2Br3,Cu,W,Te,Br,Ge2SbTe2Br3.cif,2*B(+2)+C(+3)+2*Ch(-2)+3*X(-1)=0
Cu2WTe2I3,Cu,W,Te,I,Ge2SbTe2I3.cif,2*B(+2)+C(+3)+2*Ch(-2)+3*X(-1)=0
Cu2FeS2F3,Cu,Fe,S,F,Sn2SbS2F3.cif,2*B(+2)+C(+3)+2*Ch(-2)+3*X(-1)=0
Cu2FeS2Cl3,Cu,Fe,S,Cl,Ge2InS2Cl3.cif,2*B(+2)+C(+3)+2*Ch(-2)+3*X(-1)=0
Cu2FeS2Br3,Cu,Fe,S,Br,Ge2InS2Br3.cif,2*B(+2)+C(+3)+2*Ch(-2)+3*X(-1)=0
Cu2FeS2I3,Cu,Fe,S,I,Ge2InS2I3.cif,2*B(+2)+C(+3)+2*Ch(-2)+3*X(-1)=0
Cu2FeSe2F3,Cu,Fe,Se,F,Sn2SbSe2F3.cif,2*B(+2)+C(+3)+2*Ch(-2)+3*X(-1)=0
Cu2FeSe2Cl3,Cu,Fe,Se,Cl,Ge2InSe2Cl3.cif,2*B(+2)+C(+3)+2*Ch(-2)+3*X(-1)=0
Cu2FeSe2Br3,Cu,Fe,Se,Br,Ge2InSe2Br3.cif,2*B(+2)+C(+3)+2*Ch(-2)+3*X(-1)=0
Cu2FeSe2I3,Cu,Fe,Se,I,Ge2InSe2I3.cif,2*B(+2)+C(+3)+2*Ch(-2)+3*X(-1)=0
Cu2FeTe2F3,Cu,Fe,Te,F,Sn2SbTe2F3.cif,2*B(+2)+C(+3)+2*Ch(-2)+3*X(-1)=0
Cu2FeTe2Cl3,Cu,Fe,Te,Cl,Ge2InTe2Cl3.cif,2*B(+2)+C(+3)+2*Ch(-2)+3*X(-1)=0
Cu2FeTe2Br3,Cu,Fe,Te,Br,Ge2InTe2Br3.cif,2*B(+2)+C(+3)+2*Ch(-2)+3*X(-1)=0
Cu2FeTe2I3,Cu,Fe,Te,I,Ge2InTe2I3.cif,2*B(+2)+C(+3)+2*Ch(-2)+3*X(-1)=0
Cu2RuS2F3,Cu,Ru,S,F,Sn2SbS2F3.cif,2*B(+2)+C(+3)+2*Ch(-2)+3*X(-1)=0
Cu2RuS2Cl3,Cu,Ru,S,Cl,Ge2SbS2Cl3.cif,2*B(+2)+C(+3)+2*Ch(-2)+3*X(-1)=0
Cu2RuS2Br3,Cu,Ru,S,Br,Ge2SbS2Br3.cif,2*B(+2)+C(+3)+2*Ch(-2)+3*X(-1)=0
Cu2RuS2I3,Cu,Ru,S,I,Ge2SbS2I3.cif,2*B(+2)+C(+3)+2*Ch(-2)+3*X(-1)=0
Cu2RuSe2F3,Cu,Ru,Se,F,Sn2SbSe2F3.cif,2*B(+2)+C(+3)+2*Ch(-2)+3*X(-1)=0
Cu2RuSe2Cl3,Cu,Ru,Se,Cl,Ge2SbSe2Cl3.cif,2*B(+2)+C(+3)+2*Ch(-2)+3*X(-1)=0
Cu2RuSe2Br3,Cu,Ru,Se,Br,Ge2SbSe2Br3.cif,2*B(+2)+C(+3)+2*Ch(-2)+3*X(-1)=0
Cu2RuSe2I3,Cu,Ru,Se,I,Ge2SbSe2I3.cif,2*B(+2)+C(+3)+2*Ch(-2)+3*X(-1)=0
Cu2RuTe2F3,Cu,Ru,Te,F,Sn2SbTe2F3.cif,2*B(+2)+C(+3)+2*Ch(-2)+3*X(-1)=0
Cu2RuTe2Cl3,Cu,Ru,Te,Cl,Ge2SbTe2Cl3.cif,2*B(+2)+C(+3)+2*Ch(-2)+3*X(-1)=0
Cu2RuTe2Br3,Cu,Ru,Te,Br,Ge2SbTe2Br3.cif,2*B(+2)+C(+3)+2*Ch(-2)+3*X(-1)=0
Cu2RuTe2I3,Cu,Ru,Te,I,Ge2SbTe2I3.cif,2*B(+2)+C(+3)+2*Ch(-2)+3*X(-1)=0
Cu2RhS2F3,Cu,Rh,S,F,Sn2SbS2F3.cif,2*B(+2)+C(+3)+2*Ch(-2)+3*X(-1)=0
Cu2RhS2Cl3,Cu,Rh,S,Cl,Ge2SbS2Cl3.cif,2*B(+2)+C(+3)+2*Ch(-2)+3*X(-1)=0
Cu2RhS2Br3,Cu,Rh,S,Br,Ge2SbS2Br3.cif,2*B(+2)+C(+3)+2*Ch(-2)+3*X(-1)=0
Cu2RhS2I3,Cu,Rh,S,I,Ge2SbS2I3.cif,2*B(+2)+C(+3)+2*Ch(-2)+3*X(-1)=0
Cu2RhSe2F3,Cu,Rh,Se,F,Sn2SbSe2F3.cif,2*B(+2)+C(+3)+2*Ch(-2)+3*X(-1)=0
Cu2RhSe2Cl3,Cu,Rh,Se,Cl,Ge2SbSe2Cl3.cif,2*B(+2)+C(+3)+2*Ch(-2)+3*X(-1)=0
Cu2RhSe2Br3,Cu,Rh,Se,Br,Ge2SbSe2Br3.cif,2*B(+2)+C(+3)+2*Ch(-2)+3*X(-1)=0
Cu2RhSe2I3,Cu,Rh,Se,I,Ge2SbSe2I3.cif,2*B(+2)+C(+3)+2*Ch(-2)+3*X(-1)=0
Cu2RhTe2F3,Cu,Rh,Te,F,Sn2SbTe2F3.cif,2*B(+2)+C(+3)+2*Ch(-2)+3*X(-1)=0
Cu2RhTe2Cl3,Cu,Rh,Te,Cl,Ge2SbTe2Cl3.cif,2*B(+2)+C(+3)+2*Ch(-2)+3*X(-1)=0
Cu2RhTe2Br3,Cu,Rh,Te,Br,Ge2SbTe2Br3.cif,2*B(+2)+C(+3)+2*Ch(-2)+3*X(-1)=0
Cu2RhTe2I3,Cu,Rh,Te,I,Ge2SbTe2I3.cif,2*B(+2)+C(+3)+2*Ch(-2)+3*X(-1)=0
Cu2BiS2F3,Cu,Bi,S,F,Ge2BiS2Cl3.cif,2*B(+2)+C(+3)+2*Ch(-2)+3*X(-1)=0
Cu2BiS2Cl3,Cu,Bi,S,Cl,Ge2BiS2Cl3.cif,2*B(+2)+C(+3)+2*Ch(-2)+3*X(-1)=0
Cu2BiS2Br3,Cu,Bi,S,Br,Ge2BiS2Br3.cif,2*B(+2)+C(+3)+2*Ch(-2)+3*X(-1)=0
Cu2BiS2I3,Cu,Bi,S,I,Ge2BiS2I3.cif,2*B(+2)+C(+3)+2*Ch(-2)+3*X(-1)=0
Cu2BiSe2F3,Cu,Bi,Se,F,Ge2BiSe2Cl3.cif,2*B(+2)+C(+3)+2*Ch(-2)+3*X(-1)=0
Cu2BiSe2Cl3,Cu,Bi,Se,Cl,Ge2BiSe2Cl3.cif,2*B(+2)+C(+3)+2*Ch(-2)+3*X(-1)=0
Cu2BiSe2Br3,Cu,Bi,Se,Br,Ge2BiSe2Br3.cif,2*B(+2)+C(+3)+2*Ch(-2)+3*X(-1)=0
Cu2BiSe2I3,Cu,Bi,Se,I,Ge2BiSe2I3.cif,2*B(+2)+C(+3)+2*Ch(-2)+3*X(-1)=0
Cu2BiTe2F3,Cu,Bi,Te,F,Ge2BiTe2Cl3.cif,2*B(+2)+C(+3)+2*Ch(-2)+3*X(-1)=0
Cu2BiTe2Cl3,Cu,Bi,Te,Cl,Ge2BiTe2Cl3.cif,2*B(+2)+C(+3)+2*Ch(-2)+3*X(-1)=0
Cu2BiTe2Br3,Cu,Bi,Te,Br,Ge2BiTe2Br3.cif,2*B(+2)+C(+3)+2*Ch(-2)+3*X(-1)=0
Cu2BiTe2I3,Cu,Bi,Te,I,Ge2BiTe2I3.cif,2*B(+2)+C(+3)+2*Ch(-2)+3*X(-1)=0
Cu2SbS2F3,Cu,Sb,S,F,Sn2SbS2F3.cif,2*B(+2)+C(+3)+2*Ch(-2)+3*X(-1)=0
Cu2SbS2Cl3,Cu,Sb,S,Cl,Ge2SbS2Cl3.cif,2*B(+2)+C(+3)+2*Ch(-2)+3*X(-1)=0
Cu2SbS2Br3,Cu,Sb,S,Br,Ge2SbS2Br3.cif,2*B(+2)+C(+3)+2*Ch(-2)+3*X(-1)=0
Cu2SbS2I3,Cu,Sb,S,I,Ge2SbS2I3.cif,2*B(+2)+C(+3)+2*Ch(-2)+3*X(-1)=0
Cu2SbSe2F3,Cu,Sb,Se,F,Sn2SbSe2F3.cif,2*B(+2)+C(+3)+2*Ch(-2)+3*X(-1)=0
Cu2SbSe2Cl3,Cu,Sb,Se,Cl,Ge2SbSe2Cl3.cif,2*B(+2)+C(+3)+2*Ch(-2)+3*X(-1)=0
Cu2SbSe2Br3,Cu,Sb,Se,Br,Ge2SbSe2Br3.cif,2*B(+2)+C(+3)+2*Ch(-2)+3*X(-1)=0
Cu2SbSe2I3,Cu,Sb,Se,I,Ge2SbSe2I3.cif,2*B(+2)+C(+3)+2*Ch(-2)+3*X(-1)=0
Cu2SbTe2F3,Cu,Sb,Te,F,Sn2SbTe2F3.cif,2*B(+2)+C(+3)+2*Ch(-2)+3*X(-1)=0
Cu2SbTe2Cl3,Cu,Sb,Te,Cl,Ge2SbTe2Cl3.cif,2*B(+2)+C(+3)+2*Ch(-2)+3*X(-1)=0
Cu2SbTe2Br3,Cu,Sb,Te,Br,Ge2SbTe2Br3.cif,2*B(+2)+C(+3)+2*Ch(-2)+3*X(-1)=0
Cu2SbTe2I3,Cu,Sb,Te,I,Ge2SbTe2I3.cif,2*B(+2)+C(+3)+2*Ch(-2)+3*X(-1)=0
Ge2AlS2F3,Ge,Al,S,F,Ge2SbS2Cl3.cif,2*B(+2)+C(+3)+2*Ch(-2)+3*X(-1)=0
Ge2AlS2Cl3,Ge,Al,S,Cl,Ge2SbS2Cl3.cif,2*B(+2)+C(+3)+2*Ch(-2)+3*X(-1)=0
Ge2AlS2Br3,Ge,Al,S,Br,Ge2SbS2Br3.cif,2*B(+2)+C(+3)+2*Ch(-2)+3*X(-1)=0
Ge2AlS2I3,Ge,Al,S,I,Ge2SbS2I3.cif,2*B(+2)+C(+3)+2*Ch(-2)+3*X(-1)=0
Ge2AlSe2F3,Ge,Al,Se,F,Ge2SbSe2Cl3.cif,2*B(+2)+C(+3)+2*Ch(-2)+3*X(-1)=0
Ge2AlSe2Cl3,Ge,Al,Se,Cl,Ge2SbSe2Cl3.cif,2*B(+2)+C(+3)+2*Ch(-2)+3*X(-1)=0
Ge2AlSe2Br3,Ge,Al,Se,Br,Ge2SbSe2Br3.cif,2*B(+2)+C(+3)+2*Ch(-2)+3*X(-1)=0
Ge2AlSe2I3,Ge,Al,Se,I,Ge2SbSe2I3.cif,2*B(+2)+C(+3)+2*Ch(-2)+3*X(-1)=0
Ge2AlTe2F3,Ge,Al,Te,F,Ge2SbTe2Cl3.cif,2*B(+2)+C(+3)+2*Ch(-2)+3*X(-1)=0
Ge2AlTe2Cl3,Ge,Al,Te,Cl,Ge2SbTe2Cl3.cif,2*B(+2)+C(+3)+2*Ch(-2)+3*X(-1)=0
Ge2AlTe2Br3,Ge,Al,Te,Br,Ge2SbTe2Br3.cif,2*B(+2)+C(+3)+2*Ch(-2)+3*X(-1)=0
Ge2AlTe2I3,Ge,Al,Te,I,Ge2SbTe2I3.cif,2*B(+2)+C(+3)+2*Ch(-2)+3*X(-1)=0
Ge2GaS2F3,Ge,Ga,S,F,Ge2SbS2Cl3.cif,2*B(+2)+C(+3)+2*Ch(-2)+3*X(-1)=0
Ge2GaS2Cl3,Ge,Ga,S,Cl,Ge2SbS2Cl3.cif,2*B(+2)+C(+3)+2*Ch(-2)+3*X(-1)=0
Ge2GaS2Br3,Ge,Ga,S,Br,Ge2SbS2Br3.cif,2*B(+2)+C(+3)+2*Ch(-2)+3*X(-1)=0
Ge2GaS2I3,Ge,Ga,S,I,Ge2SbS2I3.cif,2*B(+2)+C(+3)+2*Ch(-2)+3*X(-1)=0
Ge2GaSe2F3,Ge,Ga,Se,F,Ge2SbSe2Cl3.cif,2*B(+2)+C(+3)+2*Ch(-2)+3*X(-1)=0
Ge2GaSe2Cl3,Ge,Ga,Se,Cl,Ge2SbSe2Cl3.cif,2*B(+2)+C(+3)+2*Ch(-2)+3*X(-1)=0
Ge2GaSe2Br3,Ge,Ga,Se,Br,Ge2SbSe2Br3.cif,2*B(+2)+C(+3)+2*Ch(-2)+3*X(-1)=0
Ge2GaSe2I3,Ge,Ga,Se,I,Ge2SbSe2I3.cif,2*B(+2)+C(+3)+2*Ch(-2)+3*X(-1)=0
Ge2GaTe2F3,Ge,Ga,Te,F,Ge2SbTe2Cl3.cif,2*B(+2)+C(+3)+2*Ch(-2)+3*X(-1)=0
Ge2GaTe2Cl3,Ge,Ga,Te,Cl,Ge2SbTe2Cl3.cif,2*B(+2)+C(+3)+2*Ch(-2)+3*X(-1)=0
Ge2GaTe2Br3,Ge,Ga,Te,Br,Ge2SbTe2Br3.cif,2*B(+2)+C(+3)+2*Ch(-2)+3*X(-1)=0
Ge2GaTe2I3,Ge,Ga,Te,I,Ge2SbTe2I3.cif,2*B(+2)+C(+3)+2*Ch(-2)+3*X(-1)=0
Ge2InS2F3,Ge,In,S,F,Ge2InS2Cl3.cif,2*B(+2)+C(+3)+2*Ch(-2)+3*X(-1)=0
Ge2InS2Cl3,Ge,In,S,Cl,Ge2InS2Cl3.cif,2*B(+2)+C(+3)+2*Ch(-2)+3*X(-1)=0
Ge2InS2Br3,Ge,In,S,Br,Ge2InS2Br3.cif,2*B(+2)+C(+3)+2*Ch(-2)+3*X(-1)=0
Ge2InS2I3,Ge,In,S,I,Ge2InS2I3.cif,2*B(+2)+C(+3)+2*Ch(-2)+3*X(-1)=0
Ge2InSe2F3,Ge,In,Se,F,Ge2InSe2Cl3.cif,2*B(+2)+C(+3)+2*Ch(-2)+3*X(-1)=0
Ge2InSe2Cl3,Ge,In,Se,Cl,Ge2InSe2Cl3.cif,2*B(+2)+C(+3)+2*Ch(-2)+3*X(-1)=0
Ge2InSe2Br3,Ge,In,Se,Br,Ge2InSe2Br3.cif,2*B(+2)+C(+3)+2*Ch(-2)+3*X(-1)=0
Ge2InSe2I3,Ge,In,Se,I,Ge2InSe2I3.cif,2*B(+2)+C(+3)+2*Ch(-2)+3*X(-1)=0
Ge2InTe2F3,Ge,In,Te,F,Ge2InTe2Cl3.cif,2*B(+2)+C(+3)+2*Ch(-2)+3*X(-1)=0
Ge2InTe2Cl3,Ge,In,Te,Cl,Ge2InTe2Cl3.cif,2*B(+2)+C(+3)+2*Ch(-2)+3*X(-1)=0
Ge2InTe2Br3,Ge,In,Te,Br,Ge2InTe2Br3.cif,2*B(+2)+C(+3)+2*Ch(-2)+3*X(-1)=0
Ge2InTe2I3,Ge,In,Te,I,Ge2InTe2I3.cif,2*B(+2)+C(+3)+2*Ch(-2)+3*X(-1)=0
Ge2ScS2F3,Ge,Sc,S,F,Ge2SbS2Cl3.cif,2*B(+2)+C(+3)+2*Ch(-2)+3*X(-1)=0
Ge2ScS2Cl3,Ge,Sc,S,Cl,Ge2SbS2Cl3.cif,2*B(+2)+C(+3)+2*Ch(-2)+3*X(-1)=0
Ge2ScS2Br3,Ge,Sc,S,Br,Ge2SbS2Br3.cif,2*B(+2)+C(+3)+2*Ch(-2)+3*X(-1)=0
Ge2ScS2I3,Ge,Sc,S,I,Ge2SbS2I3.cif,2*B(+2)+C(+3)+2*Ch(-2)+3*X(-1)=0
Ge2ScSe2F3,Ge,Sc,Se,F,Ge2SbSe2Cl3.cif,2*B(+2)+C(+3)+2*Ch(-2)+3*X(-1)=0
Ge2ScSe2Cl3,Ge,Sc,Se,Cl,Ge2SbSe2Cl3.cif,2*B(+2)+C(+3)+2*Ch(-2)+3*X(-1)=0
Ge2ScSe2Br3,Ge,Sc,Se,Br,Ge2SbSe2Br3.cif,2*B(+2)+C(+3)+2*Ch(-2)+3*X(-1)=0
Ge2ScSe2I3,Ge,Sc,Se,I,Ge2SbSe2I3.cif,2*B(+2)+C(+3)+2*Ch(-2)+3*X(-1)=0
Ge2ScTe2F3,Ge,Sc,Te,F,Ge2SbTe2Cl3.cif,2*B(+2)+C(+3)+2*Ch(-2)+3*X(-1)=0
Ge2ScTe2Cl3,Ge,Sc,Te,Cl,Ge2SbTe2Cl3.cif,2*B(+2)+C(+3)+2*Ch(-2)+3*X(-1)=0
Ge2ScTe2Br3,Ge,Sc,Te,Br,Ge2SbTe2Br3.cif,2*B(+2)+C(+3)+2*Ch(-2)+3*X(-1)=0
Ge2ScTe2I3,Ge,Sc,Te,I,Ge2SbTe2I3.cif,2*B(+2)+C(+3)+2*Ch(-2)+3*X(-1)=0
Ge2YS2F3,Ge,Y,S,F,Ge2InS2Cl3.cif,2*B(+2)+C(+3)+2*Ch(-2)+3*X(-1)=0
Ge2YS2Cl3,Ge,Y,S,Cl,Ge2InS2Cl3.cif,2*B(+2)+C(+3)+2*Ch(-2)+3*X(-1)=0
Ge2YS2Br3,Ge,Y,S,Br,Ge2InS2Br3.cif,2*B(+2)+C(+3)+2*Ch(-2)+3*X(-1)=0
Ge2YS2I3,Ge,Y,S,I,Ge2InS2I3.cif,2*B(+2)+C(+3)+2*Ch(-2)+3*X(-1)=0
Ge2YSe2F3,Ge,Y,Se,F,Ge2InSe2Cl3.cif,2*B(+2)+C(+3)+2*Ch(-2)+3*X(-1)=0
Ge2YSe2Cl3,Ge,Y,Se,Cl,Ge2InSe2Cl3.cif,2*B(+2)+C(+3)+2*Ch(-2)+3*X(-1)=0
Ge2YSe2Br3,Ge,Y,Se,Br,Ge2InSe2Br3.cif,2*B(+2)+C(+3)+2*Ch(-2)+3*X(-1)=0
Ge2YSe2I3,Ge,Y,Se,I,Ge2InSe2I3.cif,2*B(+2)+C(+3)+2*Ch(-2)+3*X(-1)=0
Ge2YTe2F3,Ge,Y,Te,F,Ge2InTe2Cl3.cif,2*B(+2)+C(+3)+2*Ch(-2)+3*X(-1)=0
Ge2YTe2Cl3,Ge,Y,Te,Cl,Ge2InTe2Cl3.cif,2*B(+2)+C(+3)+2*Ch(-2)+3*X(-1)=0
Ge2YTe2Br3,Ge,Y,Te,Br,Ge2InTe2Br3.cif,2*B(+2)+C(+3)+2*Ch(-2)+3*X(-1)=0
Ge2YTe2I3,Ge,Y,Te,I,Ge2InTe2I3.cif,2*B(+2)+C(+3)+2*Ch(-2)+3*X(-1)=0
Ge2LaS2F3,Ge,La,S,F,Ge2BiS2Cl3.cif,2*B(+2)+C(+3)+2*Ch(-2)+3*X(-1)=0
Ge2LaS2Cl3,Ge,La,S,Cl,Ge2BiS2Cl3.cif,2*B(+2)+C(+3)+2*Ch(-2)+3*X(-1)=0
Ge2LaS2Br3,Ge,La,S,Br,Ge2BiS2Br3.cif,2*B(+2)+C(+3)+2*Ch(-2)+3*X(-1)=0
Ge2LaS2I3,Ge,La,S,I,Ge2BiS2I3.cif,2*B(+2)+C(+3)+2*Ch(-2)+3*X(-1)=0
Ge2LaSe2F3,Ge,La,Se,F,Ge2BiSe2Cl3.cif,2*B(+2)+C(+3)+2*Ch(-2)+3*X(-1)=0
Ge2LaSe2Cl3,Ge,La,Se,Cl,Ge2BiSe2Cl3.cif,2*B(+2)+C(+3)+2*Ch(-2)+3*X(-1)=0
Ge2LaSe2Br3,Ge,La,Se,Br,Ge2BiSe2Br3.cif,2*B(+2)+C(+3)+2*Ch(-2)+3*X(-1)=0
Ge2LaSe2I3,Ge,La,Se,I,Ge2BiSe2I3.cif,2*B(+2)+C(+3)+2*Ch(-2)+3*X(-1)=0
Ge2LaTe2F3,Ge,La,Te,F,Ge2BiTe2Cl3.cif,2*B(+2)+C(+3)+2*Ch(-2)+3*X(-1)=0
Ge2LaTe2Cl3,Ge,La,Te,Cl,Ge2BiTe2Cl3.cif,2*B(+2)+C(+3)+2*Ch(-2)+3*X(-1)=0
Ge2LaTe2Br3,Ge,La,Te,Br,Ge2BiTe2Br3.cif,2*B(+2)+C(+3)+2*Ch(-2)+3*X(-1)=0
Ge2LaTe2I3,Ge,La,Te,I,Ge2BiTe2I3.cif,2*B(+2)+C(+3)+2*Ch(-2)+3*X(-1)=0
Ge2LuS2F3,Ge,Lu,S,F,Ge2InS2Cl3.cif,2*B(+2)+C(+3)+2*Ch(-2)+3*X(-1)=0
Ge2LuS2Cl3,Ge,Lu,S,Cl,Ge2InS2Cl3.cif,2*B(+2)+C(+3)+2*Ch(-2)+3*X(-1)=0
Ge2LuS2Br3,Ge,Lu,S,Br,Ge2InS2Br3.cif,2*B(+2)+C(+3)+2*Ch(-2)+3*X(-1)=0
Ge2LuS2I3,Ge,Lu,S,I,Ge2InS2I3.cif,2*B(+2)+C(+3)+2*Ch(-2)+3*X(-1)=0
Ge2LuSe2F3,Ge,Lu,Se,F,Ge2InSe2Cl3.cif,2*B(+2)+C(+3)+2*Ch(-2)+3*X(-1)=0
Ge2LuSe2Cl3,Ge,Lu,Se,Cl,Ge2InSe2Cl3.cif,2*B(+2)+C(+3)+2*Ch(-2)+3*X(-1)=0
Ge2LuSe2Br3,Ge,Lu,Se,Br,Ge2InSe2Br3.cif,2*B(+2)+C(+3)+2*Ch(-2)+3*X(-1)=0
Ge2LuSe2I3,Ge,Lu,Se,I,Ge2InSe2I3.cif,2*B(+2)+C(+3)+2*Ch(-2)+3*X(-1)=0
Ge2LuTe2F3,Ge,Lu,Te,F,Ge2InTe2Cl3.cif,2*B(+2)+C(+3)+2*Ch(-2)+3*X(-1)=0
Ge2LuTe2Cl3,Ge,Lu,Te,Cl,Ge2InTe2Cl3.cif,2*B(+2)+C(+3)+2*Ch(-2)+3*X(-1)=0
Ge2LuTe2Br3,Ge,Lu,Te,Br,Ge2InTe2Br3.cif,2*B(+2)+C(+3)+2*Ch(-2)+3*X(-1)=0
Ge2LuTe2I3,Ge,Lu,Te,I,Ge2InTe2I3.cif,2*B(+2)+C(+3)+2*Ch(-2)+3*X(-1)=0
Ge2TiS2F3,Ge,Ti,S,F,Ge2SbS2Cl3.cif,2*B(+2)+C(+3)+2*Ch(-2)+3*X(-1)=0
Ge2TiS2Cl3,Ge,Ti,S,Cl,Ge2SbS2Cl3.cif,2*B(+2)+C(+3)+2*Ch(-2)+3*X(-1)=0
Ge2TiS2Br3,Ge,Ti,S,Br,Ge2SbS2Br3.cif,2*B(+2)+C(+3)+2*Ch(-2)+3*X(-1)=0
Ge2TiS2I3,Ge,Ti,S,I,Ge2SbS2I3.cif,2*B(+2)+C(+3)+2*Ch(-2)+3*X(-1)=0
Ge2TiSe2F3,Ge,Ti,Se,F,Ge2SbSe2Cl3.cif,2*B(+2)+C(+3)+2*Ch(-2)+3*X(-1)=0
Ge2TiSe2Cl3,Ge,Ti,Se,Cl,Ge2SbSe2Cl3.cif,2*B(+2)+C(+3)+2*Ch(-2)+3*X(-1)=0
Ge2TiSe2Br3,Ge,Ti,Se,Br,Ge2SbSe2Br3.cif,2*B(+2)+C(+3)+2*Ch(-2)+3*X(-1)=0
Ge2TiSe2I3,Ge,Ti,Se,I,Ge2SbSe2I3.cif,2*B(+2)+C(+3)+2*Ch(-2)+3*X(-1)=0
Ge2TiTe2F3,Ge,Ti,Te,F,Ge2SbTe2Cl3.cif,2*B(+2)+C(+3)+2*Ch(-2)+3*X(-1)=0
Ge2TiTe2Cl3,Ge,Ti,Te,Cl,Ge2SbTe2Cl3.cif,2*B(+2)+C(+3)+2*Ch(-2)+3*X(-1)=0
Ge2TiTe2Br3,Ge,Ti,Te,Br,Ge2SbTe2Br3.cif,2*B(+2)+C(+3)+2*Ch(-2)+3*X(-1)=0
Ge2TiTe2I3,Ge,Ti,Te,I,Ge2SbTe2I3.cif,2*B(+2)+C(+3)+2*Ch(-2)+3*X(-1)=0
Ge2VS2F3,Ge,V,S,F,Ge2SbS2Cl3.cif,2*B(+2)+C(+3)+2*Ch(-2)+3*X(-1)=0
Ge2VS2Cl3,Ge,V,S,Cl,Ge2SbS2Cl3.cif,2*B(+2)+C(+3)+2*Ch(-2)+3*X(-1)=0
Ge2VS2Br3,Ge,V,S,Br,Ge2SbS2Br3.cif,2*B(+2)+C(+3)+2*Ch(-2)+3*X(-1)=0
Ge2VS2I3,Ge,V,S,I,Ge2SbS2I3.cif,2*B(+2)+C(+3)+2*Ch(-2)+3*X(-1)=0
Ge2VSe2F3,Ge,V,Se,F,Ge2SbSe2Cl3.cif,2*B(+2)+C(+3)+2*Ch(-2)+3*X(-1)=0
Ge2VSe2Cl3,Ge,V,Se,Cl,Ge2SbSe2Cl3.cif,2*B(+2)+C(+3)+2*Ch(-2)+3*X(-1)=0
Ge2VSe2Br3,Ge,V,Se,Br,Ge2SbSe2Br3.cif,2*B(+2)+C(+3)+2*Ch(-2)+3*X(-1)=0
Ge2VSe2I3,Ge,V,Se,I,Ge2SbSe2I3.cif,2*B(+2)+C(+3)+2*Ch(-2)+3*X(-1)=0
Ge2VTe2F3,Ge,V,Te,F,Ge2SbTe2Cl3.cif,2*B(+2)+C(+3)+2*Ch(-2)+3*X(-1)=0
Ge2VTe2Cl3,Ge,V,Te,Cl,Ge2SbTe2Cl3.cif,2*B(+2)+C(+3)+2*Ch(-2)+3*X(-1)=0
Ge2VTe2Br3,Ge,V,Te,Br,Ge2SbTe2Br3.cif,2*B(+2)+C(+3)+2*Ch(-2)+3*X(-1)=0
Ge2VTe2I3,Ge,V,Te,I,Ge2SbTe2I3.cif,2*B(+2)+C(+3)+2*Ch(-2)+3*X(-1)=0
Ge2NbS2F3,Ge,Nb,S,F,Ge2SbS2Cl3.cif,2*B(+2)+C(+3)+2*Ch(-2)+3*X(-1)=0
Ge2NbS2Cl3,Ge,Nb,S,Cl,Ge2SbS2Cl3.cif,2*B(+2)+C(+3)+2*Ch(-2)+3*X(-1)=0
Ge2NbS2Br3,Ge,Nb,S,Br,Ge2SbS2Br3.cif,2*B(+2)+C(+3)+2*Ch(-2)+3*X(-1)=0
Ge2NbS2I3,Ge,Nb,S,I,Ge2SbS2I3.cif,2*B(+2)+C(+3)+2*Ch(-2)+3*X(-1)=0
Ge2NbSe2F3,Ge,Nb,Se,F,Ge2SbSe2Cl3.cif,2*B(+2)+C(+3)+2*Ch(-2)+3*X(-1)=0
Ge2NbSe2Cl3,Ge,Nb,Se,Cl,Ge2SbSe2Cl3.cif,2*B(+2)+C(+3)+2*Ch(-2)+3*X(-1)=0
Ge2NbSe2Br3,Ge,Nb,Se,Br,Ge2SbSe2Br3.cif,2*B(+2)+C(+3)+2*Ch(-2)+3*X(-1)=0
Ge2NbSe2I3,Ge,Nb,Se,I,Ge2SbSe2I3.cif,2*B(+2)+C(+3)+2*Ch(-2)+3*X(-1)=0
Ge2NbTe2F3,Ge,Nb,Te,F,Ge2SbTe2Cl3.cif,2*B(+2)+C(+3)+2*Ch(-2)+3*X(-1)=0
Ge2NbTe2Cl3,Ge,Nb,Te,Cl,Ge2SbTe2Cl3.cif,2*B(+2)+C(+3)+2*Ch(-2)+3*X(-1)=0
Ge2NbTe2Br3,Ge,Nb,Te,Br,Ge2SbTe2Br3.cif,2*B(+2)+C(+3)+2*Ch(-2)+3*X(-1)=0
Ge2NbTe2I3,Ge,Nb,Te,I,Ge2SbTe2I3.cif,2*B(+2)+C(+3)+2*Ch(-2)+3*X(-1)=0
Ge2MoS2F3,Ge,Mo,S,F,Ge2SbS2Cl3.cif,2*B(+2)+C(+3)+2*Ch(-2)+3*X(-1)=0
Ge2MoS2Cl3,Ge,Mo,S,Cl,Ge2SbS2Cl3.cif,2*B(+2)+C(+3)+2*Ch(-2)+3*X(-1)=0
Ge2MoS2Br3,Ge,Mo,S,Br,Ge2SbS2Br3.cif,2*B(+2)+C(+3)+2*Ch(-2)+3*X(-1)=0
Ge2MoS2I3,Ge,Mo,S,I,Ge2SbS2I3.cif,2*B(+2)+C(+3)+2*Ch(-2)+3*X(-1)=0
Ge2MoSe2F3,Ge,Mo,Se,F,Ge2SbSe2Cl3.cif,2*B(+2)+C(+3)+2*Ch(-2)+3*X(-1)=0
Ge2MoSe2Cl3,Ge,Mo,Se,Cl,Ge2SbSe2Cl3.cif,2*B(+2)+C(+3)+2*Ch(-2)+3*X(-1)=0
Ge2MoSe2Br3,Ge,Mo,Se,Br,Ge2SbSe2Br3.cif,2*B(+2)+C(+3)+2*Ch(-2)+3*X(-1)=0
Ge2MoSe2I3,Ge,Mo,Se,I,Ge2SbSe2I3.cif,2*B(+2)+C(+3)+2*Ch(-2)+3*X(-1)=0
Ge2MoTe2F3,Ge,Mo,Te,F,Ge2SbTe2Cl3.cif,2*B(+2)+C(+3)+2*Ch(-2)+3*X(-1)=0
Ge2MoTe2Cl3,Ge,Mo,Te,Cl,Ge2SbTe2Cl3.cif,2*B(+2)+C(+3)+2*Ch(-2)+3*X(-1)=0
Ge2MoTe2Br3,Ge,Mo,Te,Br,Ge2SbTe2Br3.cif,2*B(+2)+C(+3)+2*Ch(-2)+3*X(-1)=0
Ge2MoTe2I3,Ge,Mo,Te,I,Ge2SbTe2I3.cif,2*B(+2)+C(+3)+2*Ch(-2)+3*X(-1)=0
Ge2ZrS2F3,Ge,Zr,S,F,Ge2SbS2Cl3.cif,2*B(+2)+C(+3)+2*Ch(-2)+3*X(-1)=0
Ge2ZrS2Cl3,Ge,Zr,S,Cl,Ge2SbS2Cl3.cif,2*B(+2)+C(+3)+2*Ch(-2)+3*X(-1)=0
Ge2ZrS2Br3,Ge,Zr,S,Br,Ge2SbS2Br3.cif,2*B(+2)+C(+3)+2*Ch(-2)+3*X(-1)=0
Ge2ZrS2I3,Ge,Zr,S,I,Ge2SbS2I3.cif,2*B(+2)+C(+3)+2*Ch(-2)+3*X(-1)=0
Ge2ZrSe2F3,Ge,Zr,Se,F,Ge2SbSe2Cl3.cif,2*B(+2)+C(+3)+2*Ch(-2)+3*X(-1)=0
Ge2ZrSe2Cl3,Ge,Zr,Se,Cl,Ge2SbSe2Cl3.cif,2*B(+2)+C(+3)+2*Ch(-2)+3*X(-1)=0
Ge2ZrSe2Br3,Ge,Zr,Se,Br,Ge2SbSe2Br3.cif,2*B(+2)+C(+3)+2*Ch(-2)+3*X(-1)=0
Ge2ZrSe2I3,Ge,Zr,Se,I,Ge2SbSe2I3.cif,2*B(+2)+C(+3)+2*Ch(-2)+3*X(-1)=0
Ge2ZrTe2F3,Ge,Zr,Te,F,Ge2SbTe2Cl3.cif,2*B(+2)+C(+3)+2*Ch(-2)+3*X(-1)=0
Ge2ZrTe2Cl3,Ge,Zr,Te,Cl,Ge2SbTe2Cl3.cif,2*B(+2)+C(+3)+2*Ch(-2)+3*X(-1)=0
Ge2ZrTe2Br3,Ge,Zr,Te,Br,Ge2SbTe2Br3.cif,2*B(+2)+C(+3)+2*Ch(-2)+3*X(-1)=0
Ge2ZrTe2I3,Ge,Zr,Te,I,Ge2SbTe2I3.cif,2*B(+2)+C(+3)+2*Ch(-2)+3*X(-1)=0
Ge2HfS2F3,Ge,Hf,S,F,Ge2SbS2Cl3.cif,2*B(+2)+C(+3)+2*Ch(-2)+3*X(-1)=0
Ge2HfS2Cl3,Ge,Hf,S,Cl,Ge2SbS2Cl3.cif,2*B(+2)+C(+3)+2*Ch(-2)+3*X(-1)=0
Ge2HfS2Br3,Ge,Hf,S,Br,Ge2SbS2Br3.cif,2*B(+2)+C(+3)+2*Ch(-2)+3*X(-1)=0
Ge2HfS2I3,Ge,Hf,S,I,Ge2SbS2I3.cif,2*B(+2)+C(+3)+2*Ch(-2)+3*X(-1)=0
Ge2HfSe2F3,Ge,Hf,Se,F,Ge2SbSe2Cl3.cif,2*B(+2)+C(+3)+2*Ch(-2)+3*X(-1)=0
Ge2HfSe2Cl3,Ge,Hf,Se,Cl,Ge2SbSe2Cl3.cif,2*B(+2)+C(+3)+2*Ch(-2)+3*X(-1)=0
Ge2HfSe2Br3,Ge,Hf,Se,Br,Ge2SbSe2Br3.cif,2*B(+2)+C(+3)+2*Ch(-2)+3*X(-1)=0
Ge2HfSe2I3,Ge,Hf,Se,I,Ge2SbSe2I3.cif,2*B(+2)+C(+3)+2*Ch(-2)+3*X(-1)=0
Ge2HfTe2F3,Ge,Hf,Te,F,Ge2SbTe2Cl3.cif,2*B(+2)+C(+3)+2*Ch(-2)+3*X(-1)=0
Ge2HfTe2Cl3,Ge,Hf,Te,Cl,Ge2SbTe2Cl3.cif,2*B(+2)+C(+3)+2*Ch(-2)+3*X(-1)=0
Ge2HfTe2Br3,Ge,Hf,Te,Br,Ge2SbTe2Br3.cif,2*B(+2)+C(+3)+2*Ch(-2)+3*X(-1)=0
Ge2HfTe2I3,Ge,Hf,Te,I,Ge2SbTe2I3.cif,2*B(+2)+C(+3)+2*Ch(-2)+3*X(-1)=0
Ge2TaS2F3,Ge,Ta,S,F,Ge2SbS2Cl3.cif,2*B(+2)+C(+3)+2*Ch(-2)+3*X(-1)=0
Ge2TaS2Cl3,Ge,Ta,S,Cl,Ge2SbS2Cl3.cif,2*B(+2)+C(+3)+2*Ch(-2)+3*X(-1)=0
Ge2TaS2Br3,Ge,Ta,S,Br,Ge2SbS2Br3.cif,2*B(+2)+C(+3)+2*Ch(-2)+3*X(-1)=0
Ge2TaS2I3,Ge,Ta,S,I,Ge2SbS2I3.cif,2*B(+2)+C(+3)+2*Ch(-2)+3*X(-1)=0
Ge2TaSe2F3,Ge,Ta,Se,F,Ge2SbSe2Cl3.cif,2*B(+2)+C(+3)+2*Ch(-2)+3*X(-1)=0
Ge2TaSe2Cl3,Ge,Ta,Se,Cl,Ge2SbSe2Cl3.cif,2*B(+2)+C(+3)+2*Ch(-2)+3*X(-1)=0
Ge2TaSe2Br3,Ge,Ta,Se,Br,Ge2SbSe2Br3.cif,2*B(+2)+C(+3)+2*Ch(-2)+3*X(-1)=0
Ge2TaSe2I3,Ge,Ta,Se,I,Ge2SbSe2I3.cif,2*B(+2)+C(+3)+2*Ch(-2)+3*X(-1)=0
Ge2TaTe2F3,Ge,Ta,Te,F,Ge2SbTe2Cl3.cif,2*B(+2)+C(+3)+2*Ch(-2)+3*X(-1)=0
Ge2TaTe2Cl3,Ge,Ta,Te,Cl,Ge2SbTe2Cl3.cif,2*B(+2)+C(+3)+2*Ch(-2)+3*X(-1)=0
Ge2TaTe2Br3,Ge,Ta,Te,Br,Ge2SbTe2Br3.cif,2*B(+2)+C(+3)+2*Ch(-2)+3*X(-1)=0
Ge2TaTe2I3,Ge,Ta,Te,I,Ge2SbTe2I3.cif,2*B(+2)+C(+3)+2*Ch(-2)+3*X(-1)=0
Ge2WS2F3,Ge,W,S,F,Ge2SbS2Cl3.cif,2*B(+2)+C(+3)+2*Ch(-2)+3*X(-1)=0
Ge2WS2Cl3,Ge,W,S,Cl,Ge2SbS2Cl3.cif,2*B(+2)+C(+3)+2*Ch(-2)+3*X(-1)=0
Ge2WS2Br3,Ge,W,S,Br,Ge2SbS2Br3.cif,2*B(+2)+C(+3)+2*Ch(-2)+3*X(-1)=0
Ge2WS2I3,Ge,W,S,I,Ge2SbS2I3.cif,2*B(+2)+C(+3)+2*Ch(-2)+3*X(-1)=0
Ge2WSe2F3,Ge,W,Se,F,Ge2SbSe2Cl3.cif,2*B(+2)+C(+3)+2*Ch(-2)+3*X(-1)=0
Ge2WSe2Cl3,Ge,W,Se,Cl,Ge2SbSe2Cl3.cif,2*B(+2)+C(+3)+2*Ch(-2)+3*X(-1)=0
Ge2WSe2Br3,Ge,W,Se,Br,Ge2SbSe2Br3.cif,2*B(+2)+C(+3)+2*Ch(-2)+3*X(-1)=0
Ge2WSe2I3,Ge,W,Se,I,Ge2SbSe2I3.cif,2*B(+2)+C(+3)+2*Ch(-2)+3*X(-1)=0
Ge2WTe2F3,Ge,W,Te,F,Ge2SbTe2Cl3.cif,2*B(+2)+C(+3)+2*Ch(-2)+3*X(-1)=0
Ge2WTe2Cl3,Ge,W,Te,Cl,Ge2SbTe2Cl3.cif,2*B(+2)+C(+3)+2*Ch(-2)+3*X(-1)=0
Ge2WTe2Br3,Ge,W,Te,Br,Ge2SbTe2Br3.cif,2*B(+2)+C(+3)+2*Ch(-2)+3*X(-1)=0
Ge2WTe2I3,Ge,W,Te,I,Ge2SbTe2I3.cif,2*B(+2)+C(+3)+2*Ch(-2)+3*X(-1)=0
Ge2FeS2F3,Ge,Fe,S,F,Ge2InS2Cl3.cif,2*B(+2)+C(+3)+2*Ch(-2)+3*X(-1)=0
Ge2FeS2Cl3,Ge,Fe,S,Cl,Ge2InS2Cl3.cif,2*B(+2)+C(+3)+2*Ch(-2)+3*X(-1)=0
Ge2FeS2Br3,Ge,Fe,S,Br,Ge2InS2Br3.cif,2*B(+2)+C(+3)+2*Ch(-2)+3*X(-1)=0
Ge2FeS2I3,Ge,Fe,S,I,Ge2InS2I3.cif,2*B(+2)+C(+3)+2*Ch(-2)+3*X(-1)=0
Ge2FeSe2F3,Ge,Fe,Se,F,Ge2InSe2Cl3.cif,2*B(+2)+C(+3)+2*Ch(-2)+3*X(-1)=0
Ge2FeSe2Cl3,Ge,Fe,Se,Cl,Ge2InSe2Cl3.cif,2*B(+2)+C(+3)+2*Ch(-2)+3*X(-1)=0
Ge2FeSe2Br3,Ge,Fe,Se,Br,Ge2InSe2Br3.cif,2*B(+2)+C(+3)+2*Ch(-2)+3*X(-1)=0
Ge2FeSe2I3,Ge,Fe,Se,I,Ge2InSe2I3.cif,2*B(+2)+C(+3)+2*Ch(-2)+3*X(-1)=0
Ge2FeTe2F3,Ge,Fe,Te,F,Ge2InTe2Cl3.cif,2*B(+2)+C(+3)+2*Ch(-2)+3*X(-1)=0
Ge2FeTe2Cl3,Ge,Fe,Te,Cl,Ge2InTe2Cl3.cif,2*B(+2)+C(+3)+2*Ch(-2)+3*X(-1)=0
Ge2FeTe2Br3,Ge,Fe,Te,Br,Ge2InTe2Br3.cif,2*B(+2)+C(+3)+2*Ch(-2)+3*X(-1)=0
Ge2FeTe2I3,Ge,Fe,Te,I,Ge2InTe2I3.cif,2*B(+2)+C(+3)+2*Ch(-2)+3*X(-1)=0
Ge2RuS2F3,Ge,Ru,S,F,Ge2SbS2Cl3.cif,2*B(+2)+C(+3)+2*Ch(-2)+3*X(-1)=0
Ge2RuS2Cl3,Ge,Ru,S,Cl,Ge2SbS2Cl3.cif,2*B(+2)+C(+3)+2*Ch(-2)+3*X(-1)=0
Ge2RuS2Br3,Ge,Ru,S,Br,Ge2SbS2Br3.cif,2*B(+2)+C(+3)+2*Ch(-2)+3*X(-1)=0
Ge2RuS2I3,Ge,Ru,S,I,Ge2SbS2I3.cif,2*B(+2)+C(+3)+2*Ch(-2)+3*X(-1)=0
Ge2RuSe2F3,Ge,Ru,Se,F,Ge2SbSe2Cl3.cif,2*B(+2)+C(+3)+2*Ch(-2)+3*X(-1)=0
Ge2RuSe2Cl3,Ge,Ru,Se,Cl,Ge2SbSe2Cl3.cif,2*B(+2)+C(+3)+2*Ch(-2)+3*X(-1)=0
Ge2RuSe2Br3,Ge,Ru,Se,Br,Ge2SbSe2Br3.cif,2*B(+2)+C(+3)+2*Ch(-2)+3*X(-1)=0
Ge2RuSe2I3,Ge,Ru,Se,I,Ge2SbSe2I3.cif,2*B(+2)+C(+3)+2*Ch(-2)+3*X(-1)=0
Ge2RuTe2F3,Ge,Ru,Te,F,Ge2SbTe2Cl3.cif,2*B(+2)+C(+3)+2*Ch(-2)+3*X(-1)=0
Ge2RuTe2Cl3,Ge,Ru,Te,Cl,Ge2SbTe2Cl3.cif,2*B(+2)+C(+3)+2*Ch(-2)+3*X(-1)=0
Ge2RuTe2Br3,Ge,Ru,Te,Br,Ge2SbTe2Br3.cif,2*B(+2)+C(+3)+2*Ch(-2)+3*X(-1)=0
Ge2RuTe2I3,Ge,Ru,Te,I,Ge2SbTe2I3.cif,2*B(+2)+C(+3)+2*Ch(-2)+3*X(-1)=0
Ge2RhS2F3,Ge,Rh,S,F,Ge2SbS2Cl3.cif,2*B(+2)+C(+3)+2*Ch(-2)+3*X(-1)=0
Ge2RhS2Cl3,Ge,Rh,S,Cl,Ge2SbS2Cl3.cif,2*B(+2)+C(+3)+2*Ch(-2)+3*X(-1)=0
Ge2RhS2Br3,Ge,Rh,S,Br,Ge2SbS2Br3.cif,2*B(+2)+C(+3)+2*Ch(-2)+3*X(-1)=0
Ge2RhS2I3,Ge,Rh,S,I,Ge2SbS2I3.cif,2*B(+2)+C(+3)+2*Ch(-2)+3*X(-1)=0
Ge2RhSe2F3,Ge,Rh,Se,F,Ge2SbSe2Cl3.cif,2*B(+2)+C(+3)+2*Ch(-2)+3*X(-1)=0
Ge2RhSe2Cl3,Ge,Rh,Se,Cl,Ge2SbSe2Cl3.cif,2*B(+2)+C(+3)+2*Ch(-2)+3*X(-1)=0
Ge2RhSe2Br3,Ge,Rh,Se,Br,Ge2SbSe2Br3.cif,2*B(+2)+C(+3)+2*Ch(-2)+3*X(-1)=0
Ge2RhSe2I3,Ge,Rh,Se,I,Ge2SbSe2I3.cif,2*B(+2)+C(+3)+2*Ch(-2)+3*X(-1)=0
Ge2RhTe2F3,Ge,Rh,Te,F,Ge2SbTe2Cl3.cif,2*B(+2)+C(+3)+2*Ch(-2)+3*X(-1)=0
Ge2RhTe2Cl3,Ge,Rh,Te,Cl,Ge2SbTe2Cl3.cif,2*B(+2)+C(+3)+2*Ch(-2)+3*X(-1)=0
Ge2RhTe2Br3,Ge,Rh,Te,Br,Ge2SbTe2Br3.cif,2*B(+2)+C(+3)+2*Ch(-2)+3*X(-1)=0
Ge2RhTe2I3,Ge,Rh,Te,I,Ge2SbTe2I3.cif,2*B(+2)+C(+3)+2*Ch(-2)+3*X(-1)=0
Ge2BiS2F3,Ge,Bi,S,F,Ge2BiS2Cl3.cif,2*B(+2)+C(+3)+2*Ch(-2)+3*X(-1)=0
Ge2BiS2Cl3,Ge,Bi,S,Cl,Ge2BiS2Cl3.cif,2*B(+2)+C(+3)+2*Ch(-2)+3*X(-1)=0
Ge2BiS2Br3,Ge,Bi,S,Br,Ge2BiS2Br3.cif,2*B(+2)+C(+3)+2*Ch(-2)+3*X(-1)=0
Ge2BiS2I3,Ge,Bi,S,I,Ge2BiS2I3.cif,2*B(+2)+C(+3)+2*Ch(-2)+3*X(-1)=0
Ge2BiSe2F3,Ge,Bi,Se,F,Ge2BiSe2Cl3.cif,2*B(+2)+C(+3)+2*Ch(-2)+3*X(-1)=0
Ge2BiSe2Cl3,Ge,Bi,Se,Cl,Ge2BiSe2Cl3.cif,2*B(+2)+C(+3)+2*Ch(-2)+3*X(-1)=0
Ge2BiSe2Br3,Ge,Bi,Se,Br,Ge2BiSe2Br3.cif,2*B(+2)+C(+3)+2*Ch(-2)+3*X(-1)=0
Ge2BiSe2I3,Ge,Bi,Se,I,Ge2BiSe2I3.cif,2*B(+2)+C(+3)+2*Ch(-2)+3*X(-1)=0
Ge2BiTe2F3,Ge,Bi,Te,F,Ge2BiTe2Cl3.cif,2*B(+2)+C(+3)+2*Ch(-2)+3*X(-1)=0
Ge2BiTe2Cl3,Ge,Bi,Te,Cl,Ge2BiTe2Cl3.cif,2*B(+2)+C(+3)+2*Ch(-2)+3*X(-1)=0
Ge2BiTe2Br3,Ge,Bi,Te,Br,Ge2BiTe2Br3.cif,2*B(+2)+C(+3)+2*Ch(-2)+3*X(-1)=0
Ge2BiTe2I3,Ge,Bi,Te,I,Ge2BiTe2I3.cif,2*B(+2)+C(+3)+2*Ch(-2)+3*X(-1)=0
Ge2SbS2F3,Ge,Sb,S,F,Ge2SbS2Cl3.cif,2*B(+2)+C(+3)+2*Ch(-2)+3*X(-1)=0
Ge2SbS2Cl3,Ge,Sb,S,Cl,Ge2SbS2Cl3.cif,2*B(+2)+C(+3)+2*Ch(-2)+3*X(-1)=0
Ge2SbS2Br3,Ge,Sb,S,Br,Ge2SbS2Br3.cif,2*B(+2)+C(+3)+2*Ch(-2)+3*X(-1)=0
Ge2SbS2I3,Ge,Sb,S,I,Ge2SbS2I3.cif,2*B(+2)+C(+3)+2*Ch(-2)+3*X(-1)=0
Ge2SbSe2F3,Ge,Sb,Se,F,Ge2SbSe2Cl3.cif,2*B(+2)+C(+3)+2*Ch(-2)+3*X(-1)=0
Ge2SbSe2Cl3,Ge,Sb,Se,Cl,Ge2SbSe2Cl3.cif,2*B(+2)+C(+3)+2*Ch(-2)+3*X(-1)=0
Ge2SbSe2Br3,Ge,Sb,Se,Br,Ge2SbSe2Br3.cif,2*B(+2)+C(+3)+2*Ch(-2)+3*X(-1)=0
Ge2SbSe2I3,Ge,Sb,Se,I,Ge2SbSe2I3.cif,2*B(+2)+C(+3)+2*Ch(-2)+3*X(-1)=0
Ge2SbTe2F3,Ge,Sb,Te,F,Ge2SbTe2Cl3.cif,2*B(+2)+C(+3)+2*Ch(-2)+3*X(-1)=0
Ge2SbTe2Cl3,Ge,Sb,Te,Cl,Ge2SbTe2Cl3.cif,2*B(+2)+C(+3)+2*Ch(-2)+3*X(-1)=0
Ge2SbTe2Br3,Ge,Sb,Te,Br,Ge2SbTe2Br3.cif,2*B(+2)+C(+3)+2*Ch(-2)+3*X(-1)=0
Ge2SbTe2I3,Ge,Sb,Te,I,Ge2SbTe2I3.cif,2*B(+2)+C(+3)+2*Ch(-2)+3*X(-1)=0
