formula,final_file,excluded_file,training_occurrences,training_files
AgBi2S3Cl,AgBi2S3Cl.cif,PROJECT_ROOT/Data/predict_final_main6_excluded_training_overlap/AgBi2S3Cl.cif,1,mp-558368.cif
AgBi2Se3Cl,AgBi2Se3Cl.cif,PROJECT_ROOT/Data/predict_final_main6_excluded_training_overlap/AgBi2Se3Cl.cif,1,mp-569939.cif
AgBiSCl2,AgBiSCl2.cif,PROJECT_ROOT/Data/predict_final_main6_excluded_training_overlap/AgBiSCl2.cif,1,mp-556094.cif
BaAgSF,BaAgSF.cif,PROJECT_ROOT/Data/predict_final_main6_excluded_training_overlap/BaAgSF.cif,1,mp-1086652.cif
BaAgSeF,BaAgSeF.cif,PROJECT_ROOT/Data/predict_final_main6_excluded_training_overlap/BaAgSeF.cif,1,mp-1079647.cif
BaAgTeF,BaAgTeF.cif,PROJECT_ROOT/Data/predict_final_main6_excluded_training_overlap/BaAgTeF.cif,1,mp-16742.cif
BaCuSF,BaCuSF.cif,PROJECT_ROOT/Data/predict_final_main6_excluded_training_overlap/BaCuSF.cif,1,mp-1080650.cif
BaCuSeF,BaCuSeF.cif,PROJECT_ROOT/Data/predict_final_main6_excluded_training_overlap/BaCuSeF.cif,1,mp-9195.cif
BaCuTeF,BaCuTeF.cif,PROJECT_ROOT/Data/predict_final_main6_excluded_training_overlap/BaCuTeF.cif,1,mp-13287.cif
BaSbSe2F,BaSbSe2F.cif,PROJECT_ROOT/Data/predict_final_main6_excluded_training_overlap/BaSbSe2F.cif,1,mp-558946.cif
BiSBr,BiSBr.cif,PROJECT_ROOT/Data/predict_final_main6_excluded_training_overlap/BiSBr.cif,1,mp-23324.cif
BiSCl,BiSCl.cif,PROJECT_ROOT/Data/predict_final_main6_excluded_training_overlap/BiSCl.cif,1,mp-23318.cif
BiSI,BiSI.cif,PROJECT_ROOT/Data/predict_final_main6_excluded_training_overlap/BiSI.cif,1,mp-23514.cif
BiSeBr,BiSeBr.cif,PROJECT_ROOT/Data/predict_final_main6_excluded_training_overlap/BiSeBr.cif,1,mp-569707.cif
BiSeCl,BiSeCl.cif,PROJECT_ROOT/Data/predict_final_main6_excluded_training_overlap/BiSeCl.cif,1,mp-610491.cif
BiSeI,BiSeI.cif,PROJECT_ROOT/Data/predict_final_main6_excluded_training_overlap/BiSeI.cif,1,mp-23020.cif
BiTeBr,BiTeBr.cif,PROJECT_ROOT/Data/predict_final_main6_excluded_training_overlap/BiTeBr.cif,1,mp-33723.cif
BiTeCl,BiTeCl.cif,PROJECT_ROOT/Data/predict_final_main6_excluded_training_overlap/BiTeCl.cif,1,mp-28944.cif
BiTeI,BiTeI.cif,PROJECT_ROOT/Data/predict_final_main6_excluded_training_overlap/BiTeI.cif,1,mp-22965.cif
CsSbSI2,CsSbSI2.cif,PROJECT_ROOT/Data/predict_final_main6_excluded_training_overlap/CsSbSI2.cif,7,mp-2646919.cif;mp-2646926.cif;mp-2646928.cif;mp-2646936.cif;mp-2646986.cif;mp-2647049.cif;mp-2647159.cif
CuBiSCl2,CuBiSCl2.cif,PROJECT_ROOT/Data/predict_final_main6_excluded_training_overlap/CuBiSCl2.cif,1,mp-554238.cif
FeBiS2Br,FeBiS2Br.cif,PROJECT_ROOT/Data/predict_final_main6_excluded_training_overlap/FeBiS2Br.cif,1,mp-1078379.cif
GaSeCl,GaSeCl.cif,PROJECT_ROOT/Data/predict_final_main6_excluded_training_overlap/GaSeCl.cif,1,mp-1120728.cif
GaTeCl,GaTeCl.cif,PROJECT_ROOT/Data/predict_final_main6_excluded_training_overlap/GaTeCl.cif,1,mp-27449.cif
In2AgS3Br,In2AgS3Br.cif,PROJECT_ROOT/Data/predict_final_main6_excluded_training_overlap/In2AgS3Br.cif,1,mp-1224043.cif
In2AgS3Cl,In2AgS3Cl.cif,PROJECT_ROOT/Data/predict_final_main6_excluded_training_overlap/In2AgS3Cl.cif,1,mp-1224076.cif
In2AgSe3Br,In2AgSe3Br.cif,PROJECT_ROOT/Data/predict_final_main6_excluded_training_overlap/In2AgSe3Br.cif,1,mp-1223994.cif
In2AgSe3Cl,In2AgSe3Cl.cif,PROJECT_ROOT/Data/predict_final_main6_excluded_training_overlap/In2AgSe3Cl.cif,1,mp-1223776.cif
In2AgSe3I,In2AgSe3I.cif,PROJECT_ROOT/Data/predict_final_main6_excluded_training_overlap/In2AgSe3I.cif,1,mp-1224031.cif
In2AgTe3Br,In2AgTe3Br.cif,PROJECT_ROOT/Data/predict_final_main6_excluded_training_overlap/In2AgTe3Br.cif,1,mp-1223756.cif
In2AgTe3Cl,In2AgTe3Cl.cif,PROJECT_ROOT/Data/predict_final_main6_excluded_training_overlap/In2AgTe3Cl.cif,1,mp-1223758.cif
In2AgTe3I,In2AgTe3I.cif,PROJECT_ROOT/Data/predict_final_main6_excluded_training_overlap/In2AgTe3I.cif,1,mp-1223909.cif
In2CuSe3Br,In2CuSe3Br.cif,PROJECT_ROOT/Data/predict_final_main6_excluded_training_overlap/In2CuSe3Br.cif,1,mp-1224081.cif
In2CuSe3I,In2CuSe3I.cif,PROJECT_ROOT/Data/predict_final_main6_excluded_training_overlap/In2CuSe3I.cif,1,mp-1224181.cif
In2CuTe3Br,In2CuTe3Br.cif,PROJECT_ROOT/Data/predict_final_main6_excluded_training_overlap/In2CuTe3Br.cif,2,mp-1224103.cif;mp-1403285.cif
In2CuTe3Cl,In2CuTe3Cl.cif,PROJECT_ROOT/Data/predict_final_main6_excluded_training_overlap/In2CuTe3Cl.cif,1,mp-1224202.cif
In2CuTe3I,In2CuTe3I.cif,PROJECT_ROOT/Data/predict_final_main6_excluded_training_overlap/In2CuTe3I.cif,1,mp-1224032.cif
InSeI,InSeI.cif,PROJECT_ROOT/Data/predict_final_main6_excluded_training_overlap/InSeI.cif,1,mp-505357.cif
InTeBr,InTeBr.cif,PROJECT_ROOT/Data/predict_final_main6_excluded_training_overlap/InTeBr.cif,1,mp-29236.cif
InTeCl,InTeCl.cif,PROJECT_ROOT/Data/predict_final_main6_excluded_training_overlap/InTeCl.cif,1,mp-504630.cif
InTeI,InTeI.cif,PROJECT_ROOT/Data/predict_final_main6_excluded_training_overlap/InTeI.cif,1,mp-29234.cif
LaSBr,LaSBr.cif,PROJECT_ROOT/Data/predict_final_main6_excluded_training_overlap/LaSBr.cif,1,mp-1211452.cif
LaSCl,LaSCl.cif,PROJECT_ROOT/Data/predict_final_main6_excluded_training_overlap/LaSCl.cif,1,mp-772534.cif
LaSF,LaSF.cif,PROJECT_ROOT/Data/predict_final_main6_excluded_training_overlap/LaSF.cif,1,mp-5394.cif
LaSI,LaSI.cif,PROJECT_ROOT/Data/predict_final_main6_excluded_training_overlap/LaSI.cif,1,mp-1211464.cif
LaSeCl,LaSeCl.cif,PROJECT_ROOT/Data/predict_final_main6_excluded_training_overlap/LaSeCl.cif,1,mp-1102246.cif
LaSeF,LaSeF.cif,PROJECT_ROOT/Data/predict_final_main6_excluded_training_overlap/LaSeF.cif,1,mp-7738.cif
LaTeCl,LaTeCl.cif,PROJECT_ROOT/Data/predict_final_main6_excluded_training_overlap/LaTeCl.cif,2,mp-1018752.cif;mp-1103189.cif
LuSBr,LuSBr.cif,PROJECT_ROOT/Data/predict_final_main6_excluded_training_overlap/LuSBr.cif,2,mp-27246.cif;mp-560054.cif
LuSF,LuSF.cif,PROJECT_ROOT/Data/predict_final_main6_excluded_training_overlap/LuSF.cif,1,mp-555850.cif
LuSI,LuSI.cif,PROJECT_ROOT/Data/predict_final_main6_excluded_training_overlap/LuSI.cif,1,mp-1210823.cif
LuSeF,LuSeF.cif,PROJECT_ROOT/Data/predict_final_main6_excluded_training_overlap/LuSeF.cif,1,mp-1210620.cif
LuSeI,LuSeI.cif,PROJECT_ROOT/Data/predict_final_main6_excluded_training_overlap/LuSeI.cif,1,mp-1206671.cif
MnBiS2Br,MnBiS2Br.cif,PROJECT_ROOT/Data/predict_final_main6_excluded_training_overlap/MnBiS2Br.cif,1,mp-557805.cif
MnBiS2Cl,MnBiS2Cl.cif,PROJECT_ROOT/Data/predict_final_main6_excluded_training_overlap/MnBiS2Cl.cif,1,mp-558130.cif
MnBiSe2I,MnBiSe2I.cif,PROJECT_ROOT/Data/predict_final_main6_excluded_training_overlap/MnBiSe2I.cif,1,mp-569109.cif
MnSbS2Br,MnSbS2Br.cif,PROJECT_ROOT/Data/predict_final_main6_excluded_training_overlap/MnSbS2Br.cif,1,mp-554061.cif
MnSbS2Cl,MnSbS2Cl.cif,PROJECT_ROOT/Data/predict_final_main6_excluded_training_overlap/MnSbS2Cl.cif,1,mp-555844.cif
MnSbSe2Br,MnSbSe2Br.cif,PROJECT_ROOT/Data/predict_final_main6_excluded_training_overlap/MnSbSe2Br.cif,3,mp-567478.cif;mp-639335.cif;mp-655834.cif
MnSbSe2I,MnSbSe2I.cif,PROJECT_ROOT/Data/predict_final_main6_excluded_training_overlap/MnSbSe2I.cif,1,mp-570268.cif
MoSBr,MoSBr.cif,PROJECT_ROOT/Data/predict_final_main6_excluded_training_overlap/MoSBr.cif,1,mp-554769.cif
MoSCl,MoSCl.cif,PROJECT_ROOT/Data/predict_final_main6_excluded_training_overlap/MoSCl.cif,1,mp-1210546.cif
MoSI,MoSI.cif,PROJECT_ROOT/Data/predict_final_main6_excluded_training_overlap/MoSI.cif,1,mp-1210554.cif
NaCuSI,NaCuSI.cif,PROJECT_ROOT/Data/predict_final_main6_excluded_training_overlap/NaCuSI.cif,1,mp-1147584.cif
NbSBr,NbSBr.cif,PROJECT_ROOT/Data/predict_final_main6_excluded_training_overlap/NbSBr.cif,1,mp-1209893.cif
NbSI,NbSI.cif,PROJECT_ROOT/Data/predict_final_main6_excluded_training_overlap/NbSI.cif,2,mp-1209965.cif;mp-2762805.cif
NbSeBr,NbSeBr.cif,PROJECT_ROOT/Data/predict_final_main6_excluded_training_overlap/NbSeBr.cif,1,mp-1209865.cif
NbSeI,NbSeI.cif,PROJECT_ROOT/Data/predict_final_main6_excluded_training_overlap/NbSeI.cif,3,mp-2012385.cif;mp-23051.cif;mp-2355707.cif
SbSBr,SbSBr.cif,PROJECT_ROOT/Data/predict_final_main6_excluded_training_overlap/SbSBr.cif,2,mp-1103194.cif;mp-22971.cif
SbSI,SbSI.cif,PROJECT_ROOT/Data/predict_final_main6_excluded_training_overlap/SbSI.cif,4,mp-1095595.cif;mp-23007.cif;mp-23041.cif;mp-973217.cif
SbSeBr,SbSeBr.cif,PROJECT_ROOT/Data/predict_final_main6_excluded_training_overlap/SbSeBr.cif,1,mp-1209072.cif
SbSeI,SbSeI.cif,PROJECT_ROOT/Data/predict_final_main6_excluded_training_overlap/SbSeI.cif,1,mp-22996.cif
SbTeI,SbTeI.cif,PROJECT_ROOT/Data/predict_final_main6_excluded_training_overlap/SbTeI.cif,1,mp-28051.cif
Sn2SbS2I3,Sn2SbS2I3.cif,PROJECT_ROOT/Data/predict_final_main6_excluded_training_overlap/Sn2SbS2I3.cif,2,mp-1219046.cif;mp-561134.cif
Sn2SbSe2I3,Sn2SbSe2I3.cif,PROJECT_ROOT/Data/predict_final_main6_excluded_training_overlap/Sn2SbSe2I3.cif,1,mp-1219043.cif
SrAgSF,SrAgSF.cif,PROJECT_ROOT/Data/predict_final_main6_excluded_training_overlap/SrAgSF.cif,1,mp-1078562.cif
SrAgTeF,SrAgTeF.cif,PROJECT_ROOT/Data/predict_final_main6_excluded_training_overlap/SrAgTeF.cif,1,mp-1080438.cif
SrBiS2F,SrBiS2F.cif,PROJECT_ROOT/Data/predict_final_main6_excluded_training_overlap/SrBiS2F.cif,1,mp-1078631.cif
SrCuSF,SrCuSF.cif,PROJECT_ROOT/Data/predict_final_main6_excluded_training_overlap/SrCuSF.cif,1,mp-12444.cif
SrCuSeF,SrCuSeF.cif,PROJECT_ROOT/Data/predict_final_main6_excluded_training_overlap/SrCuSeF.cif,1,mp-21228.cif
SrCuTeF,SrCuTeF.cif,PROJECT_ROOT/Data/predict_final_main6_excluded_training_overlap/SrCuTeF.cif,1,mp-1091416.cif
SrSbSe2F,SrSbSe2F.cif,PROJECT_ROOT/Data/predict_final_main6_excluded_training_overlap/SrSbSe2F.cif,1,mp-556194.cif
TeRhCl,TeRhCl.cif,PROJECT_ROOT/Data/predict_final_main6_excluded_training_overlap/TeRhCl.cif,1,mp-22945.cif
TiSCl,TiSCl.cif,PROJECT_ROOT/Data/predict_final_main6_excluded_training_overlap/TiSCl.cif,1,mp-1013900.cif
TiSF,TiSF.cif,PROJECT_ROOT/Data/predict_final_main6_excluded_training_overlap/TiSF.cif,1,mp-1013939.cif
YSF,YSF.cif,PROJECT_ROOT/Data/predict_final_main6_excluded_training_overlap/YSF.cif,2,mp-10086.cif;mp-3632.cif
YSI,YSI.cif,PROJECT_ROOT/Data/predict_final_main6_excluded_training_overlap/YSI.cif,1,mp-1207611.cif
YSeBr,YSeBr.cif,PROJECT_ROOT/Data/predict_final_main6_excluded_training_overlap/YSeBr.cif,1,mp-1100439.cif
YSeCl,YSeCl.cif,PROJECT_ROOT/Data/predict_final_main6_excluded_training_overlap/YSeCl.cif,1,mp-962058.cif
YSeF,YSeF.cif,PROJECT_ROOT/Data/predict_final_main6_excluded_training_overlap/YSeF.cif,3,mp-1187888.cif;mp-556111.cif;mp-696195.cif
