pattern,schema,charge_rule,training_support,selected_for_current_generation,coverage_plan,theoretical_whitelist_formulas,generated_new_cifs,current_relaxed_cifs,already_existing_or_skipped,examples,current_available_unique_cifs_all_sources,predict_final_cifs,note
C1_Ch1_X1,C Ch X,"1*C(+3) + 1*Ch(-2) + 1*X(-1) = 0; |+|=3, |-|=3",59,No,Type2 base grid,240,0,0,,YSF;TiSCl;TiSF;LaTeCl;SbSI;YSeBr;LaSeCl;LaTeCl,240,240,"base grid counted in predict_final/type3 dirs, not in training-template generated_new_cifs"
A1C2_Ch3_X1,A C2 Ch3 X,"1*A(+1) + 2*C(+3) + 3*Ch(-2) + 1*X(-1) = 0; |+|=7, |-|=7",16,Yes,training-template supplement,1920,1899,226,21,In2AgTe3Br;In2AgTe3Cl;In2AgSe3Cl;In2AgTe3I;In2AgSe3Br;In2AgSe3I;In2CuTe3I;In2AgS3Br,1920,21,
A3_Ch1_X1,A3 Ch X,"3*A(+1) + 1*Ch(-2) + 1*X(-1) = 0; |+|=3, |-|=3",14,Yes,training-template supplement,96,75,14,21,Ag3SBr;Ag3SI;K3SI;Ag3SBr;Ag3SI;K3SI;Ag3SBr;Ag3SI,96,21,
B1C1_Ch2_X1,B C Ch2 X,"1*B(+2) + 1*C(+3) + 2*Ch(-2) + 1*X(-1) = 0; |+|=5, |-|=5",13,Yes,training-template supplement,3360,3299,266,61,FeBiS2Br;SrBiS2F;MnSbS2Br;MnSbS2Cl;SrSbSe2F;MnBiS2Br;MnBiS2Cl;BaSbSe2F,3348,61,
A1B1_Ch1_X1,A B Ch X,"1*A(+1) + 1*B(+2) + 1*Ch(-2) + 1*X(-1) = 0; |+|=3, |-|=3",12,Yes,training-template supplement,1344,1296,168,48,SrAgSF;BaAgSeF;SrAgTeF;BaCuSF;BaAgSF;SrCuTeF;NaCuSI;SrCuSF,1332,48,
A1C1_Ch1_X2,A C Ch X2,"1*A(+1) + 1*C(+3) + 1*Ch(-2) + 2*X(-1) = 0; |+|=4, |-|=4",9,No,Type1 base grid,1920,0,0,,CsSbSI2;CsSbSI2;CsSbSI2;CsSbSI2;CsSbSI2;CsSbSI2;CsSbSI2;CuBiSCl2,1920,1920,"base grid counted in predict_final/type3 dirs, not in training-template generated_new_cifs"
C3_Ch1_X7,C3 Ch X7,"3*C(+3) + 1*Ch(-2) + 7*X(-1) = 0; |+|=9, |-|=9",8,Yes,training-template supplement,240,232,24,8,Nb3TeCl7;Nb3SBr7;Ta3SeI7;Ta3TeI7;Nb3TeI7;Ta3SBr7;Nb3SI7;Nb3TeI7,240,8,
B1B2_Ch2_X2,B B2 Ch2 X2,"1*B(+2) + 2*B(+2) + 2*Ch(-2) + 2*X(-1) = 0; |+|=6, |-|=6",7,Yes,training-template supplement,2184,2152,203,32,Ca2Cu(SCl)2;Ba2Cu(SBr)2;Ba2Cu(SBr)2;Sr2Cu(SCl)2;Ba2Cu(SCl)2;Sr2Cu(SCl)2;Ba2Cu(SCl)2,2184,32,
C1C2_Ch4_X1,C C2 Ch4 X,"1*C(+3) + 2*C(+3) + 4*Ch(-2) + 1*X(-1) = 0; |+|=9, |-|=9",7,Yes,training-template supplement,4560,4531,390,29,In2BiSe4I;InBi2S4Br;InSb2S4Cl;InBi2S4Cl;InSb2S4Br;InSb2Se4Br;InBi2Se4Br,4560,29,
B3C1_Ch4_X1,B3 C Ch4 X,"3*B(+2) + 1*C(+3) + 4*Ch(-2) + 1*X(-1) = 0; |+|=9, |-|=9",6,Yes,training-template supplement,3360,3330,343,30,Ba3InSe4Cl;Ba3FeS4Br;Ba3GaS4Cl;Ba3GaS4Br;Ba3GaSe4Cl;Ba3InS4Cl,3348,30,
A1C6C7_Ch8_X24,A C6 C7 Ch8 X24,"1*A(+1) + 6*C(+3) + 7*C(+3) + 8*Ch(-2) + 24*X(-1) = 0; |+|=40, |-|=40",5,No,not expanded,36480,0,0,,NaGa6Sb7(TeCl3)8;Ga6CuSb7(TeCl3)8;NaAl6Sb7(TeCl3)8;NaAl6Sb7(TeCl3)8;Ga6AgSb7(TeCl3)8,44,44,
A1B2_Ch2_X1,A B2 Ch2 X,"1*A(+1) + 2*B(+2) + 2*Ch(-2) + 1*X(-1) = 0; |+|=5, |-|=5",4,Yes,training-template supplement,1344,1312,132,32,Sr2CuS2F;Ba2CuSe2F;Ba2AgTe2F;Ba2CuTe2F,1332,32,
B4_Ch1_X6,B4 Ch X6,"4*B(+2) + 1*Ch(-2) + 6*X(-1) = 0; |+|=8, |-|=8",4,Yes,training-template supplement,168,158,24,10,Sn4SF6;Sn4SF6;Sn4SF6;Sn4SI6,168,10,
A1B3C5_Ch10_X2,A B3 C5 Ch10 X2,"1*A(+1) + 3*B(+2) + 5*C(+3) + 10*Ch(-2) + 2*X(-1) = 0; |+|=22, |-|=22",3,No,not expanded,26880,0,0,,RbBa3Ga5(Se5Cl)2;KBa3Ga5(Se5Cl)2;CsBa3Ga5(Se5Cl)2,33,33,
A5_Ch2_X1,A5 Ch2 X,"5*A(+1) + 2*Ch(-2) + 1*X(-1) = 0; |+|=5, |-|=5",3,No,not expanded,96,0,0,,Ag5Te2Br;Ag5Te2Cl;Ag5Te2Cl,10,10,
B1B4C2_Ch6_X4,B B4 C2 Ch6 X4,"1*B(+2) + 4*B(+2) + 2*C(+3) + 6*Ch(-2) + 4*X(-1) = 0; |+|=16, |-|=16",3,No,not expanded,43680,0,0,,Ba4MnGa2(S3F2)2;Ba4MnIn2(S3F2)2;Ba4Ga2Fe(S3F2)2,33,33,
B2C1_Ch2_X3,B2 C Ch2 X3,"2*B(+2) + 1*C(+3) + 2*Ch(-2) + 3*X(-1) = 0; |+|=7, |-|=7",3,No,Type3 base grid,3360,0,0,,Sn2SbSe2I3;Sn2SbS2I3;Sn2SbS2I3,1811,32,"base grid counted in predict_final/type3 dirs, not in training-template generated_new_cifs"
C1C1_Ch1_X4,C C Ch X4,"1*C(+3) + 1*C(+3) + 1*Ch(-2) + 4*X(-1) = 0; |+|=6, |-|=6",3,No,not expanded,2280,0,0,,AlBiSCl4;AlBiTeCl4;AlBiSeCl4,9,9,
C3_Ch4_X1,C3 Ch4 X,"3*C(+3) + 4*Ch(-2) + 1*X(-1) = 0; |+|=9, |-|=9",3,No,not expanded,240,0,0,,La3Te4Br;La3Se4Cl;Bi3Se4Br,21,21,
A2C2C2_Ch3_X8,A2 C2 C2 Ch3 X8,"2*A(+1) + 2*C(+3) + 2*C(+3) + 3*Ch(-2) + 8*X(-1) = 0; |+|=14, |-|=14",2,No,not expanded,18240,0,0,,Al2Ag2Bi2S3Cl8;Al2Cu2Bi2S3Cl8,22,22,
A3C2_Ch4_X1,A3 C2 Ch4 X,"3*A(+1) + 2*C(+3) + 4*Ch(-2) + 1*X(-1) = 0; |+|=9, |-|=9",2,No,not expanded,1920,0,0,,Cu3Bi2S4Br;Cu3Bi2S4Cl,10,10,
B5_Ch4_X2,B5 Ch4 X2,"5*B(+2) + 4*Ch(-2) + 2*X(-1) = 0; |+|=10, |-|=10",2,No,not expanded,168,0,0,,Sn5(S2Cl)2;Sn5(S2Cl)2,11,11,
C19_Ch27_X3,C19 Ch27 X3,"19*C(+3) + 27*Ch(-2) + 3*X(-1) = 0; |+|=57, |-|=57",2,No,not expanded,240,0,0,,Bi19(S9I)3;Bi19(S9Br)3,10,10,
C7C8_Ch8_X29,C7 C8 Ch8 X29,"7*C(+3) + 8*C(+3) + 8*Ch(-2) + 29*X(-1) = 0; |+|=45, |-|=45",2,No,not expanded,4560,0,0,,Ga8Sb7Te8Cl29;Ga8Sb7Se8Cl29,10,10,
A2C2_Ch3_X2,A2 C2 Ch3 X2,"2*A(+1) + 2*C(+3) + 3*Ch(-2) + 2*X(-1) = 0; |+|=8, |-|=8",1,No,not expanded,1920,0,0,,Ag2Bi2S3Cl2,11,11,
A5C1_Ch3_X2,A5 C Ch3 X2,"5*A(+1) + 1*C(+3) + 3*Ch(-2) + 2*X(-1) = 0; |+|=8, |-|=8",1,No,not expanded,1920,0,0,,Li5SbS3I2,11,11,
A6C1_Ch4_X1,A6 C Ch4 X,"6*A(+1) + 1*C(+3) + 4*Ch(-2) + 1*X(-1) = 0; |+|=9, |-|=9",1,No,not expanded,1920,0,0,,K6InTe4Cl,11,11,
B18C8_Ch21_X18,B18 C8 Ch21 X18,"18*B(+2) + 8*C(+3) + 21*Ch(-2) + 18*X(-1) = 0; |+|=60, |-|=60",1,No,not expanded,3360,0,0,,Ba18In8(S7F6)3,11,11,
B2B2_Ch1_X6,B2 B2 Ch X6,"2*B(+2) + 2*B(+2) + 1*Ch(-2) + 6*X(-1) = 0; |+|=8, |-|=8",1,No,not expanded,1092,0,0,,Ca2Ni2SF6,11,11,
B2_Ch1_X2,B2 Ch X2,"2*B(+2) + 1*Ch(-2) + 2*X(-1) = 0; |+|=4, |-|=4",1,No,not expanded,168,0,0,,Sn2SI2,11,11,
B3C1_Ch2_X5,B3 C Ch2 X5,"3*B(+2) + 1*C(+3) + 2*Ch(-2) + 5*X(-1) = 0; |+|=9, |-|=9",1,No,not expanded,3360,0,0,,Sn3SbSe2I5,11,11,
B6_Ch5_X2,B6 Ch5 X2,"6*B(+2) + 5*Ch(-2) + 2*X(-1) = 0; |+|=12, |-|=12",1,No,not expanded,168,0,0,,Zn6S5Cl2,11,11,
B7C2_Ch6_X8,B7 C2 Ch6 X8,"7*B(+2) + 2*C(+3) + 6*Ch(-2) + 8*X(-1) = 0; |+|=20, |-|=20",1,No,not expanded,3360,0,0,,Ba7In2(Se3F4)2,11,11,
B7_Ch2_X10,B7 Ch2 X10,"7*B(+2) + 2*Ch(-2) + 10*X(-1) = 0; |+|=14, |-|=14",1,No,not expanded,168,0,0,,Sn7(SBr5)2,11,11,
B9C4_Ch10_X10,B9 C4 Ch10 X10,"9*B(+2) + 4*C(+3) + 10*Ch(-2) + 10*X(-1) = 0; |+|=30, |-|=30",1,No,not expanded,3360,0,0,,Ba9In4(SF)10,11,11,
C11_Ch12_X9,C11 Ch12 X9,"11*C(+3) + 12*Ch(-2) + 9*X(-1) = 0; |+|=33, |-|=33",1,No,not expanded,240,0,0,,Bi11(Se4Cl3)3,11,11,
C1C1_Ch2_X2,C C Ch2 X2,"1*C(+3) + 1*C(+3) + 2*Ch(-2) + 2*X(-1) = 0; |+|=6, |-|=6",1,No,not expanded,2280,0,0,,LaSb(SBr)2,11,11,
C1C2_Ch1_X7,C C2 Ch X7,"1*C(+3) + 2*C(+3) + 1*Ch(-2) + 7*X(-1) = 0; |+|=9, |-|=9",1,No,not expanded,4560,0,0,,Ta2NbTeI7,11,0,
C2C3_Ch7_X1,C2 C3 Ch7 X,"2*C(+3) + 3*C(+3) + 7*Ch(-2) + 1*X(-1) = 0; |+|=15, |-|=15",1,No,not expanded,4560,0,0,,In2Bi3Se7I,11,11,
C2C5_Ch6_X9,C2 C5 Ch6 X9,"2*C(+3) + 5*C(+3) + 6*Ch(-2) + 9*X(-1) = 0; |+|=21, |-|=21",1,No,not expanded,4560,0,0,,Al2Sb5(Se2Br3)3,11,11,
C3C7_Ch8_X14,C3 C7 Ch8 X14,"3*C(+3) + 7*C(+3) + 8*Ch(-2) + 14*X(-1) = 0; |+|=30, |-|=30",1,No,not expanded,4560,0,0,,Ga3Sb7(S4Cl7)2,11,11,
C4_Ch5_X2,C4 Ch5 X2,"4*C(+3) + 5*Ch(-2) + 2*X(-1) = 0; |+|=12, |-|=12",1,No,not expanded,240,0,0,,Sb4S5Cl2,11,11,
C5_Ch6_X3,C5 Ch6 X3,"5*C(+3) + 6*Ch(-2) + 3*X(-1) = 0; |+|=15, |-|=15",1,No,not expanded,240,0,0,,Bi5(S2Cl)3,11,11,
C7C7_Ch8_X26,C7 C7 Ch8 X26,"7*C(+3) + 7*C(+3) + 8*Ch(-2) + 26*X(-1) = 0; |+|=42, |-|=42",1,No,not expanded,2280,0,0,,Ga7Sb7(Te4Cl13)2,11,11,
C7_Ch9_X3,C7 Ch9 X3,"7*C(+3) + 9*Ch(-2) + 3*X(-1) = 0; |+|=21, |-|=21",1,No,not expanded,240,0,0,,Bi7(S3Cl)3,11,11,
